"grid_cell","round","date","prev","N"
2,1,2015-06-08,0,1
2,2,2015-11-19,0,76
2,3,2016-01-27,0,76
2,4,2016-05-26,0,1
2,5,2017-05-18,0,6
3,1,2015-06-08,0,1
3,2,2015-11-19,0,67
3,3,2016-01-27,0,67
3,4,2016-05-26,0,2
3,5,2017-05-18,0,6
4,2,2015-11-19,0,17
4,3,2016-01-28,0,17
4,5,2017-05-24,1,1
5,2,2015-11-19,0,48
5,3,2016-01-27,0,48
5,4,2016-05-26,0,2
6,1,2015-06-08,0,2
6,2,2015-11-18,0.0108695652173913,207
6,3,2016-01-28,0.0555555555555556,207
6,4,2016-05-29,0,2
6,5,2017-05-18,0.0909090909090909,11
7,1,2015-06-08,0,4
7,2,2015-11-20,0.0491803278688525,162
7,3,2016-01-28,0,162
7,4,2016-05-26,0.2,5
7,5,2017-05-24,0,2
8,1,2015-06-08,0,5
8,2,2015-11-19,0.0405405405405405,178
8,3,2016-01-28,0,178
8,4,2016-05-26,0,7
8,5,2017-05-19,0,9
10,2,2015-11-19,0,6
12,2,2015-11-27,0,5
13,2,2015-11-19,0.027027027027027,67
13,3,2016-01-28,0,67
13,5,2017-05-18,0.25,4
14,1,2015-06-09,0,1
14,2,2015-11-20,0.125,16
15,2,2015-11-20,0,9
16,2,2015-11-19,0,23
16,5,2017-05-24,0,1
18,2,2015-11-19,0,33
19,2,2015-11-19,0,20
19,3,2016-01-27,0,20
19,4,2016-05-26,0,2
19,5,2017-05-19,0,3
20,2,2015-11-22,0.0588235294117647,24
20,5,2017-05-19,0,3
21,1,2015-06-08,0,1
21,2,2015-11-19,0.0638297872340425,100
21,3,2016-01-27,0,100
21,4,2016-05-26,0,3
21,5,2017-05-19,0.166666666666667,6
22,1,2015-06-08,0,2
22,2,2015-11-19,0,47
22,3,2016-01-28,0,47
22,4,2016-05-27,0,4
22,5,2017-05-24,0,5
23,1,2015-06-08,0,2
23,2,2015-11-19,0,34
23,3,2016-01-27,0,34
23,5,2017-05-19,0.4,5
24,2,2015-11-19,0,10
25,2,2015-11-27,0,5
27,2,2015-11-26,0,11
28,2,2015-11-19,0.166666666666667,25
28,5,2017-05-26,0,2
29,1,2015-06-08,0,1
29,2,2015-11-19,0.0285714285714286,74
29,3,2016-01-27,0,74
29,5,2017-05-18,0.25,4
30,2,2015-11-26,0,5
31,2,2015-11-19,0,20
31,5,2017-05-18,0,1
32,2,2015-11-19,0,85
32,3,2016-01-27,0.0833333333333333,85
32,4,2016-05-27,0,4
32,5,2017-05-18,0,3
33,2,2015-11-22,0.0625,30
33,3,2016-01-27,0,30
33,5,2017-05-18,0,3
34,4,2016-05-27,0,1
35,2,2015-11-26,0,5
36,2,2015-11-19,0.5,6
39,2,2015-11-26,0,64
39,3,2016-01-27,0,64
39,4,2016-05-27,0,3
39,5,2017-05-22,0,2
40,2,2015-11-19,0,1
40,3,2016-01-27,0,1
41,2,2015-11-19,0.05,107
41,3,2016-01-27,0,107
41,4,2016-05-27,0,3
41,5,2017-05-18,0,3
42,2,2015-11-19,0,25
43,2,2015-11-26,0,3
46,2,2015-11-26,0,9
47,4,2016-05-27,0,1
49,2,2015-11-18,0.166666666666667,7
50,2,2015-11-25,0,30
50,3,2016-01-27,0,30
50,4,2016-05-20,0,2
52,2,2015-11-26,0,19
54,2,2015-11-25,0.0769230769230769,26
54,4,2016-06-02,0,2
55,2,2015-11-18,0.0277777777777778,51
55,3,2016-01-28,0,51
55,4,2016-05-26,0,2
56,2,2015-11-18,0,5
56,4,2016-05-20,0,1
57,2,2015-11-25,0.333333333333333,20
57,4,2016-05-21,0,2
58,2,2015-11-19,0,36
58,3,2016-01-27,0,36
58,5,2017-05-18,0,1
59,2,2015-11-26,0.0434782608695652,42
59,3,2016-01-27,0,42
59,5,2017-05-18,0,6
60,2,2015-11-19,0,36
60,3,2016-01-27,0,36
60,5,2017-05-26,0,1
61,2,2015-11-19,0,11
61,3,2016-01-27,0,11
62,2,2015-11-19,0,24
62,4,2016-05-27,0,2
62,5,2017-05-18,0,4
63,2,2015-11-18,0,17
63,3,2016-01-28,0,17
64,2,2015-11-26,0,16
66,2,2015-11-18,0,13
67,2,2015-11-18,0.111111111111111,46
67,3,2016-01-27,0,46
67,4,2016-05-27,0,1
67,5,2017-05-18,0,6
70,2,2015-11-25,0,1
71,3,2016-01-28,0,7
73,1,2015-06-09,0,2
73,2,2015-11-18,0,45
73,3,2016-01-28,0,45
73,4,2016-05-27,0,1
73,5,2017-05-18,0,2
74,2,2015-11-22,0,28
74,3,2016-01-27,0,28
74,4,2016-05-27,0,2
75,2,2015-11-26,0,29
75,4,2016-05-31,0,1
76,2,2015-11-18,0,5
76,3,2016-01-27,0,5
80,2,2015-11-18,0.0833333333333333,18
81,2,2015-11-18,0,21
81,3,2016-01-28,0,21
81,4,2016-05-27,0,1
81,5,2017-05-18,0,2
82,1,2015-06-10,0,1
82,2,2015-11-26,0,10
82,3,2016-01-27,0,10
82,4,2016-05-31,0,1
83,1,2015-06-08,0.333333333333333,3
83,2,2015-11-18,0.0793650793650794,91
83,3,2016-01-27,0,91
83,4,2016-05-27,0,4
83,5,2017-05-18,0,5
84,1,2015-06-09,0,2
84,2,2015-11-18,0,15
84,3,2016-01-27,0,15
84,4,2016-05-27,0,2
84,5,2017-05-18,0,2
86,2,2015-11-18,0.285714285714286,7
87,2,2015-11-18,0,24
87,3,2016-01-28,0,24
88,2,2015-11-18,0,1
90,2,2015-11-19,0,27
92,2,2015-11-18,0,14
92,3,2016-01-27,0,14
93,2,2015-11-18,0,8
93,5,2017-05-18,0,2
94,2,2015-11-18,0,13
95,2,2015-11-25,0,4
96,2,2015-11-26,0,3
97,2,2015-11-18,0.0645161290322581,78
97,3,2016-01-27,0,78
97,5,2017-05-24,0,2
99,2,2015-11-18,0,31
100,2,2015-11-25,0,7
100,3,2016-01-28,0,7
101,2,2015-11-26,0,4
102,2,2015-11-18,0,19
103,2,2015-11-26,0,5
104,3,2016-01-27,0,50
104,4,2016-05-31,0,5
104,5,2017-05-18,0,2
105,2,2015-11-18,0,2
106,2,2015-11-18,0,2
107,1,2015-06-12,0,1
107,2,2015-11-18,0,44
107,3,2016-01-27,0,44
107,5,2017-05-19,0,1
108,2,2015-11-18,0,10
109,2,2015-11-18,0,12
109,3,2016-01-27,0,12
109,4,2016-05-21,0,1
109,5,2017-05-19,0,1
110,2,2015-11-26,0,3
111,5,2017-05-19,0.5,2
113,2,2015-11-26,0,7
114,3,2016-01-27,0,11
115,2,2015-11-18,0,12
115,3,2016-01-27,0,12
115,5,2017-05-06,0,2
118,2,2015-11-18,0,1
119,2,2015-11-18,0,31
119,5,2017-05-18,0,1
120,2,2015-11-18,0.111111111111111,20
120,3,2016-01-27,0,20
121,1,2015-06-05,0.5,2
121,2,2015-11-18,0.1,12
121,3,2016-01-28,0,12
122,2,2015-11-22,0,4
123,2,2015-11-20,0.0285714285714286,70
123,3,2016-01-27,0,70
123,4,2016-05-21,0,1
123,5,2017-05-06,0,6
124,2,2015-11-20,0.0333333333333333,59
124,3,2016-01-27,0,59
124,4,2016-05-21,0,1
125,2,2015-11-20,0.0434782608695652,31
125,3,2016-01-29,0,31
126,2,2015-11-18,0,73
126,3,2016-01-27,0,73
126,5,2017-05-18,0,3
127,1,2015-06-09,0,2
127,2,2015-11-18,0,93
127,3,2016-01-27,0,93
127,4,2016-05-27,0,7
127,5,2017-05-18,0.166666666666667,6
128,1,2015-06-09,0,1
128,2,2015-11-18,0,16
128,4,2016-05-27,0,1
128,5,2017-05-18,0,1
131,1,2015-06-05,0,1
132,3,2016-01-27,0,5
134,2,2015-11-27,0,17
134,3,2016-01-27,0,17
136,2,2015-11-27,0,21
136,3,2016-01-29,0,21
136,5,2017-05-06,0,1
137,2,2015-11-27,0,55
137,3,2016-01-29,0,55
137,4,2016-05-20,0,4
137,5,2017-05-06,0.285714285714286,7
138,2,2015-11-20,0,25
139,2,2015-11-18,0,17
139,4,2016-05-30,0,1
140,1,2015-06-09,0,1
140,2,2015-11-18,0,63
140,3,2016-01-27,0,63
140,4,2016-05-30,0,1
140,5,2017-05-24,1,2
142,2,2015-11-18,0,35
142,3,2016-01-27,0,35
142,5,2017-05-16,0,2
143,2,2015-11-18,0,11
143,3,2016-01-27,0,11
144,2,2015-11-25,0,3
145,2,2015-11-18,0,12
146,1,2015-06-05,0,1
146,2,2015-11-18,0.1,16
146,3,2016-01-29,0,16
146,4,2016-05-20,0,1
146,5,2017-05-23,0,1
147,2,2015-11-27,0,18
147,3,2016-01-29,0,18
147,4,2016-05-20,0,3
148,2,2015-11-27,0,10
149,2,2015-11-27,0,7
149,3,2016-01-29,0,7
150,2,2015-11-20,0,4
151,2,2015-11-20,0,4
152,1,2015-06-08,0,1
152,2,2015-11-18,0,81
152,3,2016-01-29,0,81
152,4,2016-05-27,0,4
152,5,2017-05-24,0.25,4
153,2,2015-11-18,0,2
154,2,2015-11-19,0,10
156,2,2015-11-25,0,1
157,2,2015-11-25,0,21
158,2,2015-11-25,0,22
158,3,2016-01-27,0,22
160,1,2015-06-05,0,1
160,2,2015-11-18,0.153846153846154,15
160,5,2017-05-16,0,1
161,2,2015-11-18,0,8
161,3,2016-01-27,0,8
161,5,2017-05-16,0,2
162,2,2015-11-18,0,6
163,2,2015-11-18,0,45
163,3,2016-01-27,0,45
163,4,2016-05-21,0,1
163,5,2017-05-26,0,2
164,1,2015-06-05,0,1
164,2,2015-11-18,0,41
164,3,2016-01-28,0,41
164,4,2016-05-21,0,1
165,1,2015-06-05,0,1
165,2,2015-11-21,0.0769230769230769,28
165,3,2016-01-27,0,28
165,5,2017-05-23,1,1
166,1,2015-06-05,0,2
166,2,2015-11-25,0.142857142857143,50
166,3,2016-01-27,0,50
166,4,2016-05-20,0,1
166,5,2017-05-23,0,1
167,2,2015-11-18,0.5,14
167,3,2016-01-27,0,14
168,2,2015-11-18,0.111111111111111,11
168,3,2016-01-27,0,11
169,2,2015-11-27,0,4
171,2,2015-11-19,0.125,18
172,2,2015-11-19,0,40
173,2,2015-11-19,0,60
173,3,2016-01-28,0,60
173,4,2016-05-31,0,1
174,4,2016-05-31,0,1
175,2,2015-11-25,0,11
175,3,2016-01-28,0,11
176,2,2015-11-25,0,3
178,1,2015-06-05,0,1
178,2,2015-11-18,0,23
178,3,2016-01-27,0,23
178,4,2016-05-21,0,1
178,5,2017-05-23,0,1
179,2,2015-11-18,0,17
179,4,2016-05-21,0,1
179,5,2017-05-23,0,1
180,2,2015-11-25,0.0909090909090909,42
180,4,2016-05-21,0,1
182,2,2015-11-18,0,5
182,3,2016-01-27,0,5
183,2,2015-11-19,0,9
186,2,2015-11-18,0.0833333333333333,25
186,3,2016-01-27,0,25
186,5,2017-05-27,0,1
187,2,2015-11-20,0,15
188,2,2015-11-18,0,31
188,4,2016-05-27,0,1
188,5,2017-05-21,0,2
189,2,2015-11-19,0,39
189,4,2016-05-31,0,1
191,2,2015-11-18,0,9
193,2,2015-11-19,0,1
194,2,2015-11-18,0,13
196,1,2015-06-04,0,2
196,2,2015-11-18,0,77
196,3,2016-01-27,0,77
196,4,2016-05-20,0,3
196,5,2017-05-23,0,5
197,1,2015-06-04,0,1
197,2,2015-11-18,0,60
197,3,2016-01-27,0,60
197,4,2016-05-20,0,1
197,5,2017-05-06,0,2
198,2,2015-11-18,0,8
199,2,2015-11-19,0,16
199,3,2016-01-28,0,16
201,2,2015-11-18,0,37
201,3,2016-01-27,0,37
201,4,2016-05-23,0,1
201,5,2017-05-16,0,2
202,2,2015-11-19,0,26
202,3,2016-01-28,0,26
202,5,2017-05-16,0,1
203,5,2017-05-16,0,1
204,2,2015-11-18,0,1
205,1,2015-06-06,0,1
205,2,2015-11-19,0,10
205,3,2016-01-27,0,10
207,2,2015-11-25,0.285714285714286,19
208,1,2015-06-05,0,2
208,2,2015-11-18,0,84
208,4,2016-05-20,0,6
209,1,2015-06-04,0,4
209,2,2015-11-18,0.0114942528735632,186
209,3,2016-01-27,0,186
209,4,2016-05-20,0,5
209,5,2017-05-23,0,9
210,2,2015-11-18,0,9
210,3,2016-01-27,0,9
211,2,2015-11-18,0,14
211,5,2017-05-21,0,2
212,2,2015-11-25,0,1
213,2,2015-11-25,0,6
214,2,2015-11-25,0,6
215,2,2015-11-25,0,2
216,2,2015-11-25,0,2
217,1,2015-06-05,0,1
217,2,2015-11-18,0,13
217,3,2016-01-27,0,13
217,5,2017-05-16,1,1
220,2,2015-11-26,0,25
222,2,2015-11-19,0,25
222,3,2016-01-27,0,25
223,1,2015-06-04,0,2
223,2,2015-11-25,0,56
223,3,2016-01-27,0,56
223,4,2016-05-20,0,4
223,5,2017-05-06,0,8
224,1,2015-06-04,0,7
224,2,2015-11-19,0.0923076923076923,144
224,3,2016-01-27,0,144
224,4,2016-05-20,0,2
224,5,2017-05-06,0,11
225,2,2015-11-18,0,21
226,2,2015-11-19,0,6
227,1,2015-06-08,0,1
227,2,2015-11-19,0.142857142857143,40
227,5,2017-05-31,0,1
230,2,2015-11-18,0,10
230,4,2016-05-20,0,1
230,5,2017-05-12,0,1
231,2,2015-11-18,0,3
231,3,2016-01-28,0,3
233,3,2016-01-28,0,12
234,3,2016-01-28,0,14
235,2,2015-11-19,0,22
236,1,2015-06-05,0,1
236,5,2017-05-23,0,2
237,1,2015-06-05,0.5,2
237,2,2015-11-25,0,31
237,3,2016-01-27,0,31
237,4,2016-05-21,0,1
237,5,2017-05-23,0,1
238,1,2015-06-04,0.5,2
238,2,2015-11-25,0,17
238,5,2017-05-23,0,1
239,2,2015-11-19,0.25,4
240,2,2015-11-19,0,4
241,2,2015-11-19,0.2,6
242,2,2015-11-19,0,24
242,5,2017-05-17,0,2
243,2,2015-11-18,0,17
243,4,2016-05-27,0,2
244,2,2015-11-18,0,23
244,3,2016-01-27,0,23
244,4,2016-05-27,0,3
244,5,2017-05-17,1,2
245,1,2015-06-08,0,1
245,2,2015-11-18,0,25
245,5,2017-05-17,0,1
246,2,2015-11-18,0,7
248,2,2015-11-18,0,8
248,4,2016-05-23,0,1
250,3,2016-01-27,0,1
251,2,2015-11-18,0,13
252,3,2016-01-28,0,14
252,4,2016-05-21,0,1
253,2,2015-11-18,0.272727272727273,25
253,4,2016-05-21,0,1
254,2,2015-11-20,0,24
254,3,2016-01-27,0,24
254,4,2016-05-12,0,1
255,2,2015-11-19,0,17
255,3,2016-01-28,0,17
257,2,2015-11-18,0,73
257,3,2016-01-27,0,73
257,5,2017-05-17,0.5,2
258,2,2015-11-18,0,11
259,2,2015-11-20,0,18
259,4,2016-06-02,0,2
259,5,2017-05-17,0,1
260,2,2015-11-26,0,6
261,2,2015-11-20,0.111111111111111,19
262,3,2016-02-02,0,24
262,5,2017-05-12,0,1
263,1,2015-06-04,0,1
263,2,2015-11-19,0,11
263,5,2017-05-25,0,1
264,2,2015-11-20,0,13
264,3,2016-02-02,0,13
265,2,2015-11-25,0,6
266,2,2015-11-25,0,3
267,2,2015-11-25,0.133333333333333,32
267,5,2017-05-12,0,1
268,2,2015-11-19,0.333333333333333,13
269,1,2015-06-06,0,1
270,2,2015-11-20,0,17
271,2,2015-11-20,0,4
271,3,2016-01-28,0,4
272,2,2015-11-19,0.166666666666667,7
272,3,2016-01-28,0,7
273,2,2015-11-27,0,5
274,2,2015-11-19,0,22
276,2,2015-11-19,0,1
277,2,2015-11-25,0,9
279,2,2015-11-25,0,1
279,3,2016-01-27,0,1
280,2,2015-11-19,0,4
282,2,2015-11-19,0,8
283,1,2015-06-06,0,1
283,2,2015-11-19,0,22
283,3,2016-01-28,0,22
283,4,2016-05-12,0,1
284,2,2015-11-18,0,20
285,1,2015-06-06,0,1
285,2,2015-11-19,0.111111111111111,28
285,5,2017-05-17,0,1
287,1,2015-06-05,0,1
287,2,2015-11-19,0,32
289,2,2015-11-19,0,22
289,3,2016-01-27,0,22
289,5,2017-05-19,0,1
291,1,2015-06-04,0,1
291,2,2015-11-18,0,34
291,3,2016-01-28,0,34
291,4,2016-05-19,0,3
291,5,2017-05-18,0,2
292,1,2015-06-04,0,1
292,2,2015-11-19,0.0434782608695652,52
292,3,2016-01-30,0,52
292,4,2016-05-19,0,1
292,5,2017-05-12,0,6
294,2,2015-11-19,0,9
294,5,2017-05-12,0,1
295,2,2015-11-25,0,11
295,3,2016-01-27,0,11
295,5,2017-05-12,0,1
297,2,2015-11-20,0.166666666666667,12
298,2,2015-11-18,0,1
299,1,2015-06-06,0,1
299,2,2015-11-19,0,29
299,3,2016-01-28,0,29
299,4,2016-05-21,0.5,2
299,5,2017-05-17,0,1
300,1,2015-06-05,0,1
302,2,2015-11-27,0,2
303,2,2015-11-18,0,73
303,3,2016-01-28,0,73
303,5,2017-05-19,0,1
304,2,2015-11-19,0,77
304,3,2016-01-27,0,77
304,5,2017-05-25,0,3
305,2,2015-11-19,0,5
305,4,2016-05-30,0,1
306,1,2015-06-09,0,1
306,2,2015-11-19,0,58
306,3,2016-01-27,0,58
306,4,2016-05-30,0,4
306,5,2017-05-19,0.111111111111111,9
307,2,2015-11-19,0,6
308,2,2015-11-18,0,8
308,3,2016-01-27,0,8
308,5,2017-05-11,0,1
309,2,2015-11-18,0,59
309,3,2016-01-28,0,59
309,5,2017-05-11,0,1
310,2,2015-11-18,0,2
311,2,2015-11-18,0,5
311,3,2016-01-27,0,5
312,1,2015-06-04,0,1
312,2,2015-11-18,0.0294117647058824,54
312,3,2016-01-27,0,54
312,5,2017-05-29,0,1
313,2,2015-11-19,0,11
314,2,2015-11-18,0,29
314,4,2016-05-23,0,1
317,1,2015-05-21,0,1
317,2,2015-11-19,0,13
317,3,2016-01-27,0,13
318,1,2015-06-04,0,1
318,2,2015-11-18,0,7
318,4,2016-06-03,0,1
319,2,2015-11-18,0,60
319,5,2017-05-27,0,5
320,1,2015-06-04,0,1
320,2,2015-11-18,0,23
320,3,2016-02-02,0,23
320,4,2016-05-20,0,1
320,5,2017-05-27,0,3
321,2,2015-11-18,0,19
322,1,2015-06-05,0,1
322,2,2015-11-18,0,48
322,3,2016-01-27,0,48
322,4,2016-05-20,0,1
322,5,2017-05-26,0,1
323,1,2015-06-05,0,1
323,2,2015-11-18,0,23
323,4,2016-05-20,0,1
324,2,2015-11-25,0,12
326,2,2015-11-18,0,6
327,2,2015-11-19,0,23
327,3,2016-01-27,1,23
328,2,2015-11-19,0,4
330,2,2015-11-19,0.210526315789474,24
330,3,2016-02-04,0,24
331,2,2015-11-20,0.0833333333333333,28
331,3,2016-01-28,0,28
332,1,2015-06-11,0,1
332,2,2015-11-18,0,37
332,3,2016-01-27,0,37
332,4,2016-05-19,0,2
332,5,2017-05-11,0,3
333,1,2015-06-04,0,1
333,2,2015-11-18,0,36
333,3,2016-01-27,0,36
334,2,2015-11-25,0,7
335,1,2015-06-05,0,1
335,2,2015-11-19,0,37
335,4,2016-05-23,0,1
335,5,2017-05-12,0,3
336,1,2015-06-05,0.333333333333333,3
336,2,2015-11-18,0,65
336,3,2016-01-27,0.25,65
336,4,2016-05-23,0,2
336,5,2017-05-12,0,3
337,2,2015-11-25,0,13
337,4,2016-05-23,0,1
338,2,2015-11-19,0,16
339,2,2015-11-19,0,11
340,2,2015-11-18,0,16
340,5,2017-05-26,0,1
341,1,2015-06-05,0,1
341,2,2015-11-18,0,16
341,3,2016-01-27,0,16
341,5,2017-05-16,0,2
342,2,2015-11-18,0,34
343,2,2015-11-18,0,7
344,2,2015-11-18,0,14
344,3,2016-01-27,0,14
345,2,2015-11-20,0,2
345,3,2016-01-27,0,2
348,2,2015-11-18,0,19
348,5,2017-05-15,0,1
349,1,2015-06-09,0,2
349,2,2015-11-18,0.0188679245283019,107
349,3,2016-01-27,0,107
349,4,2016-05-24,0,2
349,5,2017-05-19,0,2
350,1,2015-06-09,0,6
350,2,2015-11-18,0.0232558139534884,189
350,3,2016-01-28,0,189
350,4,2016-05-24,0,6
350,5,2017-05-15,0,7
351,1,2015-06-10,0,1
351,2,2015-11-18,0,36
351,5,2017-05-15,0,3
352,2,2015-11-19,0,15
352,5,2017-05-19,0,4
353,2,2015-11-20,0,9
354,1,2015-06-09,0,1
354,2,2015-11-19,0,11
354,4,2016-05-30,0,1
354,5,2017-05-19,0,1
355,2,2015-11-19,0.117647058823529,23
356,2,2015-11-26,0,14
360,1,2015-06-10,0,1
360,2,2015-11-18,0,9
361,1,2015-06-06,0,1
361,2,2015-11-25,0,30
362,2,2015-11-19,0,7
363,2,2015-11-19,0.125,18
364,2,2015-11-18,0.333333333333333,7
365,3,2016-02-02,0,3
366,2,2015-11-18,0.0833333333333333,27
366,3,2016-01-27,0,27
366,4,2016-05-20,0,1
366,5,2017-05-21,0,2
368,2,2015-11-18,0.0625,27
368,4,2016-05-25,0,2
369,2,2015-11-18,0,15
369,4,2016-05-25,0,1
371,1,2015-06-09,0,2
371,2,2015-11-18,0.0263157894736842,70
371,3,2016-01-27,0,70
371,4,2016-05-25,0,3
372,1,2015-06-08,0,1
372,2,2015-11-18,0,31
372,3,2016-01-27,0,31
372,5,2017-05-15,0,1
375,2,2015-11-19,0,4
378,2,2015-11-25,0,1
381,2,2015-11-18,0,39
381,3,2016-01-27,0,39
381,4,2016-06-02,0,1
382,2,2015-11-25,0.1,17
383,2,2015-11-19,0,20
383,3,2016-01-28,0,20
383,4,2016-05-20,0,1
383,5,2017-05-22,0,2
384,1,2015-06-05,0,1
384,2,2015-11-19,0,25
384,3,2016-02-04,0,25
385,2,2015-11-19,0,37
385,3,2016-02-04,0,37
385,4,2016-05-20,0,1
385,5,2017-05-17,0,5
387,2,2015-11-18,0,5
387,3,2016-01-27,0,5
389,2,2015-11-19,0,6
390,2,2015-11-19,0.25,9
392,2,2015-11-19,0,96
392,3,2016-01-27,0,96
392,4,2016-06-02,0,1
392,5,2017-05-18,0,4
393,2,2015-11-19,0,27
393,3,2016-01-27,0,27
393,5,2017-05-11,0,1
395,2,2015-11-19,0,35
395,3,2016-01-27,0,35
395,4,2016-05-23,0,1
395,5,2017-05-11,0,4
398,2,2015-11-18,0,16
398,3,2016-01-28,0,16
398,4,2016-05-19,0,2
399,2,2015-11-18,0.0714285714285714,33
399,3,2016-01-28,0,33
400,1,2015-06-04,0,1
400,2,2015-11-12,0.04,50
400,5,2017-05-12,0.333333333333333,3
401,2,2015-11-25,0,13
401,4,2016-06-03,0,1
402,1,2015-06-05,1,1
402,2,2015-11-19,0,17
402,3,2016-01-28,0,17
403,1,2015-06-05,0,1
403,2,2015-11-19,0.111111111111111,27
403,3,2016-01-28,0,27
403,4,2016-05-20,0,2
404,1,2015-06-10,0,1
404,2,2015-11-11,0,31
404,3,2016-02-04,0,31
405,2,2015-11-18,0,2
408,2,2015-11-19,0,13
408,5,2017-05-24,0,1
410,2,2015-11-19,0,52
410,4,2016-05-31,0,2
412,1,2015-06-04,0.5,2
412,2,2015-11-19,0.0952380952380952,34
412,3,2016-02-04,0.2,34
413,2,2015-11-19,0,35
413,5,2017-05-11,0,1
414,2,2015-11-19,0.15,55
414,3,2016-01-27,0,55
414,4,2016-05-23,0,1
415,1,2015-06-04,0,1
415,2,2015-11-18,0,7
415,3,2016-01-27,0,7
416,1,2015-06-04,0,1
416,2,2015-11-19,0.0769230769230769,34
417,2,2015-11-18,0,25
417,3,2016-01-30,0,25
418,2,2015-11-19,0.5,16
418,3,2016-02-02,0,16
418,4,2016-05-25,0,2
418,5,2017-05-11,0,2
419,2,2015-11-12,0,24
421,2,2015-11-19,0.0625,41
421,3,2016-01-28,0,41
421,5,2017-05-12,0,6
425,2,2015-11-24,0,15
426,2,2015-11-24,0,8
428,1,2015-06-08,0,1
428,2,2015-11-18,0,13
428,3,2016-01-28,0,13
429,1,2015-06-08,0,3
429,2,2015-11-18,0,68
429,3,2016-01-28,0,68
429,4,2016-05-25,0,1
429,5,2017-05-24,0,1
430,1,2015-06-11,0,1
430,2,2015-11-18,0,48
430,3,2016-01-27,0,48
431,2,2015-11-20,0.0769230769230769,29
432,2,2015-11-19,0.0833333333333333,29
432,3,2016-02-04,0,29
433,2,2015-11-19,0,8
434,2,2015-11-19,0.0833333333333333,40
434,3,2016-01-27,0,40
434,5,2017-05-11,0,4
435,2,2015-11-19,0,39
435,3,2016-01-27,0,39
435,5,2017-05-11,0,1
436,1,2015-06-04,0.166666666666667,6
436,2,2015-11-18,0.0731707317073171,146
436,3,2016-01-27,0,146
436,4,2016-05-21,0,2
436,5,2017-05-10,0,5
437,2,2015-11-18,0.162790697674419,79
437,3,2016-01-27,0,79
437,4,2016-05-21,0,2
438,1,2015-06-07,0,2
438,2,2015-11-18,0,108
438,3,2016-01-28,0,108
438,4,2016-05-27,0,2
438,5,2017-05-10,0,9
439,1,2015-06-11,1,1
439,2,2015-11-19,0.12962962962963,131
439,3,2016-01-28,0,131
439,4,2016-05-19,0,2
439,5,2017-05-10,0,15
440,2,2015-11-19,0.1875,58
440,3,2016-01-28,0,58
440,4,2016-05-19,0,4
440,5,2017-05-11,0.5,4
442,2,2015-11-12,0,12
443,3,2016-01-28,0,15
443,4,2016-05-23,0,1
444,1,2015-06-07,0,2
444,2,2015-11-15,0.0869565217391304,42
444,3,2016-01-28,0,42
444,4,2016-05-21,0,2
445,1,2015-06-04,0,3
445,2,2015-11-19,0,58
445,3,2016-01-28,0,58
445,4,2016-05-21,0,1
445,5,2017-05-22,0,1
446,3,2016-01-28,0,15
446,5,2017-05-22,0,1
447,2,2015-11-26,0,15
447,3,2016-02-04,0,15
447,5,2017-05-26,0,3
449,1,2015-05-23,0,1
449,2,2015-11-12,0,26
449,3,2016-01-21,0,26
452,2,2015-11-18,0.333333333333333,17
452,3,2016-02-04,0,17
453,2,2015-11-18,0,13
455,2,2015-11-22,0,17
456,2,2015-11-25,0.153846153846154,17
458,1,2015-06-05,0,1
458,2,2015-11-19,0.0869565217391304,75
458,3,2016-01-27,0,75
458,4,2016-05-23,0,1
458,5,2017-05-10,0,3
459,1,2015-06-05,0,1
459,2,2015-11-19,0.12,72
459,3,2016-01-27,0.0416666666666667,72
459,5,2017-05-10,0,3
460,2,2015-11-19,0.0714285714285714,43
460,3,2016-01-27,0.0833333333333333,43
460,5,2017-05-10,0,2
462,2,2015-11-18,0.1875,29
462,3,2016-01-28,0,29
463,2,2015-11-09,0,11
464,2,2015-11-11,0.0285714285714286,96
464,3,2016-01-20,0,96
465,2,2015-11-11,0,5
466,2,2015-11-11,0,27
466,3,2016-01-23,0,27
467,2,2015-11-12,0.0588235294117647,62
467,3,2016-01-20,0,62
467,4,2016-05-14,0,1
467,5,2017-05-12,0,3
468,2,2015-11-20,0.0434782608695652,48
468,3,2016-01-20,0,48
468,4,2016-05-14,1,1
468,5,2017-05-05,0,2
469,2,2015-11-19,0,60
469,3,2016-02-04,0,60
469,4,2016-05-14,0,1
469,5,2017-05-26,0,1
470,2,2015-11-26,0,94
470,3,2016-02-04,0,94
470,5,2017-05-26,0,8
471,2,2015-11-12,0,67
471,3,2016-01-21,0,67
471,4,2016-05-18,0,1
471,5,2017-05-12,0,2
472,2,2015-11-24,0,9
472,3,2016-01-21,0,9
473,2,2015-11-24,0,4
474,2,2015-11-12,0,3
475,2,2015-11-12,0,3
476,2,2015-11-18,0.0625,46
476,3,2016-01-27,0,46
476,4,2016-05-24,0,2
476,5,2017-05-15,0,1
477,2,2015-11-26,0,81
477,3,2016-01-27,0,81
477,4,2016-05-25,0,1
477,5,2017-05-19,0.25,4
478,2,2015-11-18,0,13
478,4,2016-05-24,0,1
479,2,2015-11-20,0,12
480,1,2015-05-27,0,1
480,2,2015-11-20,0,19
481,2,2015-11-20,0,3
481,3,2016-01-21,0,3
483,1,2015-05-27,0,1
483,2,2015-11-12,0.0909090909090909,84
483,4,2016-05-16,0,1
484,2,2015-11-12,0,16
484,3,2016-01-21,0,16
485,2,2015-11-11,0.1,20
485,3,2016-01-20,0,20
486,1,2015-05-27,0.666666666666667,3
486,2,2015-11-11,0,198
486,3,2016-01-20,0,198
486,4,2016-05-14,0,1
487,1,2015-05-27,1,1
487,2,2015-11-11,0,39
487,3,2016-01-20,0.333333333333333,39
488,1,2015-05-21,0.5,2
488,2,2015-11-11,0.0238095238095238,88
488,3,2016-01-23,0,88
488,4,2016-05-14,0,2
488,5,2017-05-05,0,3
489,2,2015-11-19,0,5
491,1,2015-05-25,0,1
491,2,2015-11-12,0.1,39
491,3,2016-01-23,0,39
491,4,2016-05-18,0,2
491,5,2017-04-26,0,2
492,2,2015-11-12,0,69
493,2,2015-11-12,0,19
493,3,2016-01-21,0,19
494,2,2015-11-24,0,16
495,2,2015-11-12,0,7
495,3,2016-01-21,0,7
496,2,2015-11-12,0,74
496,3,2016-01-21,0,74
497,1,2015-05-23,0,1
497,2,2015-11-12,0,28
498,2,2015-11-18,0,11
498,5,2017-05-23,0,2
499,2,2015-11-18,0,28
500,2,2015-11-26,0,10
500,4,2016-05-25,0,1
501,2,2015-11-26,0,18
501,3,2016-01-28,0,18
502,3,2016-02-04,0,19
503,2,2015-11-18,0,21
503,3,2016-01-27,0,21
503,4,2016-05-24,0,1
504,1,2015-05-27,0,2
504,2,2015-11-24,0.0357142857142857,129
504,3,2016-01-21,0,129
504,4,2016-05-16,0,1
505,3,2016-01-30,0,49
506,1,2015-05-27,0,1
507,2,2015-11-20,0,17
508,2,2015-11-12,0.0555555555555556,34
509,2,2015-11-12,0,9
510,2,2015-11-12,0,1
511,2,2015-11-11,0,6
512,1,2015-05-26,1,1
512,2,2015-11-11,0.0350877192982456,112
512,3,2016-01-22,0,112
512,5,2017-05-04,0,7
513,1,2015-05-23,0,2
513,2,2015-11-11,0.0161290322580645,176
513,3,2016-01-20,0,176
513,5,2017-05-05,0,12
514,2,2015-11-24,0,17
515,2,2015-11-20,0,55
515,5,2017-05-18,0.25,4
517,1,2015-05-25,0,2
517,2,2015-11-24,0,53
517,4,2016-05-18,0,3
517,5,2017-04-26,0,2
518,2,2015-11-12,0,48
518,3,2016-01-23,0,48
518,4,2016-05-18,0,1
518,5,2017-05-13,0,4
519,2,2015-11-20,0.1,16
520,2,2015-11-20,0,25
520,3,2016-01-21,0,25
520,4,2016-05-28,0,1
520,5,2017-05-18,0,1
521,1,2015-05-23,0,1
521,2,2015-11-12,0,69
521,3,2016-01-21,0,69
521,4,2016-05-30,0,2
521,5,2017-05-18,0,4
522,2,2015-11-12,0,49
522,3,2016-01-21,0,49
522,5,2017-05-18,0,3
524,2,2015-11-20,0.166666666666667,10
524,3,2016-01-21,0,10
525,1,2015-06-08,0,1
525,2,2015-11-18,0,27
525,3,2016-01-27,0,27
525,4,2016-05-25,0,1
525,5,2017-05-15,0,1
526,2,2015-11-18,0,41
526,3,2016-01-27,0,41
526,5,2017-05-19,0,2
527,2,2015-11-18,0,7
527,4,2016-05-25,0,1
527,5,2017-05-15,0,3
529,2,2015-11-26,0.222222222222222,18
530,2,2015-11-26,0.272727272727273,21
531,2,2015-11-20,0.0769230769230769,51
531,3,2016-01-27,0,51
531,4,2016-05-24,0,2
531,5,2017-05-23,0,2
532,2,2015-11-26,0,3
535,2,2015-11-20,0.1,12
536,2,2015-11-12,0,11
537,2,2015-11-12,0.125,12
538,2,2015-11-12,0.146341463414634,79
538,3,2016-01-21,0,79
538,4,2016-05-16,0,1
538,5,2017-05-11,0.5,6
539,2,2015-11-11,0.130434782608696,44
539,3,2016-01-22,0,44
539,5,2017-05-05,0,1
540,1,2015-05-26,0,2
540,2,2015-11-11,0.0235294117647059,224
540,3,2016-01-20,0,224
540,4,2016-05-13,0,10
540,5,2017-05-05,0.0588235294117647,17
541,2,2015-11-11,0,31
542,2,2015-11-24,0.0357142857142857,89
542,3,2016-01-21,0,89
544,2,2015-11-24,0,30
545,1,2015-06-12,0,1
545,2,2015-11-14,0,31
545,3,2016-01-23,0.2,31
545,4,2016-05-16,0,1
546,2,2015-11-20,0,25
546,3,2016-01-23,0,25
546,5,2017-05-29,0,1
547,2,2015-11-12,0,23
549,2,2015-11-20,0,66
549,3,2016-01-29,0,66
549,4,2016-05-17,0,1
549,5,2017-04-26,0,2
550,1,2015-05-23,0,1
550,2,2015-11-12,0,52
550,3,2016-01-21,0,52
550,4,2016-05-16,0,1
551,1,2015-06-12,0,1
551,2,2015-11-12,0,259
551,3,2016-01-29,0,259
551,4,2016-05-16,0,6
551,5,2017-04-26,0.0714285714285714,14
552,1,2015-05-23,0,2
552,2,2015-11-12,0.0161290322580645,129
552,3,2016-01-31,0,129
552,4,2016-05-16,0,7
552,5,2017-04-27,0.181818181818182,11
553,2,2015-11-12,0,34
553,3,2016-02-02,0,34
553,5,2017-05-13,0.5,2
554,2,2015-11-24,0,24
554,4,2016-06-01,0,1
555,2,2015-11-24,0,8
555,3,2016-01-21,0,8
556,2,2015-11-20,0,18
556,3,2016-01-23,0,18
557,1,2015-06-12,0,1
557,2,2015-11-20,0,115
557,3,2016-01-21,0,115
557,4,2016-05-28,0,9
557,5,2017-05-18,0.25,4
559,2,2015-11-12,0,9
559,3,2016-01-23,0,9
560,1,2015-06-08,0,1
560,2,2015-11-18,0,11
560,4,2016-05-25,0,1
563,2,2015-11-26,1,1
565,2,2015-11-20,0.04,44
565,3,2016-02-04,0,44
565,4,2016-05-25,0,1
565,5,2017-05-25,0,1
567,2,2015-11-12,0.181818181818182,64
567,3,2016-01-22,0,64
568,2,2015-11-12,0.0833333333333333,51
568,3,2016-01-22,0,51
570,2,2015-11-12,0.0384615384615385,65
570,3,2016-01-21,0,65
570,5,2017-05-12,0,3
571,1,2015-05-21,0,4
571,2,2015-11-12,0.194805194805195,184
571,3,2016-01-21,0.0416666666666667,184
571,4,2016-05-14,0,4
571,5,2017-05-11,0,14
572,1,2015-05-21,0.5,2
572,2,2015-11-12,0.109375,124
572,3,2016-01-21,0,124
572,4,2016-05-14,0,4
572,5,2017-05-11,0,7
573,2,2015-11-20,0.121212121212121,72
573,4,2016-05-14,0,1
574,2,2015-11-20,0,44
574,3,2016-01-22,0,44
576,2,2015-11-24,0,23
577,1,2015-05-21,0,3
577,2,2015-11-20,0,93
577,3,2016-01-20,0,93
577,5,2017-05-04,0,4
578,1,2015-05-22,0,1
578,2,2015-11-11,0,65
578,3,2016-02-02,0,65
578,5,2017-05-27,0,1
579,3,2016-01-20,0,30
580,2,2015-11-11,0,13
580,3,2016-01-20,0,13
581,2,2015-11-20,0,9
582,2,2015-11-14,0,1
584,2,2015-11-13,0,14
586,2,2015-11-13,0,23
586,5,2017-05-15,0,1
587,1,2015-06-12,0,2
587,2,2015-11-14,0,59
587,3,2016-01-23,0,59
587,4,2016-05-16,0,2
587,5,2017-05-18,0,2
588,2,2015-11-14,0,28
588,3,2016-01-23,0,28
589,2,2015-11-20,0,5
590,2,2015-11-14,0,41
590,4,2016-05-18,0,2
590,5,2017-05-18,0,2
591,2,2015-11-12,0.05,34
591,5,2017-05-18,0.5,2
592,2,2015-11-14,0,29
592,5,2017-04-26,0,1
593,2,2015-11-20,0,64
593,3,2016-01-29,0,64
593,5,2017-04-25,0,4
594,1,2015-05-24,0,2
594,2,2015-11-20,0.0273972602739726,177
594,3,2016-01-23,0.1,177
594,4,2016-05-22,0,2
594,5,2017-04-26,0,8
598,2,2015-11-24,0,31
598,3,2016-01-21,0,31
599,1,2015-05-25,0.25,4
599,2,2015-11-12,0.181818181818182,43
599,3,2016-01-23,0,43
599,4,2016-05-16,0,1
600,2,2015-11-18,0.1,59
600,3,2016-01-29,0,59
600,4,2016-05-16,0,1
600,5,2017-05-18,0,1
601,2,2015-11-12,0,40
601,4,2016-06-01,0,2
603,1,2015-05-22,1,1
603,2,2015-11-20,0,25
603,3,2016-01-22,0,25
603,5,2017-05-12,0,1
604,1,2015-05-22,0.333333333333333,3
604,2,2015-11-12,0.25,115
604,3,2016-01-21,0,115
604,5,2017-05-12,0.5,2
605,1,2015-05-22,0,2
605,2,2015-11-20,0.125,43
605,3,2016-01-21,0,43
605,4,2016-05-30,0,1
605,5,2017-05-29,0,1
606,1,2015-06-12,0,1
606,2,2015-11-20,0.142857142857143,36
607,2,2015-11-11,0,75
607,3,2016-01-22,0,75
607,5,2017-05-04,0.5,2
608,1,2015-05-22,0,4
608,2,2015-11-11,0.040983606557377,309
608,3,2016-01-20,0.0238095238095238,309
608,4,2016-05-13,0,7
608,5,2017-05-04,0,7
609,1,2015-05-20,0.142857142857143,14
609,2,2015-11-11,0.0194444444444444,883
609,3,2016-01-20,0.0138888888888889,883
609,4,2016-05-14,0,26
609,5,2017-05-05,0.0163934426229508,61
610,1,2015-05-21,0,9
610,2,2015-11-11,0.0229885057471264,270
610,3,2016-01-20,0,270
610,4,2016-05-16,0,10
610,5,2017-05-16,0,4
611,5,2017-05-29,0,1
612,2,2015-11-24,0,68
612,3,2016-01-30,0,68
612,4,2016-05-14,0,2
612,5,2017-05-12,0.333333333333333,3
613,2,2015-11-11,0,36
613,5,2017-05-20,0,2
614,2,2015-11-13,0,92
614,3,2016-01-22,0,92
614,5,2017-05-15,0,3
615,2,2015-11-13,0,32
615,3,2016-01-22,0,32
615,5,2017-05-15,0,3
616,2,2015-11-24,0,5
617,2,2015-11-20,0,17
618,1,2015-05-23,0,1
618,2,2015-11-12,0,47
618,4,2016-05-16,0,1
618,5,2017-05-18,0,1
619,1,2015-05-23,0,1
619,2,2015-11-12,0.0149253731343284,137
619,3,2016-01-23,0,137
619,4,2016-05-23,0,2
619,5,2017-05-18,0,3
620,2,2015-11-12,0,19
620,4,2016-05-28,0,1
620,5,2017-05-29,0,1
621,1,2015-05-23,0,1
621,2,2015-11-12,0,57
621,3,2016-01-23,0,57
621,4,2016-05-18,0,2
621,5,2017-05-29,0,2
622,2,2015-11-12,0.0714285714285714,60
623,2,2015-11-12,0.0384615384615385,48
623,5,2017-05-29,0,1
627,1,2015-05-25,0,1
627,2,2015-11-12,0,35
628,2,2015-11-20,0.125,27
628,3,2016-01-23,0,27
629,1,2015-05-22,1,2
629,2,2015-11-24,0.166666666666667,109
629,3,2016-01-23,0,109
629,4,2016-05-16,0,2
629,5,2017-05-12,1,1
631,2,2015-11-11,0,47
631,3,2016-01-20,0,47
631,5,2017-05-04,0,2
632,2,2015-11-26,0,2
634,2,2015-11-11,0,18
634,3,2016-01-30,0,18
634,5,2017-05-12,0,2
635,1,2015-05-25,0,1
635,2,2015-11-11,0.0256410256410256,66
635,3,2016-01-20,0,66
635,5,2017-05-12,0,4
636,2,2015-11-11,0,8
636,3,2016-01-20,0,8
637,2,2015-11-14,0,5
638,2,2015-11-10,0,19
638,3,2016-01-22,0,19
638,5,2017-05-15,0,1
639,2,2015-11-23,0,37
639,3,2016-01-19,0,37
640,2,2015-11-13,0.0714285714285714,36
640,3,2016-01-19,0,36
640,5,2017-05-15,0,1
641,2,2015-11-11,0,40
641,3,2016-01-20,0,40
641,4,2016-06-03,0,1
641,5,2017-05-13,0,2
642,1,2015-05-23,0,1
642,2,2015-11-11,0.0909090909090909,26
642,3,2016-01-20,0,26
643,1,2015-05-23,0,3
643,2,2015-11-11,0,96
643,3,2016-01-21,0,96
643,4,2016-05-16,0,1
643,5,2017-05-18,0.142857142857143,7
644,2,2015-11-12,0.136363636363636,55
644,3,2016-01-21,0,55
644,4,2016-05-22,0,2
645,2,2015-11-12,0,25
646,2,2015-11-12,0,8
646,4,2016-05-28,0,1
647,2,2015-11-24,0,3
648,2,2015-11-24,0,9
649,2,2015-11-24,0,1
652,1,2015-05-22,0,1
652,2,2015-11-12,0.21875,94
652,3,2016-01-29,0,94
653,2,2015-11-12,0.115789473684211,258
653,3,2016-01-21,0,258
653,4,2016-05-14,0.5,4
654,1,2015-05-21,0,1
654,2,2015-11-20,0.210526315789474,138
654,3,2016-01-29,0,138
654,4,2016-05-12,0.333333333333333,6
654,5,2017-05-17,0.125,8
655,1,2015-05-21,0.5,2
655,2,2015-11-12,0.238095238095238,164
655,3,2016-01-29,0.181818181818182,164
655,4,2016-05-16,0,1
655,5,2017-05-16,0,1
656,2,2015-11-26,0,1
657,2,2015-11-25,0.0303030303030303,197
657,3,2016-01-20,0,197
657,4,2016-05-13,0,3
657,5,2017-05-27,0,1
659,2,2015-11-11,0,20
659,3,2016-01-30,0,20
659,5,2017-05-12,0,1
660,2,2015-11-11,0,8
660,3,2016-01-20,0,8
661,2,2015-11-20,0,23
661,3,2016-01-20,0,23
662,2,2015-11-20,0,30
662,3,2016-01-22,0,30
662,4,2016-05-14,0,1
662,5,2017-05-16,0.5,2
663,2,2015-11-13,0,58
663,3,2016-01-22,0,58
663,4,2016-05-14,0,1
663,5,2017-05-16,0,1
664,2,2015-11-14,0.0149253731343284,117
664,3,2016-01-22,0,117
664,4,2016-05-12,0,5
664,5,2017-05-19,0,17
665,1,2015-05-26,0,1
665,2,2015-11-17,0,108
665,3,2016-01-22,0,108
665,4,2016-05-13,0,6
665,5,2017-05-26,0.2,5
666,1,2015-05-26,0,1
666,2,2015-11-17,0,69
666,3,2016-01-22,0.0909090909090909,69
666,4,2016-05-12,0,3
666,5,2017-05-26,0,6
668,2,2015-11-23,0,59
668,3,2016-01-19,0,59
669,1,2015-05-23,0,2
669,2,2015-11-11,0,77
669,3,2016-01-20,0,77
669,4,2016-05-18,0,4
669,5,2017-05-13,0.166666666666667,6
670,1,2015-05-23,0,1
670,2,2015-11-24,0,33
670,3,2016-01-20,0,33
670,4,2016-05-18,0,1
671,2,2015-11-11,0,14
672,2,2015-11-11,0,39
672,3,2016-01-23,0,39
672,4,2016-06-03,0,1
672,5,2017-05-13,0,1
673,2,2015-11-12,0,36
673,3,2016-01-22,0,36
673,5,2017-05-13,0,1
674,2,2015-11-24,0,24
674,5,2017-04-26,0,3
676,2,2015-11-12,0.125,21
677,2,2015-11-20,0,3
679,2,2015-11-12,0.125,14
679,3,2016-01-21,0,14
679,5,2017-05-16,1,1
680,1,2015-05-29,0,1
680,2,2015-11-12,0.214285714285714,63
680,3,2016-01-29,0,63
680,5,2017-05-16,0,1
681,2,2015-11-11,0.0833333333333333,41
681,5,2017-05-05,0,3
682,1,2015-05-22,0,1
682,2,2015-11-24,0.0454545454545455,126
682,3,2016-01-20,0,126
682,4,2016-05-13,0,4
682,5,2017-05-05,0.142857142857143,7
684,2,2015-11-11,0.6,32
684,3,2016-01-20,0,32
684,5,2017-05-12,0,1
685,1,2015-05-25,0.5,2
685,2,2015-11-11,0.107142857142857,58
685,3,2016-01-20,0,58
686,2,2015-11-12,0,23
686,3,2016-01-20,0,23
687,2,2015-11-20,0,15
687,3,2016-01-22,0,15
688,2,2015-11-13,0.0263157894736842,89
688,3,2016-01-22,0,89
688,4,2016-05-13,0,2
688,5,2017-05-16,0,3
689,1,2015-05-26,0,3
689,2,2015-11-13,0.0303030303030303,343
689,3,2016-01-22,0,343
689,4,2016-05-12,0,12
689,5,2017-05-15,0,27
690,1,2015-05-26,0,5
690,2,2015-11-20,0.0181818181818182,222
690,3,2016-01-22,0,222
690,4,2016-05-12,0,4
690,5,2017-05-15,0,11
691,1,2015-05-22,0,1
691,2,2015-11-10,0,60
691,3,2016-01-19,0,60
692,1,2015-05-22,0,5
692,2,2015-11-10,0.0188679245283019,126
692,3,2016-01-19,0,126
692,4,2016-05-27,0,1
693,1,2015-05-30,0,2
693,2,2015-11-23,0,83
693,3,2016-01-22,0,83
693,4,2016-05-18,0,3
693,5,2017-05-13,0,2
694,2,2015-11-11,0,58
694,3,2016-01-20,0,58
695,2,2015-11-11,0.05,37
695,5,2017-05-13,0,1
697,2,2015-11-12,0.2,5
699,2,2015-11-12,0.1,99
699,3,2016-01-21,0,99
699,4,2016-05-12,0,1
699,5,2017-05-17,0,4
700,1,2015-05-21,0.666666666666667,3
700,2,2015-11-12,0.0689655172413793,120
700,3,2016-01-21,0,120
700,4,2016-05-16,0,1
700,5,2017-05-17,0.111111111111111,9
701,1,2015-05-22,0,5
701,2,2015-11-24,0.0526315789473684,141
701,3,2016-01-23,0,141
701,4,2016-05-14,0,1
701,5,2017-05-04,0,1
702,2,2015-11-24,0,23
702,3,2016-01-20,0,23
702,4,2016-05-14,0,1
703,1,2015-05-26,0,2
703,2,2015-11-11,0,94
703,3,2016-01-20,0,94
703,5,2017-05-20,0,4
704,2,2015-11-11,0,6
705,5,2017-05-16,0,1
706,1,2015-05-26,0,1
706,2,2015-11-13,0,12
706,4,2016-05-13,0,1
707,2,2015-11-23,0.0833333333333333,39
707,3,2016-02-02,0,39
708,1,2015-05-22,0,1
708,2,2015-11-10,0,150
708,3,2016-01-29,0,150
709,1,2015-05-22,0,2
709,2,2015-11-10,0.0348837209302326,175
709,3,2016-01-19,0,175
709,4,2016-05-27,0,1
709,5,2017-05-25,0,2
710,2,2015-11-10,0,66
710,3,2016-01-19,0,66
711,2,2015-11-11,0,38
711,5,2017-05-13,0,2
712,5,2017-05-13,0,1
713,2,2015-11-12,0.222222222222222,43
713,5,2017-05-17,0,1
714,1,2015-05-21,0.5,2
714,2,2015-11-12,0.1,87
714,3,2016-01-23,0,87
714,4,2016-05-14,0,2
715,1,2015-05-18,1,1
715,2,2015-11-12,0,25
715,3,2016-01-21,0,25
716,1,2015-05-18,0,2
716,2,2015-11-12,0.130434782608696,58
716,3,2016-01-21,0,58
717,2,2015-11-12,0.125,17
718,1,2015-05-23,0,3
718,2,2015-11-12,0.123287671232877,154
718,3,2016-01-21,0.0714285714285714,154
718,4,2016-05-28,0.25,4
718,5,2017-05-17,0,6
719,2,2015-11-12,0.125,46
719,3,2016-01-21,0,46
720,1,2015-05-22,0,2
720,2,2015-11-11,0.207547169811321,221
720,3,2016-01-20,0.0357142857142857,221
720,4,2016-05-14,0,6
720,5,2017-05-04,0.142857142857143,14
721,1,2015-06-11,0,1
721,2,2015-11-11,0.131578947368421,83
721,3,2016-01-20,0,83
721,4,2016-05-14,0,1
721,5,2017-05-27,0.2,5
722,2,2015-11-24,0.08,83
722,3,2016-01-20,0,83
722,4,2016-06-03,0,1
722,5,2017-05-19,0,2
723,2,2015-11-14,0,35
724,2,2015-11-14,0.0208333333333333,112
724,3,2016-01-22,0,112
725,2,2015-11-10,0,93
725,3,2016-01-22,0,93
726,2,2015-11-24,0.0333333333333333,59
726,3,2016-01-21,0.25,59
726,4,2016-05-28,0,2
726,5,2017-05-11,0,1
727,1,2015-05-18,0.666666666666667,3
727,2,2015-11-12,0.128205128205128,195
727,3,2016-01-21,0,195
727,4,2016-05-17,0,4
727,5,2017-05-11,0,2
728,1,2015-05-17,1,2
728,2,2015-11-12,0.0704225352112676,178
728,3,2016-01-21,0.125,178
728,4,2016-05-07,0,1
728,5,2017-05-11,0,4
729,1,2015-05-16,1,1
729,2,2015-11-24,0.333333333333333,31
729,4,2016-05-07,0,1
730,2,2015-11-12,0.222222222222222,33
730,4,2016-05-10,0,1
730,5,2017-05-17,0,4
731,1,2015-05-23,0,2
731,2,2015-11-12,0.116883116883117,167
731,3,2016-01-21,0,167
731,4,2016-05-10,0,1
731,5,2017-05-16,0,6
732,1,2015-05-22,0,1
732,2,2015-11-11,0.0833333333333333,27
732,3,2016-01-20,0,27
733,2,2015-11-11,0.106382978723404,83
733,3,2016-01-20,0,83
733,4,2016-05-14,0,2
733,5,2017-05-27,0,1
734,2,2015-11-11,0.285714285714286,13
734,5,2017-05-27,0,1
735,2,2015-11-15,0.222222222222222,18
735,5,2017-05-02,0,1
736,1,2015-05-20,0,2
736,2,2015-11-14,0.117647058823529,82
736,3,2016-01-23,0.0625,82
736,4,2016-05-09,0,2
736,5,2017-05-26,0,1
737,1,2015-05-20,0,3
737,2,2015-11-11,0.0465116279069767,99
737,3,2016-01-30,0.166666666666667,99
737,4,2016-05-09,0,3
737,5,2017-04-28,0,5
738,2,2015-11-14,0.0789473684210526,99
738,3,2016-01-23,0,99
738,4,2016-05-09,0,2
738,5,2017-04-28,0,2
739,1,2015-06-06,0,1
739,2,2015-11-23,0.0476190476190476,133
739,3,2016-01-22,0,133
739,4,2016-05-27,0,1
740,2,2015-11-23,0.0344827586206897,73
740,3,2016-01-19,0,73
741,2,2015-11-23,0,13
744,3,2016-02-04,0,17
745,3,2016-02-04,0,34
747,1,2015-05-15,0,1
747,2,2015-11-12,0.0120481927710843,191
747,3,2016-01-21,0.0666666666666667,191
747,4,2016-05-06,0,3
747,5,2017-05-27,0,4
748,1,2015-05-15,0.111111111111111,9
748,2,2015-11-12,0.0397350993377483,332
748,3,2016-01-21,0,332
748,4,2016-05-06,0,8
748,5,2017-05-11,0,21
749,2,2015-11-12,0.0277777777777778,71
749,3,2016-01-21,0,71
749,5,2017-05-11,0,3
751,1,2015-05-18,0.5,2
751,2,2015-11-20,0.027027027027027,102
751,3,2016-01-19,0,102
751,5,2017-05-02,0,7
752,2,2015-11-10,0.0645161290322581,232
752,3,2016-01-19,0,232
752,4,2016-05-05,0,1
752,5,2017-05-13,0,15
753,1,2015-05-16,0,1
753,2,2015-11-12,0.0425531914893617,141
753,3,2016-01-29,0,141
753,4,2016-05-06,0,3
753,5,2017-05-02,0,11
754,1,2015-05-20,0.5,6
754,2,2015-11-11,0.0253164556962025,215
754,3,2016-01-20,0,215
754,4,2016-05-06,0,3
754,5,2017-04-28,0.0588235294117647,17
755,2,2015-11-11,0.0377358490566038,105
755,3,2016-01-20,0,105
755,4,2016-05-06,0,1
755,5,2017-04-28,0,5
756,1,2015-06-06,0,1
756,2,2015-11-10,0,157
756,3,2016-01-22,0,157
756,4,2016-05-27,0,1
757,2,2015-11-10,0,62
757,3,2016-01-22,0,62
758,3,2016-01-19,0,10
759,2,2015-11-23,0,16
759,3,2016-01-30,0,16
760,2,2015-11-16,0,7
761,2,2015-11-17,0,32
761,3,2016-01-19,0,32
761,5,2017-05-10,0,1
763,2,2015-11-12,0.0727272727272727,103
763,3,2016-01-29,0,103
763,5,2017-05-12,0,5
764,1,2015-06-12,0,1
764,2,2015-11-24,0.0227272727272727,118
764,3,2016-01-29,0,118
765,2,2015-11-12,0,30
765,3,2016-01-21,0,30
765,4,2016-05-10,0,1
765,5,2017-05-19,0,4
766,1,2015-05-27,1,1
766,2,2015-11-12,0.194444444444444,73
766,3,2016-01-21,0.0625,73
766,4,2016-05-10,0,2
766,5,2017-05-19,0,1
767,1,2015-05-20,0.142857142857143,7
767,2,2015-11-12,0.0703125,589
767,3,2016-01-21,0,589
767,4,2016-05-10,0.0625,16
767,5,2017-05-15,0,37
768,2,2015-11-12,0,33
768,3,2016-01-21,0,33
768,5,2017-05-19,0,2
769,1,2015-05-15,0,7
769,2,2015-11-10,0.015748031496063,286
769,3,2016-01-19,0,286
769,4,2016-05-06,0,4
769,5,2017-05-03,0.0666666666666667,15
770,1,2015-05-16,0.142857142857143,7
770,2,2015-11-10,0.00980392156862745,981
770,3,2016-01-19,0,981
770,4,2016-05-09,0,15
770,5,2017-05-03,0.0232558139534884,43
771,1,2015-05-20,0,12
771,2,2015-11-10,0.00866551126516464,1366
771,3,2016-01-19,0,1366
771,4,2016-05-10,0,27
771,5,2017-05-03,0,33
772,2,2015-11-09,0,219
772,3,2016-01-18,0,219
772,4,2016-05-20,0,2
772,5,2017-05-08,0,19
775,2,2015-11-16,0,5
776,2,2015-11-16,0,20
776,3,2016-01-25,0,20
777,2,2015-11-16,0,66
777,3,2016-01-25,0,66
777,4,2016-05-19,0,1
777,5,2017-05-10,0,6
779,2,2015-11-17,0,14
781,2,2015-11-16,0,17
782,2,2015-11-12,0,12
784,1,2015-05-26,0,2
784,2,2015-11-12,0,160
784,3,2016-01-21,0,160
784,4,2016-05-10,0,2
784,5,2017-05-19,0.0833333333333333,12
785,2,2015-11-12,0,57
785,3,2016-01-21,0,57
786,1,2015-05-27,0.5,2
786,2,2015-11-24,0.0769230769230769,147
786,3,2016-01-21,0,147
786,5,2017-05-19,0,1
787,2,2015-11-12,0.0769230769230769,91
787,3,2016-01-21,0,91
787,5,2017-05-05,0.25,4
788,2,2015-11-12,0.0188679245283019,186
788,3,2016-01-21,0,186
788,4,2016-05-06,0,2
788,5,2017-05-13,0,6
789,1,2015-05-18,0.166666666666667,6
789,2,2015-11-10,0,367
789,3,2016-01-18,0,367
789,4,2016-05-23,0,7
789,5,2017-05-02,0,14
790,1,2015-05-19,0.0465116279069767,43
790,2,2015-11-10,0.0261643118785976,4178
790,3,2016-01-19,0.012448132780083,4178
790,4,2016-05-11,0,94
790,5,2017-05-02,0,145
791,1,2015-05-20,0,33
791,2,2015-11-09,0.0133010882708585,2107
791,3,2016-01-19,0,2107
791,4,2016-05-10,0,36
791,5,2017-05-08,0.0128205128205128,78
792,1,2015-05-20,0,13
792,2,2015-11-13,0.0284810126582278,869
792,3,2016-01-22,0,869
792,4,2016-05-10,0,8
792,5,2017-05-09,0,26
793,1,2015-06-01,0,2
793,2,2015-11-10,0.0147058823529412,142
793,3,2016-01-19,0,142
793,5,2017-04-26,0,9
794,2,2015-11-10,0.0909090909090909,13
794,3,2016-01-19,0,13
794,5,2017-04-26,0,1
795,2,2015-11-10,0,13
795,3,2016-02-04,0,13
797,2,2015-11-23,0,1
798,2,2015-11-23,0,3
799,2,2015-11-11,0,28
799,3,2016-01-30,0,28
799,4,2016-05-11,0,2
799,5,2017-05-13,0,2
801,2,2015-11-16,0,32
801,4,2016-05-19,0,2
802,2,2015-11-17,0.5,13
803,2,2015-11-16,0,7
804,2,2015-11-16,0,28
805,2,2015-11-17,0.1,53
805,5,2017-05-09,0,3
806,2,2015-11-25,0,1
808,2,2015-11-17,0.153846153846154,44
808,3,2016-02-02,0,44
808,5,2017-05-09,0,1
809,2,2015-11-24,0,28
809,3,2016-01-21,0,28
811,2,2015-11-24,0.142857142857143,13
812,2,2015-11-12,0,4
813,2,2015-11-12,0,38
813,3,2016-02-01,0,38
813,5,2017-05-05,0,1
814,1,2015-05-28,0,3
814,2,2015-11-12,0.0128205128205128,424
814,3,2016-01-21,0,424
814,4,2016-05-07,0.0909090909090909,11
814,5,2017-05-05,0,16
815,1,2015-05-23,0,2
815,2,2015-11-24,0,224
815,3,2016-01-21,0,224
815,4,2016-05-09,0,5
815,5,2017-05-06,0.1,10
816,1,2015-05-19,0,28
816,2,2015-11-10,0.0167427701674277,3535
816,3,2016-01-19,0,3535
816,4,2016-05-10,0,72
816,5,2017-05-02,0.0206185567010309,100
817,1,2015-05-22,0,45
817,2,2015-11-09,0.0129277566539924,3168
817,3,2016-01-22,0.0279329608938547,3168
817,4,2016-05-10,0.0126582278481013,79
817,5,2017-05-03,0.00840336134453781,120
818,1,2015-05-21,0,13
818,2,2015-11-09,0.00630252100840336,1097
818,3,2016-01-22,0.0263157894736842,1097
818,4,2016-05-07,0,14
818,5,2017-05-06,0,38
819,1,2015-05-15,0,1
819,2,2015-11-10,0.0123456790123457,219
819,3,2016-01-19,0,219
819,4,2016-05-06,0,3
819,5,2017-04-26,0,14
820,1,2015-05-15,0,1
820,2,2015-11-10,0.0178571428571429,101
820,3,2016-02-01,0,101
820,4,2016-05-07,0,2
820,5,2017-04-26,0,2
821,2,2015-11-23,0,12
821,3,2016-02-04,0,12
822,3,2016-01-22,0,4
823,2,2015-11-12,0,20
823,3,2016-01-22,0,20
823,4,2016-05-11,0,2
823,5,2017-05-13,0,1
824,2,2015-11-11,0,39
824,4,2016-05-11,0,1
824,5,2017-05-13,0,1
825,2,2015-11-11,0,4
825,3,2016-01-30,0,4
826,2,2015-11-16,0,19
827,1,2015-05-14,1,1
827,2,2015-11-16,0,5
829,4,2016-05-19,0,1
831,2,2015-11-17,0,6
832,2,2015-11-17,0,33
832,3,2016-01-25,0,33
832,4,2016-05-19,0,1
832,5,2017-05-09,0,2
833,2,2015-11-25,0.0204081632653061,169
833,3,2016-01-25,0,169
836,2,2015-11-24,0.5,8
838,2,2015-11-16,0,10
838,3,2016-01-21,0,10
839,2,2015-11-24,0,14
840,2,2015-11-24,0,87
840,3,2016-01-21,0,87
840,4,2016-05-11,0,1
841,2,2015-11-24,0.105263157894737,42
841,3,2016-01-21,0,42
841,4,2016-05-12,0,1
843,2,2015-11-24,0.133333333333333,36
843,3,2016-01-21,0,36
843,5,2017-05-11,0,2
844,2,2015-11-12,0.0434782608695652,49
844,3,2016-01-29,0,49
844,5,2017-05-11,0,3
845,2,2015-11-12,0.05,47
845,3,2016-01-29,0,47
845,4,2016-05-11,0,1
845,5,2017-05-11,0,2
846,2,2015-11-11,0,7
846,5,2017-05-09,0,1
847,1,2015-05-25,0,3
847,2,2015-11-12,0,124
847,3,2016-02-02,0,124
847,4,2016-05-11,0,8
847,5,2017-05-09,0,5
848,1,2015-05-25,0,1
848,2,2015-11-12,0,65
848,3,2016-01-30,0.0909090909090909,65
848,4,2016-05-12,0,3
848,5,2017-05-09,0,5
849,1,2015-05-19,1,1
849,2,2015-11-12,0.0277777777777778,123
849,3,2016-02-02,0,123
849,4,2016-05-07,0,5
849,5,2017-05-14,0,4
850,1,2015-05-19,0,10
850,2,2015-11-12,0.028169014084507,960
850,3,2016-01-21,0.015625,960
850,4,2016-05-06,0.0952380952380952,21
850,5,2017-05-06,0.0212765957446809,47
851,1,2015-05-15,0,5
851,2,2015-11-14,0,359
851,3,2016-01-23,0,359
851,4,2016-05-07,0,1
851,5,2017-05-12,0,12
852,1,2015-05-18,0,22
852,2,2015-11-10,0.0164439876670093,2410
852,3,2016-01-19,0.00793650793650794,2410
852,4,2016-05-09,0,41
852,5,2017-04-27,0.0121951219512195,82
853,1,2015-05-18,0.032258064516129,64
853,2,2015-11-10,0.0151878497202238,3357
853,3,2016-01-19,0.0275229357798165,3357
853,4,2016-05-09,0.0166666666666667,60
853,5,2017-04-28,0.00769230769230769,130
854,1,2015-05-18,0.0526315789473684,19
854,2,2015-11-11,0.0257826887661142,1445
854,3,2016-01-22,0.0357142857142857,1445
854,4,2016-05-07,0,22
854,5,2017-04-28,0.0144927536231884,69
855,1,2015-05-15,0.25,8
855,2,2015-11-11,0.0407239819004525,663
855,3,2016-01-23,0,663
855,4,2016-05-07,0,3
855,5,2017-04-27,0,28
856,2,2015-11-10,0.0133333333333333,164
856,3,2016-02-01,0,164
856,4,2016-05-07,0,7
856,5,2017-04-26,0,5
857,2,2015-11-11,0,35
857,3,2016-02-01,0,35
858,1,2015-05-26,0,2
858,2,2015-11-11,0,71
858,3,2016-01-22,0,71
859,1,2015-05-26,0,1
859,2,2015-11-11,0,59
859,3,2016-01-30,0.166666666666667,59
859,4,2016-05-11,0,1
859,5,2017-05-13,0,4
860,2,2015-11-11,0,10
863,2,2015-11-16,0.0909090909090909,19
863,3,2016-01-26,0,19
865,2,2015-11-16,0,6
866,2,2015-11-16,0,29
866,3,2016-01-25,0,29
866,4,2016-05-19,0,1
866,5,2017-05-10,0,4
867,2,2015-11-16,0,4
868,2,2015-11-16,0,24
868,4,2016-05-19,0,1
870,2,2015-11-16,0,25
870,3,2016-01-25,0.6,25
871,3,2016-01-25,0,4
874,2,2015-11-17,0.4,17
876,1,2015-06-08,0,1
876,4,2016-05-25,0,1
877,1,2015-06-08,0,1
877,2,2015-11-19,0,77
877,4,2016-05-28,0,4
877,5,2017-05-17,0.4,5
878,2,2015-11-22,0,39
878,3,2016-01-27,0,39
878,5,2017-05-19,0,4
879,1,2015-06-08,0,1
879,2,2015-11-18,0.05,60
879,3,2016-01-27,0,60
879,4,2016-06-02,0,3
879,5,2017-05-18,0,4
882,2,2015-11-24,0,9
883,3,2016-01-21,0,4
884,3,2016-02-02,0,26
885,2,2015-11-12,0.133333333333333,45
885,3,2016-02-02,0,45
885,4,2016-05-10,0,1
886,1,2015-05-21,0,3
886,2,2015-11-12,0.0681818181818182,174
886,3,2016-01-23,0,174
886,4,2016-05-11,0,4
886,5,2017-05-11,0,3
887,1,2015-05-21,0,3
887,2,2015-11-12,0.0273972602739726,260
887,3,2016-01-21,0,260
887,4,2016-05-10,0,5
887,5,2017-05-11,0,8
888,2,2015-11-24,0,149
888,3,2016-01-20,0,149
888,4,2016-05-14,0,2
889,2,2015-11-11,0.04,148
889,3,2016-01-20,0,148
889,4,2016-05-11,0,2
889,5,2017-05-10,0,7
890,1,2015-05-25,0,3
890,2,2015-11-12,0.0194805194805195,295
890,3,2016-01-20,0,295
890,4,2016-05-12,0,7
890,5,2017-05-09,0.0714285714285714,14
891,2,2015-11-11,0.04,105
891,3,2016-01-20,0.2,105
891,4,2016-05-12,0,1
891,5,2017-05-09,0,5
892,1,2015-05-16,0.133333333333333,16
892,2,2015-11-11,0.0200400801603206,1188
892,3,2016-01-20,0.0256410256410256,1188
892,4,2016-05-06,0,14
892,5,2017-05-12,0,51
893,1,2015-05-18,0,9
893,2,2015-11-11,0.00945626477541371,902
893,3,2016-01-20,0,902
893,4,2016-05-07,0,24
893,5,2017-05-13,0.0869565217391304,23
894,1,2015-05-19,0,5
894,2,2015-11-10,0,25
894,4,2016-05-24,0,2
894,5,2017-05-23,0,3
896,2,2015-11-14,0.142857142857143,45
896,3,2016-01-20,0,45
897,2,2015-11-11,0,25
897,3,2016-01-30,0,25
898,1,2015-05-28,0,2
898,2,2015-11-11,0.0769230769230769,116
898,3,2016-01-21,0,116
898,5,2017-04-28,0,3
899,1,2015-06-06,0,1
899,2,2015-11-11,0,36
899,5,2017-04-28,0,1
900,2,2015-11-20,0,79
900,3,2016-01-29,0,79
900,4,2016-05-11,0,5
900,5,2017-05-08,0,7
901,2,2015-11-14,0,37
901,3,2016-01-30,0,37
901,4,2016-05-13,0,2
901,5,2017-05-31,0,1
902,1,2015-05-19,0,1
902,2,2015-11-11,0.111111111111111,24
902,3,2016-01-20,0,24
903,2,2015-11-11,0,14
903,3,2016-01-20,0,14
904,2,2015-11-11,0,12
905,2,2015-11-16,0,42
905,3,2016-01-25,0,42
906,2,2015-11-16,0,40
906,5,2017-05-10,0,2
907,2,2015-11-16,0,22
907,3,2016-01-25,0,22
907,5,2017-05-10,0,1
908,2,2015-11-16,0,6
909,1,2015-06-02,0,1
909,2,2015-11-16,0,19
909,3,2016-01-25,0,19
909,4,2016-05-19,0,1
909,5,2017-05-10,0,1
910,2,2015-11-16,0.142857142857143,57
910,3,2016-01-25,0,57
910,5,2017-05-27,0,1
911,2,2015-11-16,0,57
911,3,2016-01-25,0,57
914,2,2015-11-16,0.25,8
916,1,2015-06-03,0,1
916,2,2015-11-25,0,4
917,2,2015-11-17,0.0606060606060606,79
917,3,2016-02-02,0,79
917,5,2017-05-09,0,3
919,2,2015-11-19,0,19
919,3,2016-01-28,0,19
920,1,2015-06-08,0,1
920,2,2015-11-18,0,142
920,3,2016-01-27,0,142
920,4,2016-05-24,0,3
920,5,2017-05-19,0,4
921,1,2015-06-08,0,2
921,2,2015-11-18,0,110
921,3,2016-01-27,0,110
921,4,2016-05-25,0,3
921,5,2017-05-22,0.25,4
922,2,2015-11-19,0,6
924,2,2015-11-25,0,14
924,3,2016-01-21,0,14
927,2,2015-11-12,0.0714285714285714,25
927,3,2016-01-21,0,25
927,5,2017-05-11,0,2
928,4,2016-05-10,0,1
929,2,2015-11-24,0,89
929,3,2016-01-23,0,89
929,4,2016-05-14,0,2
930,1,2015-05-25,0,2
930,2,2015-11-14,0,121
930,3,2016-01-23,0,121
930,4,2016-05-14,0,3
930,5,2017-05-10,0,4
931,2,2015-11-12,0,56
931,3,2016-01-20,0,56
931,5,2017-05-10,0,4
932,1,2015-05-22,0,11
932,2,2015-11-11,0.0129589632829374,968
932,3,2016-01-20,0,968
932,4,2016-05-13,0,18
932,5,2017-05-04,0,49
933,1,2015-05-23,0,1
933,2,2015-11-11,0.0512820512820513,157
933,3,2016-01-20,0,157
933,4,2016-05-13,0,2
933,5,2017-05-04,0,5
934,2,2015-11-14,0,5
934,3,2016-01-22,0,5
935,1,2015-05-18,0,3
935,2,2015-11-14,0.037037037037037,50
935,3,2016-01-22,0,50
936,2,2015-11-14,0.027027027027027,102
936,3,2016-01-19,0,102
936,4,2016-05-10,0,1
936,5,2017-05-08,0,3
937,1,2015-05-16,0,2
937,2,2015-11-14,0,157
937,3,2016-01-19,0,157
937,4,2016-05-10,0,6
937,5,2017-05-08,0,19
938,1,2015-05-19,0,1
938,2,2015-11-14,0,78
938,3,2016-02-01,0,78
938,4,2016-05-11,0,1
939,1,2015-05-19,0,1
939,2,2015-11-23,0.0555555555555556,60
939,3,2016-02-01,0,60
939,4,2016-05-11,0,2
939,5,2017-05-09,0.142857142857143,7
940,1,2015-05-26,0,1
940,2,2015-11-24,0,28
940,3,2016-01-20,0,28
942,2,2015-11-16,0.0909090909090909,35
942,3,2016-01-26,0,35
943,2,2015-11-16,0.0769230769230769,28
943,5,2017-05-10,0,1
944,2,2015-11-16,0.0869565217391304,37
944,3,2016-01-25,0,37
944,4,2016-05-19,0,3
945,2,2015-11-16,0,9
946,2,2015-11-16,0,4
947,2,2015-11-16,0,22
947,3,2016-01-25,0,22
947,4,2016-05-19,0,1
948,2,2015-11-17,0,8
949,1,2015-05-30,0,1
949,2,2015-11-16,0,41
949,3,2016-01-25,0,41
949,4,2016-05-23,0,4
949,5,2017-05-09,0,1
950,2,2015-11-16,0,6
951,2,2015-11-16,0.1,64
951,3,2016-01-25,0,64
951,4,2016-05-23,0,2
951,5,2017-05-09,0.25,4
952,3,2016-01-25,0,46
952,5,2017-05-09,1,1
953,2,2015-11-17,0.25,5
956,2,2015-11-25,0,7
956,3,2016-01-21,0,7
957,4,2016-05-12,0,1
958,1,2015-05-28,0,1
958,3,2016-02-02,0,6
959,1,2015-05-28,1,1
959,2,2015-11-11,0.0625,65
959,4,2016-05-14,0,1
959,5,2017-05-10,0,3
960,1,2015-05-28,0,3
960,2,2015-11-11,0.024390243902439,71
960,3,2016-01-20,0,71
960,4,2016-05-13,0,1
960,5,2017-05-10,0,7
961,5,2017-05-10,0,3
962,1,2015-05-22,0,1
962,2,2015-11-11,0,86
962,3,2016-01-20,0,86
962,4,2016-05-13,0,1
962,5,2017-05-04,0,1
963,1,2015-05-22,0,2
963,2,2015-11-11,0.0198019801980198,206
963,3,2016-01-20,0,206
963,4,2016-05-13,0,2
963,5,2017-05-04,0,9
964,1,2015-05-22,0.5,2
964,2,2015-11-11,0.02,138
964,3,2016-01-20,0,138
964,4,2016-05-12,0,2
964,5,2017-05-24,0,3
965,2,2015-11-11,0,7
965,5,2017-05-24,0,1
966,1,2015-05-18,0,5
966,2,2015-11-10,0.029126213592233,466
966,3,2016-01-19,0.03125,466
966,4,2016-05-10,0,7
966,5,2017-05-06,0,25
967,1,2015-05-18,0,5
967,2,2015-11-10,0.0268456375838926,343
967,3,2016-01-19,0.0238095238095238,343
967,4,2016-05-12,0,3
967,5,2017-05-06,0,17
968,1,2015-05-19,0,3
968,2,2015-11-10,0.0212765957446809,89
968,3,2016-01-19,0.0769230769230769,89
968,5,2017-05-06,0,3
969,2,2015-11-14,0,29
969,3,2016-01-19,0,29
969,5,2017-05-08,0,2
972,2,2015-11-24,0.2,8
972,4,2016-05-09,0,1
973,2,2015-11-24,0,74
973,5,2017-05-13,0,3
974,2,2015-11-20,0,31
974,3,2016-01-23,0,31
974,5,2017-05-13,0,2
975,2,2015-11-16,0.25,6
975,4,2016-05-23,0,1
976,2,2015-11-16,0,27
977,2,2015-11-16,0.0769230769230769,38
977,3,2016-01-25,0,38
977,5,2017-05-10,0,3
978,2,2015-11-16,0.115384615384615,44
978,4,2016-05-23,0,1
978,5,2017-05-10,0,2
979,2,2015-11-16,0.027027027027027,62
980,1,2015-05-30,0,3
980,2,2015-11-16,0.0454545454545455,39
980,4,2016-05-23,0,1
980,5,2017-05-09,0,3
981,2,2015-11-11,0.0714285714285714,20
981,3,2016-01-30,0.333333333333333,20
982,1,2015-05-26,0.2,5
982,2,2015-11-11,0.0470588235294118,160
982,3,2016-01-20,0,160
982,4,2016-05-13,0,7
982,5,2017-05-10,0,9
983,1,2015-05-25,1,1
983,2,2015-11-11,0,58
983,3,2016-01-20,0,58
983,4,2016-05-11,0,2
983,5,2017-05-10,0,3
984,2,2015-11-14,0.181818181818182,12
984,4,2016-05-11,0,1
986,1,2015-05-22,0.5,2
986,2,2015-11-11,0.0487804878048781,170
986,3,2016-01-20,0,170
986,4,2016-05-13,0,3
986,5,2017-05-04,0,10
987,1,2015-05-22,0,4
987,2,2015-11-11,0.029535864978903,470
987,3,2016-01-20,0,470
987,4,2016-05-11,0,5
987,5,2017-05-05,0,19
988,1,2015-05-18,0,1
988,2,2015-11-10,0,58
988,3,2016-01-19,0,58
988,4,2016-05-10,0,2
989,1,2015-05-18,0.142857142857143,7
989,2,2015-11-10,0.00892857142857143,285
989,3,2016-01-19,0.0303030303030303,285
989,4,2016-05-09,0,6
989,5,2017-05-07,0,18
990,1,2015-05-15,0,1
990,2,2015-11-15,0.0327868852459016,181
990,3,2016-01-19,0,181
990,4,2016-05-09,0,3
990,5,2017-05-06,0,13
992,3,2016-01-20,0,20
993,2,2015-11-24,0.05,48
994,2,2015-11-16,0.0303030303030303,62
994,3,2016-01-26,0,62
995,2,2015-11-16,0,12
996,2,2015-11-18,0,5
996,3,2016-01-28,0,5
996,4,2016-05-25,0,1
996,5,2017-05-17,0,1
997,2,2015-11-18,0,43
997,3,2016-01-28,0,43
997,5,2017-05-17,0,2
998,1,2015-06-08,0,1
998,2,2015-11-19,0,76
998,3,2016-01-27,0,76
998,4,2016-05-24,0,2
998,5,2017-05-17,0,3
999,1,2015-06-08,0,10
999,2,2015-11-18,0,503
999,3,2016-01-27,0,503
999,4,2016-05-24,0.0625,16
999,5,2017-05-18,0,31
1000,2,2015-11-19,0,33
1000,5,2017-05-22,0,6
1002,1,2015-05-25,0.5,2
1002,2,2015-11-14,0,22
1003,1,2015-05-25,0,2
1003,2,2015-11-14,0.0555555555555556,58
1003,3,2016-01-20,0,58
1003,4,2016-05-11,0,2
1003,5,2017-05-10,0,2
1004,2,2015-11-14,0,37
1004,3,2016-01-30,0,37
1004,4,2016-06-03,0,1
1004,5,2017-05-10,0,2
1005,2,2015-11-12,0.113207547169811,108
1005,3,2016-01-21,0.5,108
1006,1,2015-05-26,0,2
1006,2,2015-11-12,0.315217391304348,201
1006,3,2016-01-21,0,201
1006,4,2016-05-11,0,4
1006,5,2017-05-15,0,15
1008,2,2015-11-11,0.0714285714285714,182
1008,3,2016-01-20,0,182
1008,4,2016-05-12,0,2
1008,5,2017-05-05,0,10
1009,1,2015-05-23,0,1
1009,2,2015-11-11,0,12
1009,3,2016-01-20,0,12
1009,5,2017-05-05,0.5,2
1010,2,2015-11-14,0,24
1010,3,2016-01-20,0,24
1010,5,2017-05-18,0,1
1011,2,2015-11-14,0.027027027027027,202
1011,3,2016-01-20,0,202
1011,5,2017-05-03,0,10
1012,2,2015-11-16,0,25
1012,3,2016-01-26,0,25
1012,4,2016-05-19,0,1
1013,2,2015-11-16,0,9
1014,2,2015-11-25,0,2
1015,3,2016-01-26,0,19
1016,2,2015-11-18,0,29
1016,4,2016-05-25,0,1
1017,2,2015-11-18,0,15
1017,4,2016-06-01,0,1
1018,2,2015-11-19,0,61
1018,3,2016-02-04,0,61
1018,4,2016-05-25,0,1
1019,1,2015-06-09,0,7
1019,2,2015-11-19,0.0277777777777778,242
1019,3,2016-01-28,0,242
1019,4,2016-05-24,0,9
1019,5,2017-05-17,0,23
1020,1,2015-05-26,0.333333333333333,3
1020,2,2015-11-11,0.105263157894737,170
1020,3,2016-01-30,0,170
1020,4,2016-05-12,0,2
1020,5,2017-05-10,0,7
1021,2,2015-11-24,0.0833333333333333,21
1021,3,2016-01-30,0,21
1022,1,2015-05-25,0.5,2
1022,2,2015-11-12,0.25,55
1022,3,2016-01-21,0,55
1022,4,2016-05-11,0,1
1022,5,2017-05-16,0,3
1023,2,2015-11-12,0.262626262626263,166
1023,3,2016-01-21,0,166
1023,4,2016-05-11,0,4
1023,5,2017-05-15,0,10
1026,1,2015-05-15,0,5
1026,2,2015-11-10,0.0481927710843374,377
1026,3,2016-01-19,0,377
1026,4,2016-05-10,0,9
1026,5,2017-05-09,0.0666666666666667,15
1027,2,2015-11-14,0.021505376344086,522
1027,3,2016-01-20,0,522
1027,4,2016-05-13,0,10
1027,5,2017-05-03,0,14
1028,2,2015-11-16,0,22
1028,3,2016-01-26,0,22
1028,5,2017-05-27,0,1
1029,2,2015-11-16,0,43
1029,3,2016-01-26,0,43
1029,5,2017-05-27,0,1
1031,2,2015-11-17,0,21
1031,3,2016-02-04,0,21
1031,4,2016-05-18,0,1
1033,2,2015-11-16,0,3
1036,2,2015-11-11,0.151515151515152,60
1036,3,2016-01-20,0,60
1036,4,2016-05-12,0,2
1036,5,2017-05-12,0,1
1037,1,2015-05-25,0.5,7
1037,2,2015-11-11,0.2,489
1037,3,2016-01-20,0.0217391304347826,489
1037,4,2016-05-12,0.166666666666667,6
1037,5,2017-05-10,0,22
1038,1,2015-05-25,0.666666666666667,3
1038,2,2015-11-12,0.241379310344828,57
1038,3,2016-01-21,0,57
1038,4,2016-05-11,0,2
1038,5,2017-05-16,0,4
1039,1,2015-05-25,0.5,2
1039,2,2015-11-12,0.229508196721311,134
1039,3,2016-01-21,0,134
1039,4,2016-05-11,0,5
1039,5,2017-05-16,0,8
1040,2,2015-11-12,0,9
1040,3,2016-01-21,0,9
1040,5,2017-05-16,0,1
1043,2,2015-11-10,0.0172413793103448,117
1043,3,2016-01-19,0,117
1043,4,2016-05-10,0,1
1043,5,2017-05-09,0,3
1044,2,2015-11-10,0.0769230769230769,28
1044,5,2017-05-09,0.25,4
1046,2,2015-11-16,0,25
1046,4,2016-05-19,0,3
1047,2,2015-11-16,0,13
1047,3,2016-01-26,0,13
1047,4,2016-05-19,0,1
1048,2,2015-11-16,0,5
1048,3,2016-01-26,0,5
1049,2,2015-11-16,0,4
1050,2,2015-11-17,0,8
1051,1,2015-05-29,0,1
1051,2,2015-11-16,0,82
1051,3,2016-01-26,1,82
1051,4,2016-05-18,0,5
1051,5,2017-05-12,0,4
1053,1,2015-05-28,0,1
1054,1,2015-05-26,0.666666666666667,4
1054,2,2015-11-12,0.347107438016529,233
1054,3,2016-01-21,0.0344827586206897,233
1054,4,2016-05-11,0,4
1054,5,2017-05-16,0,9
1055,1,2015-05-25,0.666666666666667,8
1055,2,2015-11-11,0.34375,315
1055,3,2016-01-20,0.0555555555555556,315
1055,4,2016-05-11,0,2
1055,5,2017-05-10,0,8
1059,2,2015-11-14,0,30
1059,3,2016-01-23,0,30
1059,4,2016-05-11,0,2
1060,1,2015-06-06,0,1
1060,2,2015-11-10,0.0697674418604651,96
1060,3,2016-01-19,0,96
1060,4,2016-05-11,0,1
1060,5,2017-05-09,0,1
1061,2,2015-11-16,0,11
1062,2,2015-11-16,0,32
1062,3,2016-01-26,0,32
1063,3,2016-01-26,0,9
1064,1,2015-05-25,0.5,2
1064,2,2015-11-12,0.25,54
1064,3,2016-01-21,0.25,54
1064,4,2016-05-12,0,2
1064,5,2017-05-22,0,4
1067,2,2015-11-10,0.0769230769230769,30
1070,1,2015-05-27,0,1
1070,2,2015-11-16,0,19
1070,4,2016-05-17,0,2
1070,5,2017-05-12,0,2
1071,1,2015-05-27,0,3
1071,2,2015-11-16,0.0666666666666667,68
1071,3,2016-01-25,0.5,68
1071,5,2017-05-26,0,4
1072,1,2015-05-27,0,1
1072,2,2015-11-16,0,44
1072,5,2017-05-12,0,1
1079,2,2015-11-16,0.666666666666667,25
1080,2,2015-11-17,0,4
1081,2,2015-11-17,0,14
1081,3,2016-01-25,0,14
1082,2,2015-11-16,0,7
1083,2,2015-11-16,0,40
1083,3,2016-01-29,0,40
1083,4,2016-05-17,0,1
1084,2,2015-11-16,0.0377358490566038,92
1084,3,2016-01-26,0,92
1084,4,2016-05-17,0,2
1084,5,2017-05-12,0,8
1085,1,2015-05-27,0,1
1085,2,2015-11-16,0.0555555555555556,25
1089,2,2015-11-16,0.133333333333333,97
1089,3,2016-01-23,0,97
1089,5,2017-05-17,0,3
1090,2,2015-11-17,0.0227272727272727,126
1090,3,2016-01-25,0,126
1091,2,2015-11-25,0,143
1091,3,2016-01-26,0,143
1091,4,2016-05-17,0,4
1091,5,2017-05-03,0.2,5
1092,2,2015-11-17,0,2
1094,1,2015-05-28,0,1
1094,2,2015-11-16,0,24
1095,1,2015-05-28,0,1
1095,2,2015-11-16,0,74
1095,3,2016-01-25,0,74
1095,4,2016-05-18,0,2
1095,5,2017-05-12,1,1
1096,1,2015-05-28,0,5
1096,2,2015-11-16,0.0256410256410256,154
1096,3,2016-01-25,0.037037037037037,154
1096,4,2016-05-17,0,6
1096,5,2017-05-12,0,7
1106,2,2015-11-17,0.0491803278688525,193
1106,5,2017-05-03,0,2
1108,2,2015-11-16,0,9
1109,2,2015-11-16,0,39
1109,3,2016-02-04,0,39
1109,5,2017-05-19,0,2
1110,1,2015-05-28,0,1
1110,2,2015-11-16,0,37
1110,3,2016-01-25,0,37
1110,4,2016-05-18,0,1
1110,5,2017-05-19,0,2
1119,2,2015-11-16,0,37
1119,4,2016-05-17,0,2
1119,5,2017-05-03,0,3
1120,2,2015-11-14,0,59
1120,3,2016-02-01,0,59
1120,5,2017-05-03,0,1
1121,2,2015-11-16,0.0204081632653061,84
1121,3,2016-01-25,0,84
1121,5,2017-05-12,0,8
1122,2,2015-11-16,0,69
1122,3,2016-01-25,0,69
1123,2,2015-11-25,0,13
1128,2,2015-11-25,0,3
1130,2,2015-11-16,0,17
1130,3,2016-01-25,0,17
1130,5,2017-05-12,0,1
1133,2,2015-11-17,0,15
1133,3,2016-01-25,0,15
1134,2,2015-11-25,0,17
1134,3,2016-01-25,0,17
1134,4,2016-05-17,0,1
1135,2,2015-11-16,0,6
1135,3,2016-01-25,0,6
1135,5,2017-05-12,0,2
1136,2,2015-11-16,0,47
1136,5,2017-05-19,0.5,2
1142,2,2015-11-17,0.0909090909090909,20
1143,2,2015-11-20,0,21
1144,2,2015-11-20,0,15
1145,1,2015-05-30,0,3
1145,2,2015-11-16,0,61
1145,3,2016-01-25,0,61
1145,4,2016-05-17,0,4
1145,5,2017-05-11,0,1
1146,2,2015-11-21,0,6
1148,2,2015-11-16,0.0666666666666667,31
1148,5,2017-05-12,0,2
1149,2,2015-11-16,0,13
1149,3,2016-01-25,0,13
1149,4,2016-05-17,0,1
1154,2,2015-11-17,0.0961538461538462,87
1154,3,2016-01-25,0,87
1154,4,2016-05-17,0,1
1155,2,2015-11-16,0.25,8
1156,2,2015-11-20,0,7
1157,1,2015-05-30,1,1
1157,2,2015-11-16,0.0555555555555556,35
1157,3,2016-01-25,0,35
1157,4,2016-05-17,0,2
1158,2,2015-11-17,0,8
1159,4,2016-05-17,0,1
1159,5,2017-05-11,0,2
1160,2,2015-11-16,0,28
1160,3,2016-01-25,0,28
1161,2,2015-11-25,0,11
1162,1,2015-06-06,0,2
1162,2,2015-11-17,0,25
1162,3,2016-01-25,0,25
1162,5,2017-05-12,0,3
1168,2,2015-11-16,0,50
1168,3,2016-01-25,0,50
1169,2,2015-11-16,0,14
1169,3,2016-01-25,0,14
1170,2,2015-11-25,0,23
1171,5,2017-05-04,0,1
1172,2,2015-11-20,0,10
1173,2,2015-11-20,0,14
1174,2,2015-11-17,0,12
1174,3,2016-01-25,0,12
1175,2,2015-11-17,0,25
1176,5,2017-05-05,0,1
1177,2,2015-11-17,0.0833333333333333,20
1177,3,2016-01-26,0,20
1178,1,2015-05-30,0,1
1178,3,2016-01-25,0,16
1178,5,2017-05-26,0,1
1179,2,2015-11-16,0.0425531914893617,142
1179,3,2016-01-25,0,142
1179,5,2017-05-11,0,5
1180,2,2015-11-16,0,24
1180,3,2016-01-25,0,24
1180,5,2017-05-11,1,1
1187,2,2015-11-16,0.0476190476190476,50
1188,2,2015-11-16,0.0909090909090909,54
1188,5,2017-05-17,0,3
1189,2,2015-11-16,0,32
1190,1,2015-05-29,0,7
1190,2,2015-11-20,0.0224719101123595,395
1190,3,2016-01-25,0,395
1190,4,2016-05-16,0,10
1190,5,2017-05-04,0,29
1191,1,2015-06-04,0,2
1191,2,2015-11-20,0,197
1191,3,2016-01-25,0,197
1191,4,2016-05-23,0,4
1191,5,2017-05-05,0,12
1192,1,2015-05-29,0,3
1192,2,2015-11-16,0.0476190476190476,118
1192,3,2016-01-25,0,118
1192,4,2016-05-30,0,1
1192,5,2017-05-05,0,6
1193,1,2015-05-29,0,1
1193,2,2015-11-17,0,60
1193,3,2016-01-25,0,60
1193,5,2017-05-05,0,4
1194,2,2015-11-16,0,30
1195,2,2015-11-17,0,30
1195,3,2016-01-26,0,30
1196,1,2015-05-30,0,2
1196,2,2015-11-25,0,60
1196,4,2016-05-17,0,2
1196,5,2017-05-05,0.166666666666667,6
1197,1,2015-05-30,0,4
1197,2,2015-11-16,0.0465116279069767,93
1197,3,2016-01-25,0,93
1197,5,2017-05-27,0,1
1198,2,2015-11-16,0,10
1198,5,2017-05-26,0,1
1205,1,2015-06-02,1,1
1205,2,2015-11-17,0,19
1205,3,2016-01-25,0,19
1205,5,2017-05-17,0,3
1206,2,2015-11-17,0.02,186
1206,3,2016-01-25,0,186
1206,4,2016-05-17,0,2
1206,5,2017-05-17,0.1,10
1207,2,2015-11-16,0,42
1207,3,2016-01-25,0.2,42
1207,4,2016-05-17,0,1
1207,5,2017-05-16,0,4
1208,2,2015-11-16,0.0555555555555556,66
1208,3,2016-01-25,0,66
1209,1,2015-05-28,0,7
1209,2,2015-11-16,0,439
1209,3,2016-01-25,0.025,439
1209,4,2016-05-17,0,7
1209,5,2017-05-22,0,26
1210,1,2015-05-27,0.142857142857143,14
1210,2,2015-11-17,0.0272373540856031,758
1210,3,2016-01-25,0,758
1210,4,2016-05-17,0.0454545454545455,22
1210,5,2017-05-03,0,38
1211,1,2015-06-03,0,9
1211,2,2015-11-16,0.0174825174825175,766
1211,3,2016-01-25,0,766
1211,4,2016-05-17,0,11
1211,5,2017-05-05,0,25
1212,1,2015-06-04,0,2
1212,2,2015-11-17,0.00943396226415094,283
1212,3,2016-01-25,0,283
1212,4,2016-05-17,0,4
1212,5,2017-05-04,0,15
1213,1,2015-06-03,0,1
1213,2,2015-11-16,0,38
1213,3,2016-01-25,0,38
1213,5,2017-05-29,0,1
1214,2,2015-11-16,0,14
1214,3,2016-01-26,0,14
1222,1,2015-05-29,1,1
1222,2,2015-11-17,0,64
1222,4,2016-05-17,0,4
1222,5,2017-05-03,0,3
1223,1,2015-05-29,0,4
1223,2,2015-11-16,0.0384615384615385,64
1223,3,2016-01-25,0,64
1223,4,2016-05-17,0.333333333333333,3
1223,5,2017-05-03,0,3
1224,1,2015-05-27,0,1
1224,2,2015-11-16,0,73
1224,3,2016-01-25,0,73
1224,4,2016-05-30,0,1
1224,5,2017-05-04,0,4
1226,1,2015-05-27,0,9
1226,2,2015-11-17,0.029126213592233,531
1226,3,2016-01-25,0,531
1226,4,2016-05-16,0,15
1226,5,2017-05-08,0,28
1227,1,2015-05-27,0,5
1227,2,2015-11-16,0.0072992700729927,329
1227,3,2016-01-25,0,329
1227,4,2016-05-16,0,10
1227,5,2017-05-16,0.08,25
1230,2,2015-11-17,0.181818181818182,27
1230,4,2016-05-17,0,2
1230,5,2017-05-03,0,4
1232,1,2015-06-02,0,1
1232,2,2015-11-16,0.0526315789473684,23
1232,3,2016-01-25,0,23
1234,2,2015-11-17,0,12
1237,1,2015-06-11,0.5,2
1237,2,2015-11-16,0,57
1237,3,2016-01-25,0,57
1237,4,2016-05-18,0,2
1237,5,2017-05-08,0,4
1238,2,2015-11-16,0.166666666666667,42
1238,5,2017-05-08,0,1
1239,1,2015-05-27,0,1
1239,2,2015-11-16,0,83
1239,3,2016-01-25,0,83
1239,5,2017-05-06,0,3
1242,2,2015-11-17,0.411764705882353,28
1242,3,2016-01-26,0,28
1242,5,2017-05-11,1,2
1243,1,2015-06-02,0,1
1243,2,2015-11-16,0.157894736842105,80
1243,3,2016-01-25,0,80
1243,4,2016-05-19,0,1
1243,5,2017-05-11,0,6
1244,1,2015-06-02,0.25,4
1244,2,2015-11-16,0.0784313725490196,118
1244,3,2016-01-25,0,118
1244,4,2016-05-19,0,3
1244,5,2017-05-11,0.125,8
1245,2,2015-11-25,0,14
1245,3,2016-01-25,0,14
1245,5,2017-05-11,0,1
1246,1,2015-05-29,0,1
1246,2,2015-11-25,0.2,7
1247,2,2015-11-16,0.166666666666667,12
1247,3,2016-01-26,0,12
1248,1,2015-05-29,0,1
1248,2,2015-11-16,0,26
1248,3,2016-01-26,0.0833333333333333,26
1248,4,2016-05-19,0,1
1248,5,2017-05-11,0,3
1249,2,2015-11-17,0,72
1249,3,2016-01-26,0,72
1249,5,2017-05-11,0,5
1250,2,2015-11-17,0.125,30
1250,3,2016-01-25,0,30
1250,4,2016-05-18,0,2
1250,5,2017-05-08,0,3
1251,2,2015-11-17,0.04,71
1251,3,2016-01-25,0,71
1251,4,2016-05-18,0,3
1251,5,2017-05-08,0,3
1252,2,2015-11-16,0,70
1252,3,2016-01-25,0,70
1252,5,2017-05-08,0.166666666666667,6
1253,1,2015-05-29,0,8
1253,2,2015-11-16,0.00578034682080925,450
1253,3,2016-01-25,0,450
1253,4,2016-05-17,0,14
1253,5,2017-05-06,0.032258064516129,32
1254,1,2015-05-27,0,3
1254,2,2015-11-16,0.0806451612903226,160
1254,3,2016-01-25,0,160
1254,4,2016-05-17,0,1
1254,5,2017-05-08,0,5
1255,1,2015-06-03,0,1
1255,2,2015-11-16,0.230769230769231,50
1255,4,2016-05-19,0,1
1255,5,2017-05-11,0,3
1256,2,2015-11-16,0.25,17
1256,5,2017-05-29,0,1
1257,1,2015-06-03,0.166666666666667,6
1257,2,2015-11-16,0.130434782608696,105
1257,3,2016-01-25,0,105
1257,4,2016-05-19,0,2
1257,5,2017-05-11,0,5
1258,2,2015-11-16,0.0333333333333333,70
1258,3,2016-01-25,0,70
1258,5,2017-05-11,0,4
1259,1,2015-05-29,1,2
1259,2,2015-11-17,0.25,62
1259,3,2016-01-25,0,62
1260,2,2015-11-17,0.125,8
1260,3,2016-01-26,0,8
1261,2,2015-11-17,0.134328358208955,105
1261,3,2016-01-25,0,105
1261,4,2016-05-18,0,1
1261,5,2017-05-09,0,6
1262,1,2015-06-03,0,1
1262,2,2015-11-17,0,78
1262,3,2016-01-26,0,78
1262,5,2017-05-09,0,1
1263,2,2015-11-17,0.111111111111111,41
1263,3,2016-01-26,0,41
1264,2,2015-11-16,0.1,42
1264,5,2017-05-06,0,1
1265,2,2015-11-16,0,11
1265,3,2016-02-02,0,11
1266,4,2016-05-19,0,1
1267,1,2015-05-29,0,1
1267,2,2015-11-16,0.1875,28
1267,3,2016-01-25,0,28
1267,5,2017-05-11,0,2
1268,1,2015-05-29,0,1
1268,2,2015-11-16,0.304347826086957,35
1268,3,2016-01-25,0,35
1268,5,2017-05-11,0,1
1269,1,2015-05-28,0.2,5
1269,2,2015-11-16,0.0483870967741935,121
1269,3,2016-01-25,0,121
1269,4,2016-05-18,0,4
1269,5,2017-05-08,0,5
1270,1,2015-06-02,0.5,2
1270,2,2015-11-16,0,211
1270,3,2016-01-26,0,211
1270,4,2016-05-19,0,5
1270,5,2017-05-08,0,2
1271,1,2015-05-30,0,2
1271,2,2015-11-16,0.025,133
1271,3,2016-01-25,0,133
1271,4,2016-05-17,0,4
1272,1,2015-06-03,0,1
1272,2,2015-11-21,0,18
1274,2,2015-11-17,0.0909090909090909,22
1274,4,2016-05-19,0,1
1274,5,2017-05-11,1,1
1276,1,2015-06-06,0,2
1276,2,2015-11-17,0.0384615384615385,86
1276,3,2016-01-25,0,86
1276,4,2016-05-18,0,1
1276,5,2017-05-08,0,1
1277,1,2015-06-11,0,1
1277,2,2015-11-17,0.0547945205479452,154
1277,3,2016-01-26,0.166666666666667,154
1277,4,2016-05-26,0,2
1277,5,2017-05-08,0,12
1278,1,2015-06-02,0,3
1278,2,2015-11-16,0,72
1278,3,2016-02-01,0,72
1278,4,2016-05-20,0,2
1279,2,2015-11-17,0.0666666666666667,29
1280,2,2015-11-17,0,25
1280,3,2016-01-25,0,25
1280,4,2016-05-19,0,1
1281,2,2015-11-17,0.0666666666666667,31
1281,5,2017-05-30,0,2
1282,2,2015-11-17,0,26
1288,1,2015-06-03,0,1
1288,2,2015-11-16,0,54
1288,3,2016-01-26,0,54
1288,5,2017-05-09,0,8
1289,2,2015-11-16,0,11
1289,5,2017-05-23,0,1
1290,2,2015-11-17,0,55
1293,2,2015-11-17,0,15
1293,5,2017-05-08,1,1
1294,2,2015-11-16,0.0666666666666667,32
1294,3,2016-01-26,0,32
1294,4,2016-05-19,0,1
1294,5,2017-05-08,0,4
1295,2,2015-11-16,0,68
1295,3,2016-01-26,0,68
1295,5,2017-05-08,0,1
1296,2,2015-11-17,0.166666666666667,19
1296,5,2017-05-08,0,1
1297,2,2015-11-17,0.125,48
1297,3,2016-01-26,0,48
1298,2,2015-11-16,0,56
1298,3,2016-01-26,0.2,56
1298,4,2016-05-19,0,2
1298,5,2017-05-08,0,3
1299,2,2015-11-16,0,15
1299,5,2017-05-08,0,1
1301,2,2015-11-16,0,24
