"event","fulldate","cov_newclin_youth","cov_newclin_adult","cov_severe_youth","cov_severe_adult","duration","grid_cell"
1,"2010-01-01",0.203683457456951,0.135788971637967,0.8,0.8,18250,1
1,"2010-01-01",0.731737957656231,0.487825305104154,0.8,0.8,18250,2
1,"2010-01-01",0.689299901756986,0.459533267837991,0.8,0.8,18250,3
1,"2010-01-01",0.699060728203594,0.466040485469063,0.8,0.8,18250,4
1,"2010-01-01",0.795409411621638,0.530272941081092,0.8,0.8,18250,5
1,"2010-01-01",0.837829116128853,0.558552744085902,0.837829116128853,0.837829116128853,18250,6
1,"2010-01-01",0.749628174888257,0.499752116592172,0.8,0.8,18250,7
1,"2010-01-01",0.655841418925638,0.437227612617092,0.8,0.8,18250,8
1,"2010-01-01",0.572071303937267,0.381380869291511,0.8,0.8,18250,9
1,"2010-01-01",0.153129728660009,0.10208648577334,0.8,0.8,18250,10
1,"2010-01-01",0.351277983069129,0.234185322046086,0.8,0.8,18250,11
1,"2010-01-01",0.531108991651059,0.354072661100706,0.8,0.8,18250,12
1,"2010-01-01",0.827706963239871,0.551804642159914,0.827706963239871,0.827706963239871,18250,13
1,"2010-01-01",0.745820257464284,0.497213504976189,0.8,0.8,18250,14
1,"2010-01-01",0.653897024955039,0.435931349970026,0.8,0.8,18250,15
1,"2010-01-01",0.57088331117154,0.38058887411436,0.8,0.8,18250,16
1,"2010-01-01",0.497746699925777,0.331831133283851,0.8,0.8,18250,17
1,"2010-01-01",0.43372792060193,0.289151947067953,0.8,0.8,18250,18
1,"2010-01-01",0.11491133387958,0.0766075559197201,0.8,0.8,18250,19
1,"2010-01-01",0.13188839074542,0.0879255938302803,0.8,0.8,18250,20
1,"2010-01-01",0.151354067030041,0.10090271135336,0.8,0.8,18250,21
1,"2010-01-01",0.173664616918615,0.115776411279077,0.8,0.8,18250,22
1,"2010-01-01",0.722101024999823,0.481400683333215,0.8,0.8,18250,23
1,"2010-01-01",0.421796070787473,0.281197380524982,0.8,0.8,18250,24
1,"2010-01-01",0.664493001389262,0.442995334259508,0.8,0.8,18250,25
1,"2010-01-01",0.358390628731189,0.238927085820793,0.8,0.8,18250,26
1,"2010-01-01",0.273444340247996,0.182296226831998,0.8,0.8,18250,27
1,"2010-01-01",0.193987305805545,0.12932487053703,0.8,0.8,18250,28
1,"2010-01-01",0.627915481987364,0.418610321324909,0.8,0.8,18250,29
1,"2010-01-01",0.604879347142054,0.403252898094702,0.8,0.8,18250,30
1,"2010-01-01",0.623618692189134,0.415745794792756,0.8,0.8,18250,31
1,"2010-01-01",0.79925770683589,0.532838471223927,0.8,0.8,18250,32
1,"2010-01-01",0.808475353375652,0.538983568917101,0.808475353375652,0.808475353375652,18250,33
1,"2010-01-01",0.483721051336176,0.322480700890784,0.8,0.8,18250,34
1,"2010-01-01",0.211325657824671,0.140883771883114,0.8,0.8,18250,35
1,"2010-01-01",0.186604318629941,0.124402879086628,0.8,0.8,18250,36
1,"2010-01-01",0.479692655537225,0.319795103691484,0.8,0.8,18250,37
1,"2010-01-01",0.530897100403598,0.353931400269065,0.8,0.8,18250,38
1,"2010-01-01",0.62814332395568,0.418762215970453,0.8,0.8,18250,39
1,"2010-01-01",0.719880253107236,0.479920168738157,0.8,0.8,18250,40
1,"2010-01-01",0.819238369795314,0.546158913196876,0.819238369795314,0.819238369795314,18250,41
1,"2010-01-01",0.831597331642337,0.554398221094891,0.831597331642337,0.831597331642337,18250,42
1,"2010-01-01",0.733060660444252,0.488707106962835,0.8,0.8,18250,43
1,"2010-01-01",0.639865461746962,0.426576974497975,0.8,0.8,18250,44
1,"2010-01-01",0.485779314023845,0.323852876015897,0.8,0.8,18250,45
1,"2010-01-01",0.368398040755465,0.245598693836977,0.8,0.8,18250,46
1,"2010-01-01",0.201401043818304,0.134267362545536,0.8,0.8,18250,47
1,"2010-01-01",0.474200483664893,0.316133655776596,0.8,0.8,18250,48
1,"2010-01-01",0.464416129495131,0.309610752996754,0.8,0.8,18250,49
1,"2010-01-01",0.529495290414905,0.352996860276603,0.8,0.8,18250,50
1,"2010-01-01",0.600667649109764,0.400445099406509,0.8,0.8,18250,51
1,"2010-01-01",0.73607553509709,0.49071702339806,0.8,0.8,18250,52
1,"2010-01-01",0.188671682246576,0.125781121497717,0.8,0.8,18250,53
1,"2010-01-01",0.299459092963236,0.199639395308824,0.8,0.8,18250,54
1,"2010-01-01",0.388428680747655,0.25895245383177,0.8,0.8,18250,55
1,"2010-01-01",0.440245368676686,0.293496912451124,0.8,0.8,18250,56
1,"2010-01-01",0.284800853861241,0.189867235907494,0.8,0.8,18250,57
1,"2010-01-01",0.503547871031044,0.335698580687363,0.8,0.8,18250,58
1,"2010-01-01",0.460172274480148,0.306781516320099,0.8,0.8,18250,59
1,"2010-01-01",0.328011140450922,0.218674093633948,0.8,0.8,18250,60
1,"2010-01-01",0.289658219354819,0.193105479569879,0.8,0.8,18250,61
1,"2010-01-01",0.414141322786646,0.276094215191097,0.8,0.8,18250,62
1,"2010-01-01",0.247363835533292,0.164909223688861,0.8,0.8,18250,63
1,"2010-01-01",0.198949469322659,0.132632979548439,0.8,0.8,18250,64
1,"2010-01-01",0.176172799536213,0.117448533024142,0.8,0.8,18250,65
1,"2010-01-01",0.234743137572226,0.156495425048151,0.8,0.8,18250,66
1,"2010-01-01",0.23228309777491,0.154855398516606,0.8,0.8,18250,67
1,"2010-01-01",0.226843183295758,0.151228788863838,0.8,0.8,18250,68
1,"2010-01-01",0.300978457225875,0.20065230481725,0.8,0.8,18250,69
1,"2010-01-01",0.324038856289704,0.216025904193136,0.8,0.8,18250,70
1,"2010-01-01",0.366869218720294,0.244579479146863,0.8,0.8,18250,71
1,"2010-01-01",0.360179325530589,0.240119550353726,0.8,0.8,18250,72
1,"2010-01-01",0.203937664798917,0.135958443199278,0.8,0.8,18250,73
1,"2010-01-01",0.201998737697221,0.134665825131481,0.8,0.8,18250,74
1,"2010-01-01",0.197559912796711,0.131706608531141,0.8,0.8,18250,75
1,"2010-01-01",0.182366473638521,0.121577649092347,0.8,0.8,18250,76
1,"2010-01-01",0.186351635031768,0.124234423354512,0.8,0.8,18250,77
1,"2010-01-01",0.318960305692941,0.212640203795294,0.8,0.8,18250,78
1,"2010-01-01",0.303190644939568,0.202127096626379,0.8,0.8,18250,79
1,"2010-01-01",0.176632680201329,0.117755120134219,0.8,0.8,18250,80
1,"2010-01-01",0.177173651372815,0.118115767581876,0.8,0.8,18250,81
1,"2010-01-01",0.172093627805918,0.114729085203945,0.8,0.8,18250,82
1,"2010-01-01",0.16675012597558,0.111166750650387,0.8,0.8,18250,83
1,"2010-01-01",0.15987241894983,0.10658161263322,0.8,0.8,18250,84
1,"2010-01-01",0.151779451394316,0.101186300929544,0.8,0.8,18250,85
1,"2010-01-01",0.236991150539844,0.157994100359896,0.8,0.8,18250,86
1,"2010-01-01",0.251617430756856,0.167744953837904,0.8,0.8,18250,87
1,"2010-01-01",0.263748093086273,0.175832062057515,0.8,0.8,18250,88
1,"2010-01-01",0.273388763300101,0.182259175533401,0.8,0.8,18250,89
1,"2010-01-01",0.2650928753428,0.176728583561867,0.8,0.8,18250,90
1,"2010-01-01",0.136671324520685,0.0911142163471232,0.8,0.8,18250,91
1,"2010-01-01",0.153490111438246,0.102326740958831,0.8,0.8,18250,92
1,"2010-01-01",0.153921279759985,0.102614186506657,0.8,0.8,18250,93
1,"2010-01-01",0.209124008998914,0.139416005999276,0.8,0.8,18250,94
1,"2010-01-01",0.241022598324589,0.160681732216393,0.8,0.8,18250,95
1,"2010-01-01",0.119725897234871,0.0798172648232471,0.8,0.8,18250,96
1,"2010-01-01",0.133374318701648,0.0889162124677654,0.8,0.8,18250,97
1,"2010-01-01",0.133720044110353,0.0891466960735685,0.8,0.8,18250,98
1,"2010-01-01",0.155856776336549,0.103904517557699,0.8,0.8,18250,99
1,"2010-01-01",0.193497160521572,0.128998107014381,0.8,0.8,18250,100
1,"2010-01-01",0.0947510026024946,0.0631673350683297,0.8,0.8,18250,101
1,"2010-01-01",0.104770764404835,0.0698471762698903,0.8,0.8,18250,102
1,"2010-01-01",0.114538244089516,0.0763588293930107,0.8,0.8,18250,103
1,"2010-01-01",0.115891104285701,0.0772607361904672,0.8,0.8,18250,104
1,"2010-01-01",0.186730173649418,0.124486782432945,0.8,0.8,18250,105
1,"2010-01-01",0.177291885116659,0.118194590077773,0.8,0.8,18250,106
1,"2010-01-01",0.222716653585493,0.148477769056996,0.8,0.8,18250,107
1,"2010-01-01",0.212941527109578,0.141961018073052,0.8,0.8,18250,108
1,"2010-01-01",0.201261380497371,0.134174253664914,0.8,0.8,18250,109
1,"2010-01-01",0.0731654441006615,0.0487769627337744,0.8,0.8,18250,110
1,"2010-01-01",0.25467572231949,0.16978381487966,0.8,0.8,18250,111
1,"2010-01-01",0.131869279009651,0.0879128526731007,0.8,0.8,18250,112
1,"2010-01-01",0.064181026719299,0.0427873511461994,0.8,0.8,18250,113
1,"2010-01-01",0.0671957356464259,0.0447971570976172,0.8,0.8,18250,114
1,"2010-01-01",0.311585490480686,0.207723660320457,0.8,0.8,18250,115
1,"2010-01-01",0.178518725608158,0.119012483738772,0.8,0.8,18250,116
1,"2010-01-01",0.0587573976372774,0.0391715984248516,0.8,0.8,18250,117
1,"2010-01-01",0.0609863773104779,0.0406575848736519,0.8,0.8,18250,118
1,"2010-01-01",0.062876653535276,0.0419177690235173,0.8,0.8,18250,119
1,"2010-01-01",0.0643770600539195,0.0429180400359463,0.8,0.8,18250,120
1,"2010-01-01",0.0472931295312716,0.0315287530208477,0.8,0.8,18250,121
1,"2010-01-01",0.358481014908669,0.238987343272446,0.8,0.8,18250,122
1,"2010-01-01",0.356161403874524,0.237440935916349,0.8,0.8,18250,123
1,"2010-01-01",0.346738721006085,0.23115914733739,0.8,0.8,18250,124
1,"2010-01-01",0.0492526858785513,0.0328351239190342,0.8,0.8,18250,125
1,"2010-01-01",0.0531995368594933,0.0354663579063289,0.8,0.8,18250,126
1,"2010-01-01",0.0547662726216764,0.036510848414451,0.8,0.8,18250,127
1,"2010-01-01",0.0560068623294318,0.0373379082196212,0.8,0.8,18250,128
1,"2010-01-01",0.0287796571056515,0.0191864380704343,0.8,0.8,18250,129
1,"2010-01-01",0.0376788184384978,0.0251192122923319,0.8,0.8,18250,130
1,"2010-01-01",0.0430897238996961,0.0287264825997974,0.8,0.8,18250,131
1,"2010-01-01",0.0492571121172016,0.0328380747448011,0.8,0.8,18250,132
1,"2010-01-01",0.37635136729992,0.25090091153328,0.8,0.8,18250,133
1,"2010-01-01",0.293269028726742,0.195512685817828,0.8,0.8,18250,134
1,"2010-01-01",0.236955768486616,0.15797051232441,0.8,0.8,18250,135
1,"2010-01-01",0.211265272260809,0.14084351484054,0.8,0.8,18250,136
1,"2010-01-01",0.18763398200138,0.125089321334253,0.8,0.8,18250,137
1,"2010-01-01",0.0430978052221053,0.0287318701480702,0.8,0.8,18250,138
1,"2010-01-01",0.0463891894154668,0.0309261262769778,0.8,0.8,18250,139
1,"2010-01-01",0.0476902937553508,0.0317935291702339,0.8,0.8,18250,140
1,"2010-01-01",0.0339444780815217,0.0226296520543478,0.8,0.8,18250,141
1,"2010-01-01",0.0583489381661612,0.0388992921107741,0.8,0.8,18250,142
1,"2010-01-01",0.0667548380230975,0.0445032253487316,0.8,0.8,18250,143
1,"2010-01-01",0.425548466242444,0.283698977494963,0.8,0.8,18250,144
1,"2010-01-01",0.392587373397252,0.261724915598168,0.8,0.8,18250,145
1,"2010-01-01",0.357191653272242,0.238127768848161,0.8,0.8,18250,146
1,"2010-01-01",0.321736552884025,0.214491035256017,0.8,0.8,18250,147
1,"2010-01-01",0.28769527703733,0.19179685135822,0.8,0.8,18250,148
1,"2010-01-01",0.226684209009324,0.151122806006216,0.8,0.8,18250,149
1,"2010-01-01",0.0503322820796937,0.0335548547197958,0.8,0.8,18250,150
1,"2010-01-01",0.0406070859651644,0.0270713906434429,0.8,0.8,18250,151
1,"2010-01-01",0.0404372517371201,0.0269581678247467,0.8,0.8,18250,152
1,"2010-01-01",0.0415197079438874,0.027679805295925,0.8,0.8,18250,153
1,"2010-01-01",0.0119036681894074,0.00793577879293825,0.8,0.8,18250,154
1,"2010-01-01",0.0257102871778683,0.0171401914519122,0.8,0.8,18250,155
1,"2010-01-01",0.0264410133800058,0.0176273422533372,0.8,0.8,18250,156
1,"2010-01-01",0.0303286460497129,0.0202190973664753,0.8,0.8,18250,157
1,"2010-01-01",0.0347835935226712,0.0231890623484475,0.8,0.8,18250,158
1,"2010-01-01",0.0398873616515609,0.0265915744343739,0.8,0.8,18250,159
1,"2010-01-01",0.0524252324900467,0.0349501549933645,0.8,0.8,18250,160
1,"2010-01-01",0.0600845309270758,0.0400563539513839,0.8,0.8,18250,161
1,"2010-01-01",0.545833844948323,0.363889229965549,0.8,0.8,18250,162
1,"2010-01-01",0.539426117763905,0.359617411842603,0.8,0.8,18250,163
1,"2010-01-01",0.514632127249483,0.343088084832989,0.8,0.8,18250,164
1,"2010-01-01",0.477689184525576,0.318459456350384,0.8,0.8,18250,165
1,"2010-01-01",0.435030449188988,0.290020299459325,0.8,0.8,18250,166
1,"2010-01-01",0.391197370007178,0.260798246671452,0.8,0.8,18250,167
1,"2010-01-01",0.348833579280432,0.232555719520288,0.8,0.8,18250,168
1,"2010-01-01",0.240518718968345,0.160345812645563,0.8,0.8,18250,169
1,"2010-01-01",0.0169275012765043,0.0112850008510029,0.8,0.8,18250,170
1,"2010-01-01",0.00976866991693245,0.0065124466112883,0.8,0.8,18250,171
1,"2010-01-01",0.00884058403709749,0.00589372269139833,0.8,0.8,18250,172
1,"2010-01-01",0.00798501676591701,0.00532334451061134,0.8,0.8,18250,173
1,"2010-01-01",0.0071990279056904,0.00479935193712694,0.8,0.8,18250,174
1,"2010-01-01",0.0298237576825224,0.0198825051216816,0.8,0.8,18250,175
1,"2010-01-01",0.0308725095319053,0.0205816730212702,0.8,0.8,18250,176
1,"2010-01-01",0.0354340633059154,0.0236227088706102,0.8,0.8,18250,177
1,"2010-01-01",0.627847286379765,0.41856485758651,0.8,0.8,18250,178
1,"2010-01-01",0.580696834264205,0.387131222842803,0.8,0.8,18250,179
1,"2010-01-01",0.529792838169538,0.353195225446359,0.8,0.8,18250,180
1,"2010-01-01",0.475137508135269,0.316758338756846,0.8,0.8,18250,181
1,"2010-01-01",0.0478047875189696,0.0318698583459798,0.8,0.8,18250,182
1,"2010-01-01",0.00883946248940255,0.00589297499293503,0.8,0.8,18250,183
1,"2010-01-01",0.00655459568521309,0.00436973045680873,0.8,0.8,18250,184
1,"2010-01-01",0.0358809987550565,0.0239206658367043,0.8,0.8,18250,185
1,"2010-01-01",0.163769065839088,0.109179377226059,0.8,0.8,18250,186
1,"2010-01-01",0.703699731676956,0.469133154451304,0.8,0.8,18250,187
1,"2010-01-01",0.0515132403702212,0.0343421602468141,0.8,0.8,18250,188
1,"2010-01-01",0.00657859257693915,0.0043857283846261,0.8,0.8,18250,189
1,"2010-01-01",0.0394899171943159,0.0263266114628773,0.8,0.8,18250,190
1,"2010-01-01",0.0476482882943387,0.0317655255295592,0.8,0.8,18250,191
1,"2010-01-01",0.0547306587294916,0.0364871058196611,0.8,0.8,18250,192
1,"2010-01-01",0.190414169846289,0.126942779897526,0.8,0.8,18250,193
1,"2010-01-01",0.574379915963398,0.382919943975599,0.8,0.8,18250,194
1,"2010-01-01",0.828391026649672,0.552260684433114,0.828391026649672,0.828391026649672,18250,195
1,"2010-01-01",0.784666125757627,0.523110750505084,0.8,0.8,18250,196
1,"2010-01-01",0.691859716826429,0.461239811217619,0.8,0.8,18250,197
1,"2010-01-01",0.0552278661380284,0.0368185774253523,0.8,0.8,18250,198
1,"2010-01-01",0.00861707655945208,0.00574471770630139,0.8,0.8,18250,199
1,"2010-01-01",0.0431770904694619,0.0287847269796413,0.8,0.8,18250,200
1,"2010-01-01",0.0450089005685586,0.0300059337123724,0.8,0.8,18250,201
1,"2010-01-01",0.0547539578636376,0.0365026385757584,0.8,0.8,18250,202
1,"2010-01-01",0.0628935591436428,0.0419290394290952,0.8,0.8,18250,203
1,"2010-01-01",0.109483481224878,0.0729889874832521,0.8,0.8,18250,204
1,"2010-01-01",0.190560445104501,0.127040296736334,0.8,0.8,18250,205
1,"2010-01-01",0.501869140340937,0.334579426893958,0.8,0.8,18250,206
1,"2010-01-01",0.660281787294565,0.440187858196377,0.8,0.8,18250,207
1,"2010-01-01",0.841686606362238,0.561124404241492,0.841686606362238,0.841686606362238,18250,208
1,"2010-01-01",0.791758253750117,0.527838835833411,0.8,0.8,18250,209
1,"2010-01-01",0.695034164354775,0.46335610956985,0.8,0.8,18250,210
1,"2010-01-01",0.066666300153051,0.044444200102034,0.8,0.8,18250,211
1,"2010-01-01",0.0480597611107786,0.0320398407405191,0.8,0.8,18250,212
1,"2010-01-01",0.0516210360748166,0.0344140240498777,0.8,0.8,18250,213
1,"2010-01-01",0.052176323640792,0.034784215760528,0.8,0.8,18250,214
1,"2010-01-01",0.0523840829349468,0.0349227219566312,0.8,0.8,18250,215
1,"2010-01-01",0.0509135030607948,0.0339423353738632,0.8,0.8,18250,216
1,"2010-01-01",0.054394713590732,0.0362631423938213,0.8,0.8,18250,217
1,"2010-01-01",0.0717170732077357,0.0478113821384905,0.8,0.8,18250,218
1,"2010-01-01",0.108530412385468,0.0723536082569784,0.8,0.8,18250,219
1,"2010-01-01",0.124584340727181,0.0830562271514541,0.8,0.8,18250,220
1,"2010-01-01",0.216043578778327,0.144029052518885,0.8,0.8,18250,221
1,"2010-01-01",0.372755509834856,0.248503673223237,0.8,0.8,18250,222
1,"2010-01-01",0.625072192095247,0.416714794730165,0.8,0.8,18250,223
1,"2010-01-01",0.693489628452197,0.462326418968132,0.8,0.8,18250,224
1,"2010-01-01",0.734230342486705,0.489486894991137,0.8,0.8,18250,225
1,"2010-01-01",0.262018968880871,0.174679312587247,0.8,0.8,18250,226
1,"2010-01-01",0.115961205227482,0.0773074701516549,0.8,0.8,18250,227
1,"2010-01-01",0.0568164068577182,0.0378776045718121,0.8,0.8,18250,228
1,"2010-01-01",0.0600042882932116,0.0400028588621411,0.8,0.8,18250,229
1,"2010-01-01",0.0602562317907183,0.0401708211938122,0.8,0.8,18250,230
1,"2010-01-01",0.0584811238369219,0.0389874158912813,0.8,0.8,18250,231
1,"2010-01-01",0.16050214560965,0.107001430406433,0.8,0.8,18250,232
1,"2010-01-01",0.183817182264269,0.122544788176179,0.8,0.8,18250,233
1,"2010-01-01",0.210400060725344,0.140266707150229,0.8,0.8,18250,234
1,"2010-01-01",0.405771728664741,0.270514485776494,0.8,0.8,18250,235
1,"2010-01-01",0.514578669906336,0.343052446604224,0.8,0.8,18250,236
1,"2010-01-01",0.569665668786294,0.379777112524196,0.8,0.8,18250,237
1,"2010-01-01",0.615610908191386,0.410407272127591,0.8,0.8,18250,238
1,"2010-01-01",0.270174675940588,0.180116450627059,0.8,0.8,18250,239
1,"2010-01-01",0.177675163877503,0.118450109251669,0.8,0.8,18250,240
1,"2010-01-01",0.158110419617801,0.105406946411868,0.8,0.8,18250,241
1,"2010-01-01",0.140275868123198,0.0935172454154653,0.8,0.8,18250,242
1,"2010-01-01",0.124145730146351,0.0827638200975675,0.8,0.8,18250,243
1,"2010-01-01",0.109646264575774,0.0730975097171828,0.8,0.8,18250,244
1,"2010-01-01",0.0966756739028733,0.0644504492685822,0.8,0.8,18250,245
1,"2010-01-01",0.0851177595075207,0.0567451730050138,0.8,0.8,18250,246
1,"2010-01-01",0.0577788722684447,0.0385192481789631,0.8,0.8,18250,247
1,"2010-01-01",0.0693113734246738,0.0462075822831158,0.8,0.8,18250,248
1,"2010-01-01",0.0690995098295614,0.0460663398863743,0.8,0.8,18250,249
1,"2010-01-01",0.0683760511892692,0.0455840341261795,0.8,0.8,18250,250
1,"2010-01-01",0.0654970579589018,0.0436647053059345,0.8,0.8,18250,251
1,"2010-01-01",0.0906360024323134,0.0604240016215423,0.8,0.8,18250,252
1,"2010-01-01",0.103771278600263,0.0691808524001756,0.8,0.8,18250,253
1,"2010-01-01",0.1552630133113,0.103508675540866,0.8,0.8,18250,254
1,"2010-01-01",0.378520407299838,0.252346938199892,0.8,0.8,18250,255
1,"2010-01-01",0.311725462364542,0.207816974909695,0.8,0.8,18250,256
1,"2010-01-01",0.131864909852603,0.0879099399017356,0.8,0.8,18250,257
1,"2010-01-01",0.116038831009165,0.0773592206727768,0.8,0.8,18250,258
1,"2010-01-01",0.101977547109066,0.0679850314060442,0.8,0.8,18250,259
1,"2010-01-01",0.060260701892723,0.0401738012618153,0.8,0.8,18250,260
1,"2010-01-01",0.0548057771782147,0.0365371847854764,0.8,0.8,18250,261
1,"2010-01-01",0.0585840799558058,0.0390560533038705,0.8,0.8,18250,262
1,"2010-01-01",0.062277059016362,0.0415180393442414,0.8,0.8,18250,263
1,"2010-01-01",0.0691096598240371,0.0460731065493581,0.8,0.8,18250,264
1,"2010-01-01",0.0746734861009211,0.0497823240672807,0.8,0.8,18250,265
1,"2010-01-01",0.0797272779417731,0.0531515186278487,0.8,0.8,18250,266
1,"2010-01-01",0.0794703806173827,0.0529802537449218,0.8,0.8,18250,267
1,"2010-01-01",0.0771201261786316,0.051413417452421,0.8,0.8,18250,268
1,"2010-01-01",0.100148075551172,0.0667653837007815,0.8,0.8,18250,269
1,"2010-01-01",0.148651112753109,0.0991007418354058,0.8,0.8,18250,270
1,"2010-01-01",0.192247125137451,0.128164750091634,0.8,0.8,18250,271
1,"2010-01-01",0.384137518841496,0.256091679227664,0.8,0.8,18250,272
1,"2010-01-01",0.293519645372022,0.195679763581348,0.8,0.8,18250,273
1,"2010-01-01",0.0416517702164725,0.0277678468109817,0.8,0.8,18250,274
1,"2010-01-01",0.0210748832844096,0.0140499221896064,0.8,0.8,18250,275
1,"2010-01-01",0.0573444665490876,0.0382296443660584,0.8,0.8,18250,276
1,"2010-01-01",0.0824311775829729,0.0549541183886486,0.8,0.8,18250,277
1,"2010-01-01",0.0912517009239569,0.0608344672826379,0.8,0.8,18250,278
1,"2010-01-01",0.0917084272455135,0.061138951497009,0.8,0.8,18250,279
1,"2010-01-01",0.0913958341343699,0.0609305560895799,0.8,0.8,18250,280
1,"2010-01-01",0.0903251521282523,0.0602167680855015,0.8,0.8,18250,281
1,"2010-01-01",0.0885342999768665,0.0590228666512443,0.8,0.8,18250,282
1,"2010-01-01",0.109146953089845,0.0727646353932303,0.8,0.8,18250,283
1,"2010-01-01",0.124127508959112,0.0827516726394079,0.8,0.8,18250,284
1,"2010-01-01",0.203899808686228,0.135933205790819,0.8,0.8,18250,285
1,"2010-01-01",0.256564392232417,0.171042928154944,0.8,0.8,18250,286
1,"2010-01-01",0.285533711952606,0.190355807968404,0.8,0.8,18250,287
1,"2010-01-01",0.355891770843749,0.237261180562499,0.8,0.8,18250,288
1,"2010-01-01",0.0246897601988169,0.0164598401325446,0.8,0.8,18250,289
1,"2010-01-01",0.0643250380625024,0.0428833587083349,0.8,0.8,18250,290
1,"2010-01-01",0.0695666578531071,0.0463777719020714,0.8,0.8,18250,291
1,"2010-01-01",0.0748402924911072,0.0498935283274048,0.8,0.8,18250,292
1,"2010-01-01",0.0941877632615797,0.0627918421743865,0.8,0.8,18250,293
1,"2010-01-01",0.101102829566799,0.067401886377866,0.8,0.8,18250,294
1,"2010-01-01",0.105108173433767,0.0700721156225115,0.8,0.8,18250,295
1,"2010-01-01",0.103798743758613,0.0691991625057418,0.8,0.8,18250,296
1,"2010-01-01",0.101611987674766,0.067741325116511,0.8,0.8,18250,297
1,"2010-01-01",0.0910462517432785,0.0606975011621857,0.8,0.8,18250,298
1,"2010-01-01",0.188853870521757,0.125902580347838,0.8,0.8,18250,299
1,"2010-01-01",0.307582849067175,0.20505523271145,0.8,0.8,18250,300
1,"2010-01-01",0.36222814805039,0.241485432033594,0.8,0.8,18250,301
1,"2010-01-01",0.256631988347053,0.171087992231368,0.8,0.8,18250,302
1,"2010-01-01",0.0288077186023548,0.0192051457349032,0.8,0.8,18250,303
1,"2010-01-01",0.0250954391429339,0.016730292761956,0.8,0.8,18250,304
1,"2010-01-01",0.02186044580958,0.01457363053972,0.8,0.8,18250,305
1,"2010-01-01",0.0190416177347124,0.0126944118231416,0.8,0.8,18250,306
1,"2010-01-01",0.0404005182629253,0.0269336788419502,0.8,0.8,18250,307
1,"2010-01-01",0.0496519363071557,0.0331012908714371,0.8,0.8,18250,308
1,"2010-01-01",0.0547911050261444,0.0365274033507629,0.8,0.8,18250,309
1,"2010-01-01",0.0602496069027324,0.0401664046018216,0.8,0.8,18250,310
1,"2010-01-01",0.0659936048742341,0.0439957365828227,0.8,0.8,18250,311
1,"2010-01-01",0.0719729786990066,0.0479819857993377,0.8,0.8,18250,312
1,"2010-01-01",0.10752902812317,0.07168601874878,0.8,0.8,18250,313
1,"2010-01-01",0.115955251869017,0.0773035012460114,0.8,0.8,18250,314
1,"2010-01-01",0.118830645388381,0.079220430258921,0.8,0.8,18250,315
1,"2010-01-01",0.121342626070717,0.0808950840471447,0.8,0.8,18250,316
1,"2010-01-01",0.119266061212425,0.0795107074749498,0.8,0.8,18250,317
1,"2010-01-01",0.103333374931973,0.0688889166213151,0.8,0.8,18250,318
1,"2010-01-01",0.0976929199802699,0.06512861332018,0.8,0.8,18250,319
1,"2010-01-01",0.091711828238912,0.0611412188259413,0.8,0.8,18250,320
1,"2010-01-01",0.0858503826261284,0.0572335884174189,0.8,0.8,18250,321
1,"2010-01-01",0.0971220350855905,0.0647480233903937,0.8,0.8,18250,322
1,"2010-01-01",0.109664911020436,0.0731099406802908,0.8,0.8,18250,323
1,"2010-01-01",0.173456452310441,0.115637634873627,0.8,0.8,18250,324
1,"2010-01-01",0.260851048845639,0.173900699230426,0.8,0.8,18250,325
1,"2010-01-01",0.347600892520713,0.231733928347142,0.8,0.8,18250,326
1,"2010-01-01",0.0253686518427865,0.0169124345618577,0.8,0.8,18250,327
1,"2010-01-01",0.0220895495482994,0.0147263663655329,0.8,0.8,18250,328
1,"2010-01-01",0.00352100508008665,0.00234733672005777,0.8,0.8,18250,329
1,"2010-01-01",0.039530594866491,0.026353729910994,0.8,0.8,18250,330
1,"2010-01-01",0.0441337365280961,0.0294224910187307,0.8,0.8,18250,331
1,"2010-01-01",0.054594260621888,0.0363961737479254,0.8,0.8,18250,332
1,"2010-01-01",0.0604541480159125,0.0403027653439417,0.8,0.8,18250,333
1,"2010-01-01",0.132933241800521,0.0886221612003476,0.8,0.8,18250,334
1,"2010-01-01",0.136472916563233,0.0909819443754889,0.8,0.8,18250,335
1,"2010-01-01",0.138721836983892,0.0924812246559278,0.8,0.8,18250,336
1,"2010-01-01",0.139577415607008,0.093051610404672,0.8,0.8,18250,337
1,"2010-01-01",0.138999650773737,0.0926664338491579,0.8,0.8,18250,338
1,"2010-01-01",0.137015614484621,0.0913437429897474,0.8,0.8,18250,339
1,"2010-01-01",0.117558981117134,0.0783726540780896,0.8,0.8,18250,340
1,"2010-01-01",0.103598173799911,0.0690654491999409,0.8,0.8,18250,341
1,"2010-01-01",0.0962617473599032,0.0641744982399355,0.8,0.8,18250,342
1,"2010-01-01",0.0906462970347622,0.0604308646898414,0.8,0.8,18250,343
1,"2010-01-01",0.101958837550638,0.0679725583670922,0.8,0.8,18250,344
1,"2010-01-01",0.114383858475561,0.0762559056503739,0.8,0.8,18250,345
1,"2010-01-01",0.800961606334954,0.533974404223302,0.800961606334954,0.800961606334954,18250,346
1,"2010-01-01",0.704794691602602,0.469863127735068,0.8,0.8,18250,347
1,"2010-01-01",0.354653321040752,0.236435547360501,0.8,0.8,18250,348
1,"2010-01-01",0.308832544112619,0.205888362741746,0.8,0.8,18250,349
1,"2010-01-01",0.268914004604886,0.179276003069924,0.8,0.8,18250,350
1,"2010-01-01",0.234144496643553,0.156096331095702,0.8,0.8,18250,351
1,"2010-01-01",0.0261388135839308,0.0174258757226206,0.8,0.8,18250,352
1,"2010-01-01",0.0245807022736234,0.0163871348490823,0.8,0.8,18250,353
1,"2010-01-01",0.0230182608479478,0.0153455072319652,0.8,0.8,18250,354
1,"2010-01-01",0.00428117426341922,0.00285411617561282,0.8,0.8,18250,355
1,"2010-01-01",0.00382862027254493,0.00255241351502996,0.8,0.8,18250,356
1,"2010-01-01",0.0428788715114916,0.0285859143409944,0.8,0.8,18250,357
1,"2010-01-01",0.0480186356324925,0.032012423754995,0.8,0.8,18250,358
1,"2010-01-01",0.0736061286504065,0.0490707524336043,0.8,0.8,18250,359
1,"2010-01-01",0.159487118984723,0.106324745989816,0.8,0.8,18250,360
1,"2010-01-01",0.159835739119049,0.1065571594127,0.8,0.8,18250,361
1,"2010-01-01",0.157374573543353,0.104916382362235,0.8,0.8,18250,362
1,"2010-01-01",0.147791118976641,0.0985274126510938,0.8,0.8,18250,363
1,"2010-01-01",0.133534580788907,0.0890230538592715,0.8,0.8,18250,364
1,"2010-01-01",0.125328072276467,0.0835520481843115,0.8,0.8,18250,365
1,"2010-01-01",0.116752409761096,0.0778349398407308,0.8,0.8,18250,366
1,"2010-01-01",0.224743428755334,0.149828952503556,0.8,0.8,18250,367
1,"2010-01-01",0.493564041261015,0.32904269417401,0.8,0.8,18250,368
1,"2010-01-01",0.566132977078076,0.377421984718718,0.8,0.8,18250,369
1,"2010-01-01",0.795401521031068,0.530267680687379,0.8,0.8,18250,370
1,"2010-01-01",0.354334962707696,0.236223308471797,0.8,0.8,18250,371
1,"2010-01-01",0.308591114314597,0.205727409543064,0.8,0.8,18250,372
1,"2010-01-01",0.268727831169101,0.179151887446067,0.8,0.8,18250,373
1,"2010-01-01",0.0296693404995568,0.0197795603330379,0.8,0.8,18250,374
1,"2010-01-01",0.027838579241573,0.0185590528277153,0.8,0.8,18250,375
1,"2010-01-01",0.00465212682671229,0.00310141788447486,0.8,0.8,18250,376
1,"2010-01-01",0.0463078095553302,0.0308718730368868,0.8,0.8,18250,377
1,"2010-01-01",0.0583095518877612,0.0388730345918408,0.8,0.8,18250,378
1,"2010-01-01",0.0652089306046803,0.0434726204031202,0.8,0.8,18250,379
1,"2010-01-01",0.072730250741229,0.048486833827486,0.8,0.8,18250,380
1,"2010-01-01",0.179857763081614,0.119905175387743,0.8,0.8,18250,381
1,"2010-01-01",0.183784322734593,0.122522881823062,0.8,0.8,18250,382
1,"2010-01-01",0.17563698545071,0.117091323633806,0.8,0.8,18250,383
1,"2010-01-01",0.16883090773364,0.112553938489093,0.8,0.8,18250,384
1,"2010-01-01",0.160629399125665,0.107086266083777,0.8,0.8,18250,385
1,"2010-01-01",0.279155955855698,0.186103970570465,0.8,0.8,18250,386
1,"2010-01-01",0.679064659879484,0.452709773252989,0.8,0.8,18250,387
1,"2010-01-01",0.00632589785187995,0.00421726523458663,0.8,0.8,18250,388
1,"2010-01-01",0.00565148799766779,0.00376765866511186,0.8,0.8,18250,389
1,"2010-01-01",0.0497753827777732,0.0331835885185154,0.8,0.8,18250,390
1,"2010-01-01",0.0630697112201729,0.0420464741467819,0.8,0.8,18250,391
1,"2010-01-01",0.0792312789729839,0.052820852648656,0.8,0.8,18250,392
1,"2010-01-01",0.0884484242837391,0.0589656161891594,0.8,0.8,18250,393
1,"2010-01-01",0.0984210050114376,0.0656140033409584,0.8,0.8,18250,394
1,"2010-01-01",0.109113307062345,0.0727422047082301,0.8,0.8,18250,395
1,"2010-01-01",0.132313783568969,0.0882091890459791,0.8,0.8,18250,396
1,"2010-01-01",0.168891655710155,0.112594437140104,0.8,0.8,18250,397
1,"2010-01-01",0.190725064028079,0.127150042685386,0.8,0.8,18250,398
1,"2010-01-01",0.1995535558168,0.133035703877867,0.8,0.8,18250,399
1,"2010-01-01",0.210746246917114,0.140497497944743,0.8,0.8,18250,400
1,"2010-01-01",0.212431288007796,0.141620858671864,0.8,0.8,18250,401
1,"2010-01-01",0.201089962558091,0.134059975038727,0.8,0.8,18250,402
1,"2010-01-01",0.192629284391222,0.128419522927482,0.8,0.8,18250,403
1,"2010-01-01",0.18251975508559,0.121679836723727,0.8,0.8,18250,404
1,"2010-01-01",0.236234662876828,0.157489775251218,0.8,0.8,18250,405
1,"2010-01-01",0.536390735057078,0.357593823371385,0.8,0.8,18250,406
1,"2010-01-01",0.481627865194578,0.321085243463052,0.8,0.8,18250,407
1,"2010-01-01",0.038089926367266,0.025393284244844,0.8,0.8,18250,408
1,"2010-01-01",0.0355645029189558,0.0237096686126372,0.8,0.8,18250,409
1,"2010-01-01",0.00768717620199241,0.0051247841346616,0.8,0.8,18250,410
1,"2010-01-01",0.00686380170318169,0.00457586780212112,0.8,0.8,18250,411
1,"2010-01-01",0.0470371752751658,0.0313581168501106,0.8,0.8,18250,412
1,"2010-01-01",0.0858640199860487,0.0572426799906991,0.8,0.8,18250,413
1,"2010-01-01",0.119763316574351,0.0798422110495671,0.8,0.8,18250,414
1,"2010-01-01",0.175704901718911,0.117136601145941,0.8,0.8,18250,415
1,"2010-01-01",0.190261115633813,0.126840743755875,0.8,0.8,18250,416
1,"2010-01-01",0.217052809546891,0.144701873031261,0.8,0.8,18250,417
1,"2010-01-01",0.228070881125619,0.152047254083746,0.8,0.8,18250,418
1,"2010-01-01",0.244353512791144,0.162902341860763,0.8,0.8,18250,419
1,"2010-01-01",0.242922634533266,0.161948423022177,0.8,0.8,18250,420
1,"2010-01-01",0.230013744628569,0.153342496419046,0.8,0.8,18250,421
1,"2010-01-01",0.213593888986879,0.142395925991253,0.8,0.8,18250,422
1,"2010-01-01",0.416027439352683,0.277351626235122,0.8,0.8,18250,423
1,"2010-01-01",0.371859714480053,0.247906476320036,0.8,0.8,18250,424
1,"2010-01-01",0.344212290944918,0.229474860629945,0.8,0.8,18250,425
1,"2010-01-01",0.314605205978756,0.209736803985837,0.8,0.8,18250,426
1,"2010-01-01",0.284765580995352,0.189843720663568,0.8,0.8,18250,427
1,"2010-01-01",0.226036793255078,0.150691195503385,0.8,0.8,18250,428
1,"2010-01-01",0.256987984936581,0.171325323291054,0.8,0.8,18250,429
1,"2010-01-01",0.291464998495092,0.194309998996728,0.8,0.8,18250,430
1,"2010-01-01",0.0430688840453626,0.0287125893635751,0.8,0.8,18250,431
1,"2010-01-01",0.0498973664495589,0.0332649109663726,0.8,0.8,18250,432
1,"2010-01-01",0.0726130918113711,0.0484087278742474,0.8,0.8,18250,433
1,"2010-01-01",0.130710368388634,0.0871402455924224,0.8,0.8,18250,434
1,"2010-01-01",0.145713034272342,0.0971420228482277,0.8,0.8,18250,435
1,"2010-01-01",0.196005598459726,0.13067039897315,0.8,0.8,18250,436
1,"2010-01-01",0.213530565763511,0.142353710509008,0.8,0.8,18250,437
1,"2010-01-01",0.230594593129232,0.153729728752821,0.8,0.8,18250,438
1,"2010-01-01",0.246466629260445,0.16431108617363,0.8,0.8,18250,439
1,"2010-01-01",0.260294761567709,0.173529841045139,0.8,0.8,18250,440
1,"2010-01-01",0.278306622054062,0.185537748036042,0.8,0.8,18250,441
1,"2010-01-01",0.281072195123384,0.187381463415589,0.8,0.8,18250,442
1,"2010-01-01",0.279233038974871,0.186155359316581,0.8,0.8,18250,443
1,"2010-01-01",0.272953224820378,0.181968816546919,0.8,0.8,18250,444
1,"2010-01-01",0.262767436019806,0.17517829067987,0.8,0.8,18250,445
1,"2010-01-01",0.249463321555389,0.166308881036926,0.8,0.8,18250,446
1,"2010-01-01",0.233933802375332,0.155955868250222,0.8,0.8,18250,447
1,"2010-01-01",0.418425973600421,0.278950649066947,0.8,0.8,18250,448
1,"2010-01-01",0.217396621294585,0.144931080863057,0.8,0.8,18250,449
1,"2010-01-01",0.191705925874756,0.127803950583171,0.8,0.8,18250,450
1,"2010-01-01",0.241521451321002,0.161014300880668,0.8,0.8,18250,451
1,"2010-01-01",0.44107253982838,0.294048359885587,0.8,0.8,18250,452
1,"2010-01-01",0.463783995194456,0.309189330129638,0.8,0.8,18250,453
1,"2010-01-01",0.0451439468306818,0.0300959645537879,0.8,0.8,18250,454
1,"2010-01-01",0.0680333063451204,0.0453555375634136,0.8,0.8,18250,455
1,"2010-01-01",0.077219677483733,0.0514797849891554,0.8,0.8,18250,456
1,"2010-01-01",0.141738265485604,0.0944921769904023,0.8,0.8,18250,457
1,"2010-01-01",0.158810225414368,0.105873483609578,0.8,0.8,18250,458
1,"2010-01-01",0.177250778947051,0.118167185964701,0.8,0.8,18250,459
1,"2010-01-01",0.196902572710568,0.131268381807046,0.8,0.8,18250,460
1,"2010-01-01",0.279043336767422,0.186028891178282,0.8,0.8,18250,461
1,"2010-01-01",0.29650134010591,0.197667560070606,0.8,0.8,18250,462
1,"2010-01-01",0.310454937204057,0.206969958136038,0.8,0.8,18250,463
1,"2010-01-01",0.319694941249005,0.21312996083267,0.8,0.8,18250,464
1,"2010-01-01",0.32330769953582,0.215538466357214,0.8,0.8,18250,465
1,"2010-01-01",0.320909444745109,0.213939629830073,0.8,0.8,18250,466
1,"2010-01-01",0.312756650921814,0.208504433947876,0.8,0.8,18250,467
1,"2010-01-01",0.299671506997698,0.199781004665132,0.8,0.8,18250,468
1,"2010-01-01",0.28282417475473,0.188549449836486,0.8,0.8,18250,469
1,"2010-01-01",0.263479638543617,0.175653092362411,0.8,0.8,18250,470
1,"2010-01-01",0.522700530946291,0.348467020630861,0.8,0.8,18250,471
1,"2010-01-01",0.507936239884737,0.338624159923158,0.8,0.8,18250,472
1,"2010-01-01",0.335423913939981,0.223615942626654,0.8,0.8,18250,473
1,"2010-01-01",0.261430485709181,0.174286990472788,0.8,0.8,18250,474
1,"2010-01-01",0.22986546030588,0.15324364020392,0.8,0.8,18250,475
1,"2010-01-01",0.308624642769449,0.2057497618463,0.8,0.8,18250,476
1,"2010-01-01",0.337662000292535,0.225108000195023,0.8,0.8,18250,477
1,"2010-01-01",0.364872903820184,0.243248602546789,0.8,0.8,18250,478
1,"2010-01-01",0.054787472573751,0.036524981715834,0.8,0.8,18250,479
1,"2010-01-01",0.0927492283932132,0.0618328189288088,0.8,0.8,18250,480
1,"2010-01-01",0.105313408287528,0.0702089388583522,0.8,0.8,18250,481
1,"2010-01-01",0.119397399733327,0.0795982664888848,0.8,0.8,18250,482
1,"2010-01-01",0.135117750592439,0.0900785003949593,0.8,0.8,18250,483
1,"2010-01-01",0.152570414248558,0.101713609499039,0.8,0.8,18250,484
1,"2010-01-01",0.367083564026699,0.244722376017799,0.8,0.8,18250,485
1,"2010-01-01",0.371888314441842,0.247925542961228,0.8,0.8,18250,486
1,"2010-01-01",0.368702595813962,0.245801730542641,0.8,0.8,18250,487
1,"2010-01-01",0.357946834382636,0.238631222921757,0.8,0.8,18250,488
1,"2010-01-01",0.340936335745958,0.227290890497305,0.8,0.8,18250,489
1,"2010-01-01",0.295302863921355,0.19686857594757,0.8,0.8,18250,490
1,"2010-01-01",0.589253501162682,0.392835667441788,0.8,0.8,18250,491
1,"2010-01-01",0.637906859593954,0.425271239729302,0.8,0.8,18250,492
1,"2010-01-01",0.614445825522981,0.409630550348654,0.8,0.8,18250,493
1,"2010-01-01",0.404690453229989,0.269793635486659,0.8,0.8,18250,494
1,"2010-01-01",0.356378969737578,0.237585979825052,0.8,0.8,18250,495
1,"2010-01-01",0.312926878897414,0.208617919264943,0.8,0.8,18250,496
1,"2010-01-01",0.27423836981888,0.182825579879253,0.8,0.8,18250,497
1,"2010-01-01",0.184832131967964,0.123221421311976,0.8,0.8,18250,498
1,"2010-01-01",0.229447946406373,0.152965297604249,0.8,0.8,18250,499
1,"2010-01-01",0.253369389512458,0.168912926341639,0.8,0.8,18250,500
1,"2010-01-01",0.277554510250179,0.185036340166786,0.8,0.8,18250,501
1,"2010-01-01",0.301021695705652,0.200681130470435,0.8,0.8,18250,502
1,"2010-01-01",0.322456264095658,0.214970842730438,0.8,0.8,18250,503
1,"2010-01-01",0.0656891442909082,0.0437927628606055,0.8,0.8,18250,504
1,"2010-01-01",0.0750037177881646,0.0500024785254431,0.8,0.8,18250,505
1,"2010-01-01",0.0855796062052923,0.0570530708035282,0.8,0.8,18250,506
1,"2010-01-01",0.111125097301238,0.0740833982008252,0.8,0.8,18250,507
1,"2010-01-01",0.208020485815191,0.138680323876794,0.8,0.8,18250,508
1,"2010-01-01",0.233978509767672,0.155985673178448,0.8,0.8,18250,509
1,"2010-01-01",0.29177026562563,0.194513510417087,0.8,0.8,18250,510
1,"2010-01-01",0.427766127346966,0.285177418231311,0.8,0.8,18250,511
1,"2010-01-01",0.408944291413648,0.272629527609099,0.8,0.8,18250,512
1,"2010-01-01",0.386523350842206,0.257682233894804,0.8,0.8,18250,513
1,"2010-01-01",0.328798178520708,0.219198785680472,0.8,0.8,18250,514
1,"2010-01-01",0.449337044744061,0.299558029829374,0.8,0.8,18250,515
1,"2010-01-01",0.512301219521636,0.341534146347758,0.8,0.8,18250,516
1,"2010-01-01",0.581379529003815,0.38758635266921,0.8,0.8,18250,517
1,"2010-01-01",0.653078816950059,0.435385877966706,0.8,0.8,18250,518
1,"2010-01-01",0.425198183813882,0.283465455875922,0.8,0.8,18250,519
1,"2010-01-01",0.371776862516757,0.247851241677838,0.8,0.8,18250,520
1,"2010-01-01",0.324687283053587,0.216458188702391,0.8,0.8,18250,521
1,"2010-01-01",0.283347073982946,0.188898049321964,0.8,0.8,18250,522
1,"2010-01-01",0.247142172991751,0.164761448661168,0.8,0.8,18250,523
1,"2010-01-01",0.215483642066165,0.143655761377443,0.8,0.8,18250,524
1,"2010-01-01",0.187829257888167,0.125219505258778,0.8,0.8,18250,525
1,"2010-01-01",0.188410458816326,0.125606972544217,0.8,0.8,18250,526
1,"2010-01-01",0.2080060177352,0.138670678490133,0.8,0.8,18250,527
1,"2010-01-01",0.228063907431849,0.152042604954566,0.8,0.8,18250,528
1,"2010-01-01",0.247973906081002,0.165315937387334,0.8,0.8,18250,529
1,"2010-01-01",0.297695382226513,0.198463588151009,0.8,0.8,18250,530
1,"2010-01-01",0.307270454115508,0.204846969410339,0.8,0.8,18250,531
1,"2010-01-01",0.311707401256313,0.207804934170875,0.8,0.8,18250,532
1,"2010-01-01",0.132716951845096,0.0884779678967304,0.8,0.8,18250,533
1,"2010-01-01",0.22217485704062,0.148116571360413,0.8,0.8,18250,534
1,"2010-01-01",0.251418392738552,0.167612261825702,0.8,0.8,18250,535
1,"2010-01-01",0.31831012294074,0.21220674862716,0.8,0.8,18250,536
1,"2010-01-01",0.355094476558515,0.23672965103901,0.8,0.8,18250,537
1,"2010-01-01",0.392659727014912,0.261773151343274,0.8,0.8,18250,538
1,"2010-01-01",0.465884209541036,0.310589473027357,0.8,0.8,18250,539
1,"2010-01-01",0.435872743449538,0.290581828966359,0.8,0.8,18250,540
1,"2010-01-01",0.400335527622044,0.266890351748029,0.8,0.8,18250,541
1,"2010-01-01",0.362841210828678,0.241894140552452,0.8,0.8,18250,542
1,"2010-01-01",0.290518630472017,0.193679086981344,0.8,0.8,18250,543
1,"2010-01-01",0.257818446359348,0.171878964239565,0.8,0.8,18250,544
1,"2010-01-01",0.402200371505762,0.268133581003841,0.8,0.8,18250,545
1,"2010-01-01",0.461774095603943,0.307849397069295,0.8,0.8,18250,546
1,"2010-01-01",0.530032151743424,0.353354767828949,0.8,0.8,18250,547
1,"2010-01-01",0.608050512176558,0.405367008117705,0.8,0.8,18250,548
1,"2010-01-01",0.696567323673047,0.464378215782031,0.8,0.8,18250,549
1,"2010-01-01",0.793148735274857,0.528765823516572,0.8,0.8,18250,550
1,"2010-01-01",0.840194659440091,0.560129772960061,0.840194659440091,0.840194659440091,18250,551
1,"2010-01-01",0.752750938585364,0.50183395905691,0.8,0.8,18250,552
1,"2010-01-01",0.658569011607163,0.439046007738108,0.8,0.8,18250,553
1,"2010-01-01",0.57443303471113,0.382955356474086,0.8,0.8,18250,554
1,"2010-01-01",0.500588702703332,0.333725801802221,0.8,0.8,18250,555
1,"2010-01-01",0.4360657626073,0.290710508404867,0.8,0.8,18250,556
1,"2010-01-01",0.379781786940108,0.253187857960072,0.8,0.8,18250,557
1,"2010-01-01",0.330722886329002,0.220481924219335,0.8,0.8,18250,558
1,"2010-01-01",0.250747136183994,0.167164757455996,0.8,0.8,18250,559
1,"2010-01-01",0.190082545411644,0.126721696941096,0.8,0.8,18250,560
1,"2010-01-01",0.220440112665439,0.146960075110292,0.8,0.8,18250,561
1,"2010-01-01",0.235743116110541,0.157162077407027,0.8,0.8,18250,562
1,"2010-01-01",0.249223258979592,0.166148839319728,0.8,0.8,18250,563
1,"2010-01-01",0.260056172688365,0.173370781792244,0.8,0.8,18250,564
1,"2010-01-01",0.270882068308578,0.180588045539052,0.8,0.8,18250,565
1,"2010-01-01",0.164122264369019,0.109414842912679,0.8,0.8,18250,566
1,"2010-01-01",0.303062769817615,0.202041846545076,0.8,0.8,18250,567
1,"2010-01-01",0.342939119720203,0.228626079813469,0.8,0.8,18250,568
1,"2010-01-01",0.386254971550657,0.257503314367105,0.8,0.8,18250,569
1,"2010-01-01",0.432032544096856,0.28802169606457,0.8,0.8,18250,570
1,"2010-01-01",0.47812123670813,0.318747491138753,0.8,0.8,18250,571
1,"2010-01-01",0.520426610897653,0.346951073931768,0.8,0.8,18250,572
1,"2010-01-01",0.552326921467567,0.368217947645045,0.8,0.8,18250,573
1,"2010-01-01",0.556884518324606,0.371256345549738,0.8,0.8,18250,574
1,"2010-01-01",0.528146643251187,0.352097762167458,0.8,0.8,18250,575
1,"2010-01-01",0.487370415652919,0.32491361043528,0.8,0.8,18250,576
1,"2010-01-01",0.441649239827655,0.29443282655177,0.8,0.8,18250,577
1,"2010-01-01",0.39557921453188,0.263719476354587,0.8,0.8,18250,578
1,"2010-01-01",0.274118526052652,0.182745684035101,0.8,0.8,18250,579
1,"2010-01-01",0.241000725049191,0.160667150032794,0.8,0.8,18250,580
1,"2010-01-01",0.211498093830341,0.140998729220227,0.8,0.8,18250,581
1,"2010-01-01",0.174918004216422,0.116612002810948,0.8,0.8,18250,582
1,"2010-01-01",0.17516861410876,0.116779076072506,0.8,0.8,18250,583
1,"2010-01-01",0.231049154855001,0.154032769903334,0.8,0.8,18250,584
1,"2010-01-01",0.265338666380664,0.176892444253776,0.8,0.8,18250,585
1,"2010-01-01",0.304697300128584,0.203131533419056,0.8,0.8,18250,586
1,"2010-01-01",0.349861568455654,0.233241045637102,0.8,0.8,18250,587
1,"2010-01-01",0.401663769242315,0.267775846161543,0.8,0.8,18250,588
1,"2010-01-01",0.461030820925843,0.307353880617229,0.8,0.8,18250,589
1,"2010-01-01",0.528957771487602,0.352638514325068,0.8,0.8,18250,590
1,"2010-01-01",0.606389449114601,0.404259632743067,0.8,0.8,18250,591
1,"2010-01-01",0.693670432766039,0.46244695517736,0.8,0.8,18250,592
1,"2010-01-01",0.786632771066957,0.524421847377972,0.8,0.8,18250,593
1,"2010-01-01",0.828353723795692,0.552235815863795,0.828353723795692,0.828353723795692,18250,594
1,"2010-01-01",0.656314668023838,0.437543112015892,0.8,0.8,18250,595
1,"2010-01-01",0.435418726980444,0.290279151320296,0.8,0.8,18250,596
1,"2010-01-01",0.379308292845616,0.252872195230411,0.8,0.8,18250,597
1,"2010-01-01",0.330367402538222,0.220244935025482,0.8,0.8,18250,598
1,"2010-01-01",0.287707290078195,0.19180486005213,0.8,0.8,18250,599
1,"2010-01-01",0.250535901695225,0.167023934463483,0.8,0.8,18250,600
1,"2010-01-01",0.218154723836265,0.14543648255751,0.8,0.8,18250,601
1,"2010-01-01",0.189950897422385,0.126633931614923,0.8,0.8,18250,602
1,"2010-01-01",0.363743477157431,0.242495651438288,0.8,0.8,18250,603
1,"2010-01-01",0.413373324280326,0.275582216186884,0.8,0.8,18250,604
1,"2010-01-01",0.467720270395707,0.311813513597138,0.8,0.8,18250,605
1,"2010-01-01",0.629160286187304,0.419440190791536,0.8,0.8,18250,606
1,"2010-01-01",0.593136256857183,0.395424171238122,0.8,0.8,18250,607
1,"2010-01-01",0.537362830882531,0.358241887255021,0.8,0.8,18250,608
1,"2010-01-01",0.479481605510518,0.319654403673679,0.8,0.8,18250,609
1,"2010-01-01",0.424285874283424,0.282857249522283,0.8,0.8,18250,610
1,"2010-01-01",0.373623594748324,0.249082396498883,0.8,0.8,18250,611
1,"2010-01-01",0.328016888699423,0.218677925799616,0.8,0.8,18250,612
1,"2010-01-01",0.287404526939731,0.191603017959821,0.8,0.8,18250,613
1,"2010-01-01",0.227571495156541,0.151714330104361,0.8,0.8,18250,614
1,"2010-01-01",0.260901713103503,0.173934475402335,0.8,0.8,18250,615
1,"2010-01-01",0.298967773723002,0.199311849148668,0.8,0.8,18250,616
1,"2010-01-01",0.342350320553746,0.228233547035831,0.8,0.8,18250,617
1,"2010-01-01",0.391623638480327,0.261082425653552,0.8,0.8,18250,618
1,"2010-01-01",0.447260120793486,0.298173413862324,0.8,0.8,18250,619
1,"2010-01-01",0.509388518927455,0.339592345951637,0.8,0.8,18250,620
1,"2010-01-01",0.57713448877824,0.38475632585216,0.8,0.8,18250,621
1,"2010-01-01",0.646634179656954,0.431089453104636,0.8,0.8,18250,622
1,"2010-01-01",0.705006345274241,0.470004230182827,0.8,0.8,18250,623
1,"2010-01-01",0.722289708612131,0.481526472408088,0.8,0.8,18250,624
1,"2010-01-01",0.683669964222785,0.455779976148523,0.8,0.8,18250,625
1,"2010-01-01",0.370423265918832,0.246948843945888,0.8,0.8,18250,626
1,"2010-01-01",0.246525482042129,0.164350321361419,0.8,0.8,18250,627
1,"2010-01-01",0.495005644257977,0.330003762838651,0.8,0.8,18250,628
1,"2010-01-01",0.563716903080736,0.37581126872049,0.8,0.8,18250,629
1,"2010-01-01",0.653099240037045,0.43539949335803,0.8,0.8,18250,630
1,"2010-01-01",0.578762079738632,0.385841386492422,0.8,0.8,18250,631
1,"2010-01-01",0.508723010051035,0.339148673367356,0.8,0.8,18250,632
1,"2010-01-01",0.445517586047696,0.297011724031797,0.8,0.8,18250,633
1,"2010-01-01",0.339986197909508,0.226657465273005,0.8,0.8,18250,634
1,"2010-01-01",0.296621482418107,0.197747654945405,0.8,0.8,18250,635
1,"2010-01-01",0.237623355901135,0.158415570600756,0.8,0.8,18250,636
1,"2010-01-01",0.211510931586267,0.141007287724178,0.8,0.8,18250,637
1,"2010-01-01",0.199218830693671,0.132812553795781,0.8,0.8,18250,638
1,"2010-01-01",0.221050152353351,0.147366768235567,0.8,0.8,18250,639
1,"2010-01-01",0.252632227219075,0.168421484812717,0.8,0.8,18250,640
1,"2010-01-01",0.28837549992492,0.19225033328328,0.8,0.8,18250,641
1,"2010-01-01",0.328618055887074,0.219078703924716,0.8,0.8,18250,642
1,"2010-01-01",0.373559277461287,0.249039518307525,0.8,0.8,18250,643
1,"2010-01-01",0.423077275386124,0.282051516924083,0.8,0.8,18250,644
1,"2010-01-01",0.476350431905571,0.317566954603714,0.8,0.8,18250,645
1,"2010-01-01",0.531069557280303,0.354046371520202,0.8,0.8,18250,646
1,"2010-01-01",0.628221106964917,0.418814071309945,0.8,0.8,18250,647
1,"2010-01-01",0.60599184745371,0.40399456496914,0.8,0.8,18250,648
1,"2010-01-01",0.508414648482951,0.338943098988634,0.8,0.8,18250,649
1,"2010-01-01",0.311339313219507,0.207559542146338,0.8,0.8,18250,650
1,"2010-01-01",0.239030877779482,0.159353918519654,0.8,0.8,18250,651
1,"2010-01-01",0.583994511909792,0.389329674606528,0.8,0.8,18250,652
1,"2010-01-01",0.670136208092109,0.446757472061406,0.8,0.8,18250,653
1,"2010-01-01",0.767589318118866,0.511726212079244,0.8,0.8,18250,654
1,"2010-01-01",0.859564579192261,0.573043052794841,0.859564579192261,0.859564579192261,18250,655
1,"2010-01-01",0.600970881744264,0.400647254496176,0.8,0.8,18250,656
1,"2010-01-01",0.523492168340952,0.348994778893968,0.8,0.8,18250,657
1,"2010-01-01",0.455889982508126,0.303926655005417,0.8,0.8,18250,658
1,"2010-01-01",0.300935346021716,0.200623564014477,0.8,0.8,18250,659
1,"2010-01-01",0.271623572854393,0.181082381902929,0.8,0.8,18250,660
1,"2010-01-01",0.273358733234167,0.182239155489445,0.8,0.8,18250,661
1,"2010-01-01",0.270719013425713,0.180479342283808,0.8,0.8,18250,662
1,"2010-01-01",0.263931047286887,0.175954031524591,0.8,0.8,18250,663
1,"2010-01-01",0.253546562120243,0.169031041413495,0.8,0.8,18250,664
1,"2010-01-01",0.24032795624006,0.160218637493373,0.8,0.8,18250,665
1,"2010-01-01",0.225115029539366,0.150076686359577,0.8,0.8,18250,666
1,"2010-01-01",0.211927580480545,0.141285053653697,0.8,0.8,18250,667
1,"2010-01-01",0.241170846202097,0.160780564134731,0.8,0.8,18250,668
1,"2010-01-01",0.27387045911887,0.182580306079247,0.8,0.8,18250,669
1,"2010-01-01",0.310113185526105,0.20674212368407,0.8,0.8,18250,670
1,"2010-01-01",0.349750533770912,0.233167022513941,0.8,0.8,18250,671
1,"2010-01-01",0.392197037638304,0.261464691758869,0.8,0.8,18250,672
1,"2010-01-01",0.436087646361369,0.290725097574246,0.8,0.8,18250,673
1,"2010-01-01",0.461403848059103,0.307602565372735,0.8,0.8,18250,674
1,"2010-01-01",0.228601404439034,0.152400936292689,0.8,0.8,18250,675
1,"2010-01-01",0.200738699454423,0.133825799636282,0.8,0.8,18250,676
1,"2010-01-01",0.14581058033271,0.0972070535551403,0.8,0.8,18250,677
1,"2010-01-01",0.14360194165037,0.0957346277669137,0.8,0.8,18250,678
1,"2010-01-01",0.66197534714795,0.441316898098634,0.8,0.8,18250,679
1,"2010-01-01",0.751111905812214,0.500741270541476,0.8,0.8,18250,680
1,"2010-01-01",0.519961254230004,0.346640836153336,0.8,0.8,18250,681
1,"2010-01-01",0.453432767926471,0.302288511950981,0.8,0.8,18250,682
1,"2010-01-01",0.395188541007701,0.263459027338467,0.8,0.8,18250,683
1,"2010-01-01",0.304480368597124,0.202986912398083,0.8,0.8,18250,684
1,"2010-01-01",0.312204722318104,0.208136481545403,0.8,0.8,18250,685
1,"2010-01-01",0.31446750314961,0.20964500209974,0.8,0.8,18250,686
1,"2010-01-01",0.311035729812087,0.207357153208058,0.8,0.8,18250,687
1,"2010-01-01",0.302260455053692,0.201506970035795,0.8,0.8,18250,688
1,"2010-01-01",0.288979977098848,0.192653318065898,0.8,0.8,18250,689
1,"2010-01-01",0.272312622366869,0.181541748244579,0.8,0.8,18250,690
1,"2010-01-01",0.235944235148797,0.157296156765865,0.8,0.8,18250,691
1,"2010-01-01",0.227305465574978,0.151536977049985,0.8,0.8,18250,692
1,"2010-01-01",0.256576350454014,0.171050900302676,0.8,0.8,18250,693
1,"2010-01-01",0.288459904094838,0.192306602729892,0.8,0.8,18250,694
1,"2010-01-01",0.322567652058128,0.215045101372085,0.8,0.8,18250,695
1,"2010-01-01",0.413206764679934,0.27547117645329,0.8,0.8,18250,696
1,"2010-01-01",0.167735082721479,0.111823388480986,0.8,0.8,18250,697
1,"2010-01-01",0.127234832288792,0.0848232215258614,0.8,0.8,18250,698
1,"2010-01-01",0.679139351664333,0.452759567776222,0.8,0.8,18250,699
1,"2010-01-01",0.710237005732828,0.473491337155219,0.8,0.8,18250,700
1,"2010-01-01",0.43863341232861,0.29242227488574,0.8,0.8,18250,701
1,"2010-01-01",0.384338204389287,0.256225469592858,0.8,0.8,18250,702
1,"2010-01-01",0.358755081512907,0.239170054341938,0.8,0.8,18250,703
1,"2010-01-01",0.36175714441297,0.241171429608647,0.8,0.8,18250,704
1,"2010-01-01",0.345705781880772,0.230470521253848,0.8,0.8,18250,705
1,"2010-01-01",0.328540649592289,0.219027099728193,0.8,0.8,18250,706
1,"2010-01-01",0.307398368382988,0.204932245588659,0.8,0.8,18250,707
1,"2010-01-01",0.286106173310242,0.190737448873495,0.8,0.8,18250,708
1,"2010-01-01",0.264545670609187,0.176363780406125,0.8,0.8,18250,709
1,"2010-01-01",0.242175610808028,0.161450407205352,0.8,0.8,18250,710
1,"2010-01-01",0.265154413969828,0.176769609313219,0.8,0.8,18250,711
1,"2010-01-01",0.294010498720352,0.196006999146901,0.8,0.8,18250,712
1,"2010-01-01",0.599514975496638,0.399676650331092,0.8,0.8,18250,713
1,"2010-01-01",0.617547883168954,0.411698588779302,0.8,0.8,18250,714
1,"2010-01-01",0.60549627634842,0.40366418423228,0.8,0.8,18250,715
1,"2010-01-01",0.568674290411862,0.379116193607908,0.8,0.8,18250,716
1,"2010-01-01",0.51908147718146,0.346054318120973,0.8,0.8,18250,717
1,"2010-01-01",0.465939479539305,0.31062631969287,0.8,0.8,18250,718
1,"2010-01-01",0.414162047386482,0.276108031590988,0.8,0.8,18250,719
1,"2010-01-01",0.365952407770308,0.243968271846872,0.8,0.8,18250,720
1,"2010-01-01",0.398443411500475,0.265628941000316,0.8,0.8,18250,721
1,"2010-01-01",0.412081101022893,0.274720734015262,0.8,0.8,18250,722
1,"2010-01-01",0.372174800443482,0.248116533628988,0.8,0.8,18250,723
1,"2010-01-01",0.346308838383668,0.230872558922446,0.8,0.8,18250,724
1,"2010-01-01",0.321538568123952,0.214359045415968,0.8,0.8,18250,725
1,"2010-01-01",0.536907683361935,0.357938455574623,0.8,0.8,18250,726
1,"2010-01-01",0.529152499657613,0.352768333105075,0.8,0.8,18250,727
1,"2010-01-01",0.5041841549217,0.3361227699478,0.8,0.8,18250,728
1,"2010-01-01",0.467906289070571,0.311937526047047,0.8,0.8,18250,729
1,"2010-01-01",0.426285999581822,0.284190666387881,0.8,0.8,18250,730
1,"2010-01-01",0.383563178049434,0.255708785366289,0.8,0.8,18250,731
1,"2010-01-01",0.392121614325853,0.261414409550568,0.8,0.8,18250,732
1,"2010-01-01",0.425934732993757,0.283956488662504,0.8,0.8,18250,733
1,"2010-01-01",0.454252373341312,0.302834915560875,0.8,0.8,18250,734
1,"2010-01-01",0.47302154514001,0.315347696760007,0.8,0.8,18250,735
1,"2010-01-01",0.478730891000796,0.319153927333864,0.8,0.8,18250,736
1,"2010-01-01",0.470156125446803,0.313437416964536,0.8,0.8,18250,737
1,"2010-01-01",0.44910701525088,0.29940467683392,0.8,0.8,18250,738
1,"2010-01-01",0.419347937846304,0.279565291897536,0.8,0.8,18250,739
1,"2010-01-01",0.390431675211909,0.260287783474606,0.8,0.8,18250,740
1,"2010-01-01",0.358996698234307,0.239331132156205,0.8,0.8,18250,741
1,"2010-01-01",0.257702665325441,0.171801776883627,0.8,0.8,18250,742
1,"2010-01-01",0.275772132036811,0.183848088024541,0.8,0.8,18250,743
1,"2010-01-01",0.249636821308843,0.166424547539229,0.8,0.8,18250,744
1,"2010-01-01",0.229779739595421,0.153186493063614,0.8,0.8,18250,745
1,"2010-01-01",0.466782717133528,0.311188478089019,0.8,0.8,18250,746
1,"2010-01-01",0.461437547128839,0.307625031419226,0.8,0.8,18250,747
1,"2010-01-01",0.443768158766312,0.295845439177541,0.8,0.8,18250,748
1,"2010-01-01",0.416926289856403,0.277950859904269,0.8,0.8,18250,749
1,"2010-01-01",0.43365878391911,0.289105855946073,0.8,0.8,18250,750
1,"2010-01-01",0.515603059669794,0.343735373113196,0.8,0.8,18250,751
1,"2010-01-01",0.542323789892591,0.361549193261727,0.8,0.8,18250,752
1,"2010-01-01",0.550705833632011,0.36713722242134,0.8,0.8,18250,753
1,"2010-01-01",0.53817911045383,0.358786073635887,0.8,0.8,18250,754
1,"2010-01-01",0.50849362427839,0.338995749518927,0.8,0.8,18250,755
1,"2010-01-01",0.473214784895301,0.315476523263534,0.8,0.8,18250,756
1,"2010-01-01",0.436969890632206,0.29131326042147,0.8,0.8,18250,757
1,"2010-01-01",0.397142586682046,0.264761724454698,0.8,0.8,18250,758
1,"2010-01-01",0.282623203232722,0.188415468821815,0.8,0.8,18250,759
1,"2010-01-01",0.205521119172368,0.137014079448245,0.8,0.8,18250,760
1,"2010-01-01",0.188796377030617,0.125864251353745,0.8,0.8,18250,761
1,"2010-01-01",0.401962067376489,0.267974711584326,0.8,0.8,18250,762
1,"2010-01-01",0.389048477252118,0.259365651501412,0.8,0.8,18250,763
1,"2010-01-01",0.368876328409895,0.245917552273264,0.8,0.8,18250,764
1,"2010-01-01",0.36966700482882,0.24644466988588,0.8,0.8,18250,765
1,"2010-01-01",0.419071028282296,0.279380685521531,0.8,0.8,18250,766
1,"2010-01-01",0.527923792446811,0.35194919496454,0.8,0.8,18250,767
1,"2010-01-01",0.580439878370637,0.386959918913758,0.8,0.8,18250,768
1,"2010-01-01",0.62021389609524,0.41347593073016,0.8,0.8,18250,769
1,"2010-01-01",0.633479299111692,0.422319532741128,0.8,0.8,18250,770
1,"2010-01-01",0.613828396077834,0.409218930718556,0.8,0.8,18250,771
1,"2010-01-01",0.571164320866184,0.380776213910789,0.8,0.8,18250,772
1,"2010-01-01",0.340823347529008,0.227215565019339,0.8,0.8,18250,773
1,"2010-01-01",0.300206812279477,0.200137874852984,0.8,0.8,18250,774
1,"2010-01-01",0.213342690923483,0.142228460615656,0.8,0.8,18250,775
1,"2010-01-01",0.234558955657123,0.156372637104748,0.8,0.8,18250,776
1,"2010-01-01",0.196346922338452,0.130897948225635,0.8,0.8,18250,777
1,"2010-01-01",0.18298927472206,0.121992849814707,0.8,0.8,18250,778
1,"2010-01-01",0.16908892984148,0.112725953227653,0.8,0.8,18250,779
1,"2010-01-01",0.155093247259435,0.103395498172956,0.8,0.8,18250,780
1,"2010-01-01",0.115604629529009,0.0770697530193395,0.8,0.8,18250,781
1,"2010-01-01",0.0830707255311902,0.0553804836874601,0.8,0.8,18250,782
1,"2010-01-01",0.340274380856415,0.22684958723761,0.8,0.8,18250,783
1,"2010-01-01",0.338020386072613,0.225346924048409,0.8,0.8,18250,784
1,"2010-01-01",0.386819865741106,0.257879910494071,0.8,0.8,18250,785
1,"2010-01-01",0.442021270972604,0.294680847315069,0.8,0.8,18250,786
1,"2010-01-01",0.57171966080514,0.38114644053676,0.8,0.8,18250,787
1,"2010-01-01",0.642397059254179,0.428264706169453,0.8,0.8,18250,788
1,"2010-01-01",0.704552670885478,0.469701780590319,0.8,0.8,18250,789
1,"2010-01-01",0.728616372655658,0.485744248437106,0.8,0.8,18250,790
1,"2010-01-01",0.693753549877847,0.462502366585232,0.8,0.8,18250,791
1,"2010-01-01",0.64603639602044,0.430690930680293,0.8,0.8,18250,792
1,"2010-01-01",0.588642276849929,0.392428184566619,0.8,0.8,18250,793
1,"2010-01-01",0.525716972719319,0.350477981812879,0.8,0.8,18250,794
1,"2010-01-01",0.464931225712578,0.309954150475052,0.8,0.8,18250,795
1,"2010-01-01",0.409024058629835,0.272682705753223,0.8,0.8,18250,796
1,"2010-01-01",0.358742294997425,0.239161529998284,0.8,0.8,18250,797
1,"2010-01-01",0.314040293569278,0.209360195712852,0.8,0.8,18250,798
1,"2010-01-01",0.274559571704633,0.183039714469755,0.8,0.8,18250,799
1,"2010-01-01",0.20283621735026,0.135224144900174,0.8,0.8,18250,800
1,"2010-01-01",0.191789945122165,0.127859963414776,0.8,0.8,18250,801
1,"2010-01-01",0.173298829712604,0.115532553141736,0.8,0.8,18250,802
1,"2010-01-01",0.162338297417575,0.108225531611716,0.8,0.8,18250,803
1,"2010-01-01",0.150800743463705,0.100533828975803,0.8,0.8,18250,804
1,"2010-01-01",0.0765527568278304,0.0510351712185536,0.8,0.8,18250,805
1,"2010-01-01",0.0684298054216232,0.0456198702810821,0.8,0.8,18250,806
1,"2010-01-01",0.0619367428332558,0.0412911618888372,0.8,0.8,18250,807
1,"2010-01-01",0.0710376640829079,0.0473584427219386,0.8,0.8,18250,808
1,"2010-01-01",0.171379531688592,0.114253021125728,0.8,0.8,18250,809
1,"2010-01-01",0.344964193793631,0.229976129195754,0.8,0.8,18250,810
1,"2010-01-01",0.454700844144337,0.303133896096225,0.8,0.8,18250,811
1,"2010-01-01",0.521826716673333,0.347884477782222,0.8,0.8,18250,812
1,"2010-01-01",0.598483314870282,0.398988876580188,0.8,0.8,18250,813
1,"2010-01-01",0.685310830933706,0.456873887289137,0.8,0.8,18250,814
1,"2010-01-01",0.779906503280666,0.519937668853777,0.8,0.8,18250,815
1,"2010-01-01",0.837430095494768,0.558286730329846,0.837430095494768,0.837430095494768,18250,816
1,"2010-01-01",0.78013250244125,0.520088334960833,0.8,0.8,18250,817
1,"2010-01-01",0.715960469054678,0.477306979369785,0.8,0.8,18250,818
1,"2010-01-01",0.634057882656053,0.422705255104035,0.8,0.8,18250,819
1,"2010-01-01",0.556292876731835,0.370861917821224,0.8,0.8,18250,820
1,"2010-01-01",0.486400002260059,0.324266668173373,0.8,0.8,18250,821
1,"2010-01-01",0.424613821026974,0.283075880684649,0.8,0.8,18250,822
1,"2010-01-01",0.370357825522991,0.246905217015327,0.8,0.8,18250,823
1,"2010-01-01",0.322868020180516,0.215245346787011,0.8,0.8,18250,824
1,"2010-01-01",0.28137396393902,0.187582642626013,0.8,0.8,18250,825
1,"2010-01-01",0.1860251740743,0.1240167827162,0.8,0.8,18250,826
1,"2010-01-01",0.170067217930246,0.113378145286831,0.8,0.8,18250,827
1,"2010-01-01",0.177924547096763,0.118616364731175,0.8,0.8,18250,828
1,"2010-01-01",0.167596382033012,0.111730921355341,0.8,0.8,18250,829
1,"2010-01-01",0.143598695208896,0.0957324634725973,0.8,0.8,18250,830
1,"2010-01-01",0.0779941472710073,0.0519960981806715,0.8,0.8,18250,831
1,"2010-01-01",0.0701867725973758,0.0467911817315839,0.8,0.8,18250,832
1,"2010-01-01",0.0629764497941392,0.0419842998627595,0.8,0.8,18250,833
1,"2010-01-01",0.0722956283236131,0.0481970855490754,0.8,0.8,18250,834
1,"2010-01-01",0.125448466567131,0.0836323110447542,0.8,0.8,18250,835
1,"2010-01-01",0.155997070051037,0.103998046700692,0.8,0.8,18250,836
1,"2010-01-01",0.171887318267517,0.114591545511678,0.8,0.8,18250,837
1,"2010-01-01",0.188210348928063,0.125473565952042,0.8,0.8,18250,838
1,"2010-01-01",0.204556907243467,0.136371271495645,0.8,0.8,18250,839
1,"2010-01-01",0.220385037568748,0.146923358379165,0.8,0.8,18250,840
1,"2010-01-01",0.235024855550399,0.156683237033599,0.8,0.8,18250,841
1,"2010-01-01",0.266644443773147,0.177762962515432,0.8,0.8,18250,842
1,"2010-01-01",0.264973640996841,0.176649093997894,0.8,0.8,18250,843
1,"2010-01-01",0.30043144210849,0.200287628072327,0.8,0.8,18250,844
1,"2010-01-01",0.3449953720321,0.229996914688067,0.8,0.8,18250,845
1,"2010-01-01",0.396127091671241,0.264084727780827,0.8,0.8,18250,846
1,"2010-01-01",0.45475857763203,0.30317238508802,0.8,0.8,18250,847
1,"2010-01-01",0.521909723037167,0.347939815358111,0.8,0.8,18250,848
1,"2010-01-01",0.598610523905656,0.399073682603771,0.8,0.8,18250,849
1,"2010-01-01",0.685529004894331,0.457019336596221,0.8,0.8,18250,850
1,"2010-01-01",0.780379780375165,0.520253186916776,0.8,0.8,18250,851
1,"2010-01-01",0.838446968548798,0.558964645699199,0.838446968548798,0.838446968548798,18250,852
1,"2010-01-01",0.859537922692286,0.573025281794857,0.859537922692286,0.859537922692286,18250,853
1,"2010-01-01",0.748406987862527,0.498937991908351,0.8,0.8,18250,854
1,"2010-01-01",0.651542922057878,0.434361948038585,0.8,0.8,18250,855
1,"2010-01-01",0.567206899584367,0.378137933056245,0.8,0.8,18250,856
1,"2010-01-01",0.493785022724003,0.329190015149335,0.8,0.8,18250,857
1,"2010-01-01",0.429866318244016,0.286577545496011,0.8,0.8,18250,858
1,"2010-01-01",0.374221251940518,0.249480834627012,0.8,0.8,18250,859
1,"2010-01-01",0.325779082822661,0.217186055215107,0.8,0.8,18250,860
1,"2010-01-01",0.283607535283945,0.189071690189297,0.8,0.8,18250,861
1,"2010-01-01",0.214934719072297,0.143289812714865,0.8,0.8,18250,862
1,"2010-01-01",0.18711166853411,0.124741112356073,0.8,0.8,18250,863
1,"2010-01-01",0.15464156377368,0.10309437584912,0.8,0.8,18250,864
1,"2010-01-01",0.15344526524045,0.102296843493634,0.8,0.8,18250,865
1,"2010-01-01",0.150630277154429,0.100420184769619,0.8,0.8,18250,866
1,"2010-01-01",0.140755173608171,0.0938367824054474,0.8,0.8,18250,867
1,"2010-01-01",0.134132378358103,0.0894215855720687,0.8,0.8,18250,868
1,"2010-01-01",0.126721916007827,0.0844812773385511,0.8,0.8,18250,869
1,"2010-01-01",0.118777569848047,0.0791850465653647,0.8,0.8,18250,870
1,"2010-01-01",0.110535013018561,0.0736900086790405,0.8,0.8,18250,871
1,"2010-01-01",0.102201470523908,0.068134313682605,0.8,0.8,18250,872
1,"2010-01-01",0.0782151674928878,0.0521434449952585,0.8,0.8,18250,873
1,"2010-01-01",0.0576747064052954,0.038449804270197,0.8,0.8,18250,874
1,"2010-01-01",0.0635642394198034,0.0423761596132023,0.8,0.8,18250,875
1,"2010-01-01",0.660108400101789,0.440072266734526,0.8,0.8,18250,876
1,"2010-01-01",0.747484309275582,0.498322872850388,0.8,0.8,18250,877
1,"2010-01-01",0.809248821179079,0.539499214119386,0.809248821179079,0.809248821179079,18250,878
1,"2010-01-01",0.764669469543974,0.509779646362649,0.8,0.8,18250,879
1,"2010-01-01",0.141172787855402,0.0941151919036013,0.8,0.8,18250,880
1,"2010-01-01",0.168421441915326,0.112280961276884,0.8,0.8,18250,881
1,"2010-01-01",0.181989367187061,0.121326244791374,0.8,0.8,18250,882
1,"2010-01-01",0.194953905004445,0.129969270002963,0.8,0.8,18250,883
1,"2010-01-01",0.229852991341865,0.153235327561244,0.8,0.8,18250,884
1,"2010-01-01",0.231810394118001,0.154540262745334,0.8,0.8,18250,885
1,"2010-01-01",0.257528354396639,0.171685569597759,0.8,0.8,18250,886
1,"2010-01-01",0.295172474360237,0.196781649573491,0.8,0.8,18250,887
1,"2010-01-01",0.338110150716047,0.225406767144031,0.8,0.8,18250,888
1,"2010-01-01",0.386939010981994,0.257959340654663,0.8,0.8,18250,889
1,"2010-01-01",0.442182990525334,0.294788660350222,0.8,0.8,18250,890
1,"2010-01-01",0.504086227610886,0.336057485073924,0.8,0.8,18250,891
1,"2010-01-01",0.642893322625599,0.428595548417066,0.8,0.8,18250,892
1,"2010-01-01",0.705303204166892,0.470202136111261,0.8,0.8,18250,893
1,"2010-01-01",0.757751909588953,0.505167939725969,0.8,0.8,18250,894
1,"2010-01-01",0.773181971872374,0.515454647914916,0.8,0.8,18250,895
1,"2010-01-01",0.711893992511605,0.474595995007737,0.8,0.8,18250,896
1,"2010-01-01",0.631686595240045,0.421124396826696,0.8,0.8,18250,897
1,"2010-01-01",0.55477357922929,0.369849052819527,0.8,0.8,18250,898
1,"2010-01-01",0.485359902334794,0.323573268223196,0.8,0.8,18250,899
1,"2010-01-01",0.423869420629582,0.282579613753055,0.8,0.8,18250,900
1,"2010-01-01",0.369808214008845,0.24653880933923,0.8,0.8,18250,901
1,"2010-01-01",0.322452862420291,0.21496857494686,0.8,0.8,18250,902
1,"2010-01-01",0.281054873514671,0.187369915676447,0.8,0.8,18250,903
1,"2010-01-01",0.2133709939596,0.1422473293064,0.8,0.8,18250,904
1,"2010-01-01",0.185869494451673,0.123912996301116,0.8,0.8,18250,905
1,"2010-01-01",0.161895921146268,0.107930614097512,0.8,0.8,18250,906
1,"2010-01-01",0.141003143304182,0.0940020955361212,0.8,0.8,18250,907
1,"2010-01-01",0.13401769132155,0.0893451275477001,0.8,0.8,18250,908
1,"2010-01-01",0.134404959995214,0.0896033066634761,0.8,0.8,18250,909
1,"2010-01-01",0.133440019113217,0.088960012742145,0.8,0.8,18250,910
1,"2010-01-01",0.123144116912237,0.0820960779414915,0.8,0.8,18250,911
1,"2010-01-01",0.117720829737957,0.0784805531586381,0.8,0.8,18250,912
1,"2010-01-01",0.111611629961377,0.0744077533075845,0.8,0.8,18250,913
1,"2010-01-01",0.105014366449382,0.0700095776329212,0.8,0.8,18250,914
1,"2010-01-01",0.0642109243423887,0.0428072828949258,0.8,0.8,18250,915
1,"2010-01-01",0.0582163709406099,0.0388109139604066,0.8,0.8,18250,916
1,"2010-01-01",0.0554393161511452,0.0369595441007635,0.8,0.8,18250,917
1,"2010-01-01",0.385903945038749,0.257269296692499,0.8,0.8,18250,918
1,"2010-01-01",0.769275906244422,0.512850604162948,0.8,0.8,18250,919
1,"2010-01-01",0.866365835214929,0.577577223476619,0.866365835214929,0.866365835214929,18250,920
1,"2010-01-01",0.790878095272644,0.527252063515096,0.8,0.8,18250,921
1,"2010-01-01",0.262045485656658,0.174696990437772,0.8,0.8,18250,922
1,"2010-01-01",0.127130180487862,0.0847534536585747,0.8,0.8,18250,923
1,"2010-01-01",0.138595343320769,0.092396895547179,0.8,0.8,18250,924
1,"2010-01-01",0.18157973124431,0.121053154162873,0.8,0.8,18250,925
1,"2010-01-01",0.189712938341945,0.126475292227963,0.8,0.8,18250,926
1,"2010-01-01",0.249691285498137,0.166460856998758,0.8,0.8,18250,927
1,"2010-01-01",0.285139552326289,0.190093034884193,0.8,0.8,18250,928
1,"2010-01-01",0.325110405373628,0.216740270249086,0.8,0.8,18250,929
1,"2010-01-01",0.369847133965921,0.24656475597728,0.8,0.8,18250,930
1,"2010-01-01",0.419308792361611,0.279539194907741,0.8,0.8,18250,931
1,"2010-01-01",0.623459015478553,0.415639343652369,0.8,0.8,18250,932
1,"2010-01-01",0.666948229111804,0.444632152741203,0.8,0.8,18250,933
1,"2010-01-01",0.640975098149091,0.427316732099394,0.8,0.8,18250,934
1,"2010-01-01",0.585021418001478,0.390014278667652,0.8,0.8,18250,935
1,"2010-01-01",0.523154446570731,0.348769631047154,0.8,0.8,18250,936
1,"2010-01-01",0.463082797218413,0.308721864812275,0.8,0.8,18250,937
1,"2010-01-01",0.407660319168478,0.271773546112319,0.8,0.8,18250,938
1,"2010-01-01",0.357715882673735,0.238477255115823,0.8,0.8,18250,939
1,"2010-01-01",0.273950309668939,0.182633539779292,0.8,0.8,18250,940
1,"2010-01-01",0.20898225844135,0.139321505627566,0.8,0.8,18250,941
1,"2010-01-01",0.182373328461189,0.121582218974126,0.8,0.8,18250,942
1,"2010-01-01",0.159090936821386,0.106060624547591,0.8,0.8,18250,943
1,"2010-01-01",0.138738990746047,0.0924926604973646,0.8,0.8,18250,944
1,"2010-01-01",0.120961568101101,0.0806410454007342,0.8,0.8,18250,945
1,"2010-01-01",0.116816267857414,0.0778775119049427,0.8,0.8,18250,946
1,"2010-01-01",0.11603368489147,0.0773557899276469,0.8,0.8,18250,947
1,"2010-01-01",0.114188546550781,0.0761256977005204,0.8,0.8,18250,948
1,"2010-01-01",0.111355514245823,0.0742370094972155,0.8,0.8,18250,949
1,"2010-01-01",0.107644486298962,0.0717629908659744,0.8,0.8,18250,950
1,"2010-01-01",0.10319093456947,0.068793956379647,0.8,0.8,18250,951
1,"2010-01-01",0.0981451037855813,0.0654300691903875,0.8,0.8,18250,952
1,"2010-01-01",0.0648554223270187,0.0432369482180124,0.8,0.8,18250,953
1,"2010-01-01",0.062981445685461,0.041987630456974,0.8,0.8,18250,954
1,"2010-01-01",0.0607459815422567,0.0404973210281711,0.8,0.8,18250,955
1,"2010-01-01",0.123700033026311,0.0824666886842073,0.8,0.8,18250,956
1,"2010-01-01",0.142661168058371,0.0951074453722474,0.8,0.8,18250,957
1,"2010-01-01",0.151387929929403,0.100925286619602,0.8,0.8,18250,958
1,"2010-01-01",0.307351959066002,0.204901306044001,0.8,0.8,18250,959
1,"2010-01-01",0.346986273359397,0.231324182239598,0.8,0.8,18250,960
1,"2010-01-01",0.389621924900669,0.25974794993378,0.8,0.8,18250,961
1,"2010-01-01",0.516165621203747,0.344110414135832,0.8,0.8,18250,962
1,"2010-01-01",0.55469220589062,0.36979480392708,0.8,0.8,18250,963
1,"2010-01-01",0.58249887037392,0.38833258024928,0.8,0.8,18250,964
1,"2010-01-01",0.586917144813942,0.391278096542628,0.8,0.8,18250,965
1,"2010-01-01",0.566260792191322,0.377507194794215,0.8,0.8,18250,966
1,"2010-01-01",0.527687806794733,0.351791871196489,0.8,0.8,18250,967
1,"2010-01-01",0.4805045328481,0.320336355232067,0.8,0.8,18250,968
1,"2010-01-01",0.431311079171281,0.287540719447521,0.8,0.8,18250,969
1,"2010-01-01",0.339439393511636,0.226292929007757,0.8,0.8,18250,970
1,"2010-01-01",0.299127854222959,0.199418569481972,0.8,0.8,18250,971
1,"2010-01-01",0.262910875532634,0.175273917021756,0.8,0.8,18250,972
1,"2010-01-01",0.202056582883174,0.134704388588783,0.8,0.8,18250,973
1,"2010-01-01",0.176826725301881,0.117884483534587,0.8,0.8,18250,974
1,"2010-01-01",0.154621718145861,0.103081145430574,0.8,0.8,18250,975
1,"2010-01-01",0.135118733781293,0.090079155854195,0.8,0.8,18250,976
1,"2010-01-01",0.118015315457579,0.0786768769717193,0.8,0.8,18250,977
1,"2010-01-01",0.103033996809797,0.0686893312065314,0.8,0.8,18250,978
1,"2010-01-01",0.100891386812881,0.067260924541921,0.8,0.8,18250,979
1,"2010-01-01",0.0993870999612808,0.0662580666408539,0.8,0.8,18250,980
1,"2010-01-01",0.286389206507376,0.190926137671584,0.8,0.8,18250,981
1,"2010-01-01",0.320634652020179,0.213756434680119,0.8,0.8,18250,982
1,"2010-01-01",0.356470310313898,0.237646873542598,0.8,0.8,18250,983
1,"2010-01-01",0.392490197418996,0.261660131612664,0.8,0.8,18250,984
1,"2010-01-01",0.457996732787296,0.305331155191531,0.8,0.8,18250,985
1,"2010-01-01",0.488669734867673,0.325779823245115,0.8,0.8,18250,986
1,"2010-01-01",0.507585119756412,0.338390079837608,0.8,0.8,18250,987
1,"2010-01-01",0.510491662750516,0.340327775167011,0.8,0.8,18250,988
1,"2010-01-01",0.496650256076993,0.331100170717996,0.8,0.8,18250,989
1,"2010-01-01",0.469370073667817,0.312913382445211,0.8,0.8,18250,990
1,"2010-01-01",0.219380961617006,0.146253974411337,0.8,0.8,18250,991
1,"2010-01-01",0.193016513907777,0.128677675938518,0.8,0.8,18250,992
1,"2010-01-01",0.169533127052668,0.113022084701778,0.8,0.8,18250,993
1,"2010-01-01",0.148709326944909,0.0991395512966058,0.8,0.8,18250,994
1,"2010-01-01",0.130305469830122,0.0868703132200812,0.8,0.8,18250,995
1,"2010-01-01",0.55575613753356,0.37050409168904,0.8,0.8,18250,996
1,"2010-01-01",0.569630756411737,0.379753837607824,0.8,0.8,18250,997
1,"2010-01-01",0.396985719116578,0.264657146077719,0.8,0.8,18250,998
1,"2010-01-01",0.352731368021335,0.235154245347557,0.8,0.8,18250,999
1,"2010-01-01",0.311858499842067,0.207905666561378,0.8,0.8,18250,1000
1,"2010-01-01",0.110814989500561,0.0738766596670409,0.8,0.8,18250,1001
1,"2010-01-01",0.292755832702455,0.19517055513497,0.8,0.8,18250,1002
1,"2010-01-01",0.322418031953701,0.214945354635801,0.8,0.8,18250,1003
1,"2010-01-01",0.351345563328978,0.234230375552652,0.8,0.8,18250,1004
1,"2010-01-01",0.377644883227971,0.251763255485314,0.8,0.8,18250,1005
1,"2010-01-01",0.405838265810221,0.270558843873481,0.8,0.8,18250,1006
1,"2010-01-01",0.428433299861025,0.28562219990735,0.8,0.8,18250,1007
1,"2010-01-01",0.441882962343494,0.29458864156233,0.8,0.8,18250,1008
1,"2010-01-01",0.443911375102249,0.295940916734833,0.8,0.8,18250,1009
1,"2010-01-01",0.434144879142798,0.289429919428532,0.8,0.8,18250,1010
1,"2010-01-01",0.414307967839881,0.276205311893254,0.8,0.8,18250,1011
1,"2010-01-01",0.232560574315789,0.155040382877192,0.8,0.8,18250,1012
1,"2010-01-01",0.182357891602456,0.12157192773497,0.8,0.8,18250,1013
1,"2010-01-01",0.124501514799967,0.083001009866645,0.8,0.8,18250,1014
1,"2010-01-01",0.109313517193689,0.0728756781291261,0.8,0.8,18250,1015
1,"2010-01-01",0.485586111134256,0.323724074089504,0.8,0.8,18250,1016
1,"2010-01-01",0.49492905448716,0.32995270299144,0.8,0.8,18250,1017
1,"2010-01-01",0.364224298285721,0.242816198857147,0.8,0.8,18250,1018
1,"2010-01-01",0.326873404059227,0.217915602706151,0.8,0.8,18250,1019
1,"2010-01-01",0.289168982064232,0.192779321376155,0.8,0.8,18250,1020
1,"2010-01-01",0.312327141699906,0.208218094466604,0.8,0.8,18250,1021
1,"2010-01-01",0.33556590775555,0.223710605170367,0.8,0.8,18250,1022
1,"2010-01-01",0.357667082147207,0.238444721431471,0.8,0.8,18250,1023
1,"2010-01-01",0.374625930225012,0.249750620150008,0.8,0.8,18250,1024
1,"2010-01-01",0.38449729513013,0.256331530086754,0.8,0.8,18250,1025
1,"2010-01-01",0.378829856230577,0.252553237487051,0.8,0.8,18250,1026
1,"2010-01-01",0.364062400966727,0.242708267311151,0.8,0.8,18250,1027
1,"2010-01-01",0.191912673399758,0.127941782266505,0.8,0.8,18250,1028
1,"2010-01-01",0.17059019760293,0.113726798401953,0.8,0.8,18250,1029
1,"2010-01-01",0.0913817831927363,0.0609211887951576,0.8,0.8,18250,1030
1,"2010-01-01",0.423399633689343,0.282266422459562,0.8,0.8,18250,1031
1,"2010-01-01",0.430015175779644,0.286676783853096,0.8,0.8,18250,1032
1,"2010-01-01",0.425616305645908,0.283744203763938,0.8,0.8,18250,1033
1,"2010-01-01",0.0895858451458605,0.059723896763907,0.8,0.8,18250,1034
1,"2010-01-01",0.100311661574532,0.0668744410496877,0.8,0.8,18250,1035
1,"2010-01-01",0.237836263019315,0.158557508679544,0.8,0.8,18250,1036
1,"2010-01-01",0.257736715033766,0.171824476689177,0.8,0.8,18250,1037
1,"2010-01-01",0.276831883425883,0.184554588950589,0.8,0.8,18250,1038
1,"2010-01-01",0.296910782615004,0.197940521743336,0.8,0.8,18250,1039
1,"2010-01-01",0.31411670837688,0.20941113891792,0.8,0.8,18250,1040
1,"2010-01-01",0.327052676561774,0.218035117707849,0.8,0.8,18250,1041
1,"2010-01-01",0.334469479229303,0.222979652819535,0.8,0.8,18250,1042
1,"2010-01-01",0.330213583095933,0.220142388730622,0.8,0.8,18250,1043
1,"2010-01-01",0.319009516442393,0.212673010961595,0.8,0.8,18250,1044
1,"2010-01-01",0.197167220364358,0.131444813576239,0.8,0.8,18250,1045
1,"2010-01-01",0.176991450153979,0.117994300102653,0.8,0.8,18250,1046
1,"2010-01-01",0.158189572645603,0.105459715097069,0.8,0.8,18250,1047
1,"2010-01-01",0.140881860207832,0.0939212401385544,0.8,0.8,18250,1048
1,"2010-01-01",0.136855922471287,0.0912372816475249,0.8,0.8,18250,1049
1,"2010-01-01",0.373611380780818,0.249074253853879,0.8,0.8,18250,1050
1,"2010-01-01",0.370388191912147,0.246925461274765,0.8,0.8,18250,1051
1,"2010-01-01",0.083005095319491,0.055336730212994,0.8,0.8,18250,1052
1,"2010-01-01",0.105071970653383,0.0700479804355886,0.8,0.8,18250,1053
1,"2010-01-01",0.212406345727269,0.141604230484846,0.8,0.8,18250,1054
1,"2010-01-01",0.228651948314437,0.152434632209625,0.8,0.8,18250,1055
1,"2010-01-01",0.261720172175222,0.174480114783481,0.8,0.8,18250,1056
1,"2010-01-01",0.275224227051212,0.183482818034141,0.8,0.8,18250,1057
1,"2010-01-01",0.291730481104659,0.194486987403106,0.8,0.8,18250,1058
1,"2010-01-01",0.287642187497223,0.191761458331482,0.8,0.8,18250,1059
1,"2010-01-01",0.279010787107128,0.186007191404752,0.8,0.8,18250,1060
1,"2010-01-01",0.32096717036966,0.213978113579774,0.8,0.8,18250,1061
1,"2010-01-01",0.322182184907082,0.214788123271388,0.8,0.8,18250,1062
1,"2010-01-01",0.313962387389317,0.209308258259544,0.8,0.8,18250,1063
1,"2010-01-01",0.188865819002394,0.125910546001596,0.8,0.8,18250,1064
1,"2010-01-01",0.202893566013352,0.135262377342235,0.8,0.8,18250,1065
1,"2010-01-01",0.253614984520023,0.169076656346682,0.8,0.8,18250,1066
1,"2010-01-01",0.243712146250957,0.162474764167305,0.8,0.8,18250,1067
1,"2010-01-01",0.19286188711375,0.128574591409167,0.8,0.8,18250,1068
1,"2010-01-01",0.177498431892893,0.118332287928596,0.8,0.8,18250,1069
1,"2010-01-01",0.272078740228209,0.181385826818806,0.8,0.8,18250,1070
1,"2010-01-01",0.279244254035136,0.186162836023424,0.8,0.8,18250,1071
1,"2010-01-01",0.28202378765599,0.188015858437327,0.8,0.8,18250,1072
1,"2010-01-01",0.179825293588539,0.119883529059026,0.8,0.8,18250,1073
1,"2010-01-01",0.191495565406382,0.127663710270921,0.8,0.8,18250,1074
1,"2010-01-01",0.201844465839375,0.13456297722625,0.8,0.8,18250,1075
1,"2010-01-01",0.210349561992068,0.140233041328045,0.8,0.8,18250,1076
1,"2010-01-01",0.216523038517177,0.144348692344785,0.8,0.8,18250,1077
1,"2010-01-01",0.219975329172971,0.146650219448648,0.8,0.8,18250,1078
1,"2010-01-01",0.171548815574306,0.114365877049537,0.8,0.8,18250,1079
1,"2010-01-01",0.158767624205477,0.105845082803651,0.8,0.8,18250,1080
1,"2010-01-01",0.14587264855969,0.0972484323731267,0.8,0.8,18250,1081
1,"2010-01-01",0.217610771054547,0.145073847369698,0.8,0.8,18250,1082
1,"2010-01-01",0.22867606859248,0.152450712394987,0.8,0.8,18250,1083
1,"2010-01-01",0.237287972884522,0.158191981923015,0.8,0.8,18250,1084
1,"2010-01-01",0.242873867117779,0.161915911411853,0.8,0.8,18250,1085
1,"2010-01-01",0.168442887709379,0.112295258472919,0.8,0.8,18250,1086
1,"2010-01-01",0.176808338954359,0.117872225969573,0.8,0.8,18250,1087
1,"2010-01-01",0.183623527860482,0.122415685240321,0.8,0.8,18250,1088
1,"2010-01-01",0.152082724604775,0.10138848306985,0.8,0.8,18250,1089
1,"2010-01-01",0.141460876748416,0.0943072511656107,0.8,0.8,18250,1090
1,"2010-01-01",0.130629714495301,0.0870864763302006,0.8,0.8,18250,1091
1,"2010-01-01",0.109360642230999,0.0729070948206659,0.8,0.8,18250,1092
1,"2010-01-01",0.157104675649669,0.104736450433113,0.8,0.8,18250,1093
1,"2010-01-01",0.169211574326735,0.112807716217823,0.8,0.8,18250,1094
1,"2010-01-01",0.180698062524564,0.120465375016376,0.8,0.8,18250,1095
1,"2010-01-01",0.191111371330735,0.127407580887157,0.8,0.8,18250,1096
1,"2010-01-01",0.122664403247566,0.081776268831711,0.8,0.8,18250,1097
1,"2010-01-01",0.147905137541476,0.0986034250276506,0.8,0.8,18250,1098
1,"2010-01-01",0.154693953334424,0.10312930222295,0.8,0.8,18250,1099
1,"2010-01-01",0.160185104472671,0.106790069648448,0.8,0.8,18250,1100
1,"2010-01-01",0.164120425746528,0.109413617164352,0.8,0.8,18250,1101
1,"2010-01-01",0.166301483299705,0.110867655533137,0.8,0.8,18250,1102
1,"2010-01-01",0.166613317278956,0.111075544852637,0.8,0.8,18250,1103
1,"2010-01-01",0.165039195856892,0.110026130571261,0.8,0.8,18250,1104
1,"2010-01-01",0.116552882693553,0.0777019217957023,0.8,0.8,18250,1105
1,"2010-01-01",0.107436158147342,0.0716241054315612,0.8,0.8,18250,1106
1,"2010-01-01",0.0984701755762493,0.0656467837174995,0.8,0.8,18250,1107
1,"2010-01-01",0.129327834024729,0.0862185560164859,0.8,0.8,18250,1108
1,"2010-01-01",0.149678413778024,0.0997856091853496,0.8,0.8,18250,1109
1,"2010-01-01",0.159095191489501,0.106063460993001,0.8,0.8,18250,1110
1,"2010-01-01",0.129689304688336,0.0864595364588905,0.8,0.8,18250,1111
1,"2010-01-01",0.13521896162763,0.0901459744184199,0.8,0.8,18250,1112
1,"2010-01-01",0.13966494719472,0.0931099647964803,0.8,0.8,18250,1113
1,"2010-01-01",0.142836202302219,0.0952241348681463,0.8,0.8,18250,1114
1,"2010-01-01",0.144587863433597,0.0963919089557316,0.8,0.8,18250,1115
1,"2010-01-01",0.14483677007554,0.0965578467170269,0.8,0.8,18250,1116
1,"2010-01-01",0.143570921157012,0.0957139474380078,0.8,0.8,18250,1117
1,"2010-01-01",0.118619710255511,0.0790798068370075,0.8,0.8,18250,1118
1,"2010-01-01",0.10367359538011,0.0691157302534068,0.8,0.8,18250,1119
1,"2010-01-01",0.0959711864515951,0.06398079096773,0.8,0.8,18250,1120
1,"2010-01-01",0.115136362136862,0.0767575747579082,0.8,0.8,18250,1121
1,"2010-01-01",0.12376626534022,0.0825108435601465,0.8,0.8,18250,1122
1,"2010-01-01",0.132074521038831,0.0880496806925538,0.8,0.8,18250,1123
1,"2010-01-01",0.113587755486996,0.0757251703246639,0.8,0.8,18250,1124
1,"2010-01-01",0.118107175131033,0.0787381167540221,0.8,0.8,18250,1125
1,"2010-01-01",0.121722587615699,0.0811483917437995,0.8,0.8,18250,1126
1,"2010-01-01",0.124291170968833,0.0828607806458889,0.8,0.8,18250,1127
1,"2010-01-01",0.104453553192835,0.0696357021285567,0.8,0.8,18250,1128
1,"2010-01-01",0.0875156106263495,0.0583437404175663,0.8,0.8,18250,1129
1,"2010-01-01",0.102207691049755,0.0681384606998369,0.8,0.8,18250,1130
1,"2010-01-01",0.0993926817969456,0.0662617878646304,0.8,0.8,18250,1131
1,"2010-01-01",0.106049447504789,0.0706996316698593,0.8,0.8,18250,1132
1,"2010-01-01",0.135290172229978,0.0901934481533189,0.8,0.8,18250,1133
1,"2010-01-01",0.119062413400573,0.0793749422670486,0.8,0.8,18250,1134
1,"2010-01-01",0.0918626854483964,0.061241790298931,0.8,0.8,18250,1135
1,"2010-01-01",0.0843218367950964,0.0562145578633976,0.8,0.8,18250,1136
1,"2010-01-01",0.0905106282436463,0.0603404188290975,0.8,0.8,18250,1137
1,"2010-01-01",0.083326194691285,0.0555507964608567,0.8,0.8,18250,1138
1,"2010-01-01",0.0869044726169115,0.057936315077941,0.8,0.8,18250,1139
1,"2010-01-01",0.092368892714475,0.06157926180965,0.8,0.8,18250,1140
1,"2010-01-01",0.095011339835679,0.063340893223786,0.8,0.8,18250,1141
1,"2010-01-01",0.0845250226029866,0.0563500150686577,0.8,0.8,18250,1142
1,"2010-01-01",0.442024115329191,0.294682743552794,0.8,0.8,18250,1143
1,"2010-01-01",0.409063478969908,0.272708985979939,0.8,0.8,18250,1144
1,"2010-01-01",0.336220283295872,0.224146855530581,0.8,0.8,18250,1145
1,"2010-01-01",0.142483861063062,0.0949892407087079,0.8,0.8,18250,1146
1,"2010-01-01",0.124973596962627,0.0833157313084182,0.8,0.8,18250,1147
1,"2010-01-01",0.109509918200903,0.073006612133935,0.8,0.8,18250,1148
1,"2010-01-01",0.095883767950084,0.0639225119667227,0.8,0.8,18250,1149
1,"2010-01-01",0.0729748147744072,0.0486498765162715,0.8,0.8,18250,1150
1,"2010-01-01",0.0818337505724881,0.054555833714992,0.8,0.8,18250,1151
1,"2010-01-01",0.0825990402449815,0.0550660268299877,0.8,0.8,18250,1152
1,"2010-01-01",0.0827048638916222,0.0551365759277481,0.8,0.8,18250,1153
1,"2010-01-01",0.0739608596136171,0.0493072397424114,0.8,0.8,18250,1154
1,"2010-01-01",0.0707400349661129,0.0471600233107419,0.8,0.8,18250,1155
1,"2010-01-01",0.454202968047445,0.302801978698297,0.8,0.8,18250,1156
1,"2010-01-01",0.364828255144744,0.243218836763162,0.8,0.8,18250,1157
1,"2010-01-01",0.323511673443368,0.215674448962246,0.8,0.8,18250,1158
1,"2010-01-01",0.251532496810285,0.167688331206857,0.8,0.8,18250,1159
1,"2010-01-01",0.220990730348891,0.147327153565927,0.8,0.8,18250,1160
1,"2010-01-01",0.14864338814215,0.0990955920947664,0.8,0.8,18250,1161
1,"2010-01-01",0.130002854452898,0.0866685696352651,0.8,0.8,18250,1162
1,"2010-01-01",0.061089593542787,0.0407263956951914,0.8,0.8,18250,1163
1,"2010-01-01",0.0638603768355736,0.0425735845570491,0.8,0.8,18250,1164
1,"2010-01-01",0.0663161653557626,0.0442107769038418,0.8,0.8,18250,1165
1,"2010-01-01",0.0718935716429547,0.0479290477619698,0.8,0.8,18250,1166
1,"2010-01-01",0.0714351622703521,0.0476234415135681,0.8,0.8,18250,1167
1,"2010-01-01",0.0646724507228015,0.0431149671485344,0.8,0.8,18250,1168
1,"2010-01-01",0.0679434749478408,0.0452956499652272,0.8,0.8,18250,1169
1,"2010-01-01",0.606043480638403,0.404028987092269,0.8,0.8,18250,1170
1,"2010-01-01",0.637590197311403,0.425060131540935,0.8,0.8,18250,1171
1,"2010-01-01",0.636779767161789,0.424519844774526,0.8,0.8,18250,1172
1,"2010-01-01",0.604035807075975,0.40269053805065,0.8,0.8,18250,1173
1,"2010-01-01",0.553251850537229,0.368834567024819,0.8,0.8,18250,1174
1,"2010-01-01",0.496855842589713,0.331237228393142,0.8,0.8,18250,1175
1,"2010-01-01",0.441401030231091,0.294267353487394,0.8,0.8,18250,1176
1,"2010-01-01",0.389692234405885,0.259794822937257,0.8,0.8,18250,1177
1,"2010-01-01",0.342724593837165,0.22848306255811,0.8,0.8,18250,1178
1,"2010-01-01",0.300668972888716,0.200445981925811,0.8,0.8,18250,1179
1,"2010-01-01",0.263327892946615,0.175551928631077,0.8,0.8,18250,1180
1,"2010-01-01",0.0535376947255955,0.0356917964837303,0.8,0.8,18250,1181
1,"2010-01-01",0.0558476520317401,0.0372317680211601,0.8,0.8,18250,1182
1,"2010-01-01",0.0578878754092437,0.0385919169394958,0.8,0.8,18250,1183
1,"2010-01-01",0.059607127536462,0.039738085024308,0.8,0.8,18250,1184
1,"2010-01-01",0.062495386778417,0.0416635911856113,0.8,0.8,18250,1185
1,"2010-01-01",0.0621171012321651,0.0414114008214434,0.8,0.8,18250,1186
1,"2010-01-01",0.0600408407463665,0.0400272271642443,0.8,0.8,18250,1187
1,"2010-01-01",0.0689418575960012,0.0459612383973342,0.8,0.8,18250,1188
1,"2010-01-01",0.469147580671019,0.31276505378068,0.8,0.8,18250,1189
1,"2010-01-01",0.730480610660264,0.486987073773509,0.8,0.8,18250,1190
1,"2010-01-01",0.728961892119645,0.48597459474643,0.8,0.8,18250,1191
1,"2010-01-01",0.673862034741422,0.449241356494281,0.8,0.8,18250,1192
1,"2010-01-01",0.602175466435679,0.401450310957119,0.8,0.8,18250,1193
1,"2010-01-01",0.531369949857203,0.354246633238135,0.8,0.8,18250,1194
1,"2010-01-01",0.466339947754436,0.310893298502957,0.8,0.8,18250,1195
1,"2010-01-01",0.408141580527629,0.272094387018419,0.8,0.8,18250,1196
1,"2010-01-01",0.356647047739296,0.237764698492864,0.8,0.8,18250,1197
1,"2010-01-01",0.311347425077045,0.207564950051363,0.8,0.8,18250,1198
1,"2010-01-01",0.0447685588411071,0.0298457058940714,0.8,0.8,18250,1199
1,"2010-01-01",0.0468842751919827,0.0312561834613218,0.8,0.8,18250,1200
1,"2010-01-01",0.050510594685248,0.0336737297901653,0.8,0.8,18250,1201
1,"2010-01-01",0.0542680767903399,0.0361787178602266,0.8,0.8,18250,1202
1,"2010-01-01",0.0543256484512555,0.0362170989675036,0.8,0.8,18250,1203
1,"2010-01-01",0.0540126036342997,0.0360084024228665,0.8,0.8,18250,1204
1,"2010-01-01",0.0604397312022626,0.0402931541348418,0.8,0.8,18250,1205
1,"2010-01-01",0.0694247156109357,0.0462831437406238,0.8,0.8,18250,1206
1,"2010-01-01",0.420268517427903,0.280179011618602,0.8,0.8,18250,1207
1,"2010-01-01",0.482527846433854,0.321685230955903,0.8,0.8,18250,1208
1,"2010-01-01",0.727530323840078,0.485020215893385,0.8,0.8,18250,1209
1,"2010-01-01",0.824428353770912,0.549618902513941,0.824428353770912,0.824428353770912,18250,1210
1,"2010-01-01",0.8204566210421,0.546971080694733,0.8204566210421,0.8204566210421,18250,1211
1,"2010-01-01",0.723141268345867,0.482094178897244,0.8,0.8,18250,1212
1,"2010-01-01",0.63142356242973,0.42094904161982,0.8,0.8,18250,1213
1,"2010-01-01",0.550414770025047,0.366943180016698,0.8,0.8,18250,1214
1,"2010-01-01",0.479520444164504,0.31968029610967,0.8,0.8,18250,1215
1,"2010-01-01",0.417645501653371,0.278430334435581,0.8,0.8,18250,1216
1,"2010-01-01",0.0373560031272137,0.0249040020848092,0.8,0.8,18250,1217
1,"2010-01-01",0.0440582778057345,0.029372185203823,0.8,0.8,18250,1218
1,"2010-01-01",0.0452448148569186,0.0301632099046124,0.8,0.8,18250,1219
1,"2010-01-01",0.047176618425482,0.0314510789503213,0.8,0.8,18250,1220
1,"2010-01-01",0.0472238151726376,0.031482543448425,0.8,0.8,18250,1221
1,"2010-01-01",0.365268748964294,0.243512499309529,0.8,0.8,18250,1222
1,"2010-01-01",0.419293418010996,0.279528945340664,0.8,0.8,18250,1223
1,"2010-01-01",0.481161458635134,0.320774305756756,0.8,0.8,18250,1224
1,"2010-01-01",0.632145000844334,0.42143000056289,0.8,0.8,18250,1225
1,"2010-01-01",0.721608549551905,0.481072366367936,0.8,0.8,18250,1226
1,"2010-01-01",0.809480233214593,0.539653488809728,0.809480233214593,0.809480233214593,18250,1227
1,"2010-01-01",0.0410115620853379,0.0273410413902253,0.8,0.8,18250,1228
1,"2010-01-01",0.0410503179248071,0.0273668786165381,0.8,0.8,18250,1229
1,"2010-01-01",0.356785887754633,0.237857258503089,0.8,0.8,18250,1230
1,"2010-01-01",0.0677113134944484,0.0451408756629656,0.8,0.8,18250,1231
1,"2010-01-01",0.10212833657629,0.0680855577175268,0.8,0.8,18250,1232
1,"2010-01-01",0.117070934685426,0.0780472897902842,0.8,0.8,18250,1233
1,"2010-01-01",0.263030577755978,0.175353718503986,0.8,0.8,18250,1234
1,"2010-01-01",0.300048192674232,0.200032128449488,0.8,0.8,18250,1235
1,"2010-01-01",0.341611069052011,0.22774071270134,0.8,0.8,18250,1236
1,"2010-01-01",0.438386692579813,0.292257795053209,0.8,0.8,18250,1237
1,"2010-01-01",0.49208019675753,0.32805346450502,0.8,0.8,18250,1238
1,"2010-01-01",0.592971646234033,0.395314430822689,0.8,0.8,18250,1239
1,"2010-01-01",0.0661455960878632,0.0440970640585755,0.8,0.8,18250,1240
1,"2010-01-01",0.0757725300747399,0.0505150200498266,0.8,0.8,18250,1241
1,"2010-01-01",0.0867725532763455,0.057848368850897,0.8,0.8,18250,1242
1,"2010-01-01",0.0993314594705499,0.0662209729803666,0.8,0.8,18250,1243
1,"2010-01-01",0.11365604692989,0.0757706979532602,0.8,0.8,18250,1244
1,"2010-01-01",0.129974472970584,0.0866496486470563,0.8,0.8,18250,1245
1,"2010-01-01",0.148535309221036,0.0990235394806909,0.8,0.8,18250,1246
1,"2010-01-01",0.16960433435278,0.113069556235187,0.8,0.8,18250,1247
1,"2010-01-01",0.19345745094304,0.128971633962027,0.8,0.8,18250,1248
1,"2010-01-01",0.220366988189682,0.146911325459788,0.8,0.8,18250,1249
1,"2010-01-01",0.361814810910662,0.241209873940442,0.8,0.8,18250,1250
1,"2010-01-01",0.404622096898268,0.269748064598846,0.8,0.8,18250,1251
1,"2010-01-01",0.448127844850227,0.298751896566818,0.8,0.8,18250,1252
1,"2010-01-01",0.489124143258255,0.32608276217217,0.8,0.8,18250,1253
1,"2010-01-01",0.522423023273149,0.348282015515433,0.8,0.8,18250,1254
1,"2010-01-01",0.109358585956946,0.0729057239712976,0.8,0.8,18250,1255
1,"2010-01-01",0.124732591154881,0.0831550607699204,0.8,0.8,18250,1256
1,"2010-01-01",0.14212032547288,0.0947468836485866,0.8,0.8,18250,1257
1,"2010-01-01",0.161725612099928,0.107817074733285,0.8,0.8,18250,1258
1,"2010-01-01",0.183743791279509,0.122495860853006,0.8,0.8,18250,1259
1,"2010-01-01",0.208342337694167,0.138894891796111,0.8,0.8,18250,1260
1,"2010-01-01",0.332504009761682,0.221669339841121,0.8,0.8,18250,1261
1,"2010-01-01",0.367911709269038,0.245274472846025,0.8,0.8,18250,1262
1,"2010-01-01",0.402540863852795,0.268360575901863,0.8,0.8,18250,1263
1,"2010-01-01",0.433697383110413,0.289131588740275,0.8,0.8,18250,1264
1,"2010-01-01",0.457775493595317,0.305183662396878,0.8,0.8,18250,1265
1,"2010-01-01",0.118641798237911,0.0790945321586072,0.8,0.8,18250,1266
1,"2010-01-01",0.134715315110733,0.0898102100738218,0.8,0.8,18250,1267
1,"2010-01-01",0.15270138723496,0.101800924823307,0.8,0.8,18250,1268
1,"2010-01-01",0.273156091356379,0.182104060904253,0.8,0.8,18250,1269
1,"2010-01-01",0.302054546806206,0.201369697870804,0.8,0.8,18250,1270
1,"2010-01-01",0.330970232907963,0.220646821938642,0.8,0.8,18250,1271
1,"2010-01-01",0.358374483257721,0.238916322171814,0.8,0.8,18250,1272
1,"2010-01-01",0.40001401206482,0.266676008043214,0.8,0.8,18250,1273
1,"2010-01-01",0.126603217346938,0.084402144897959,0.8,0.8,18250,1274
1,"2010-01-01",0.142899194341212,0.0952661295608078,0.8,0.8,18250,1275
1,"2010-01-01",0.247986842234752,0.165324561489835,0.8,0.8,18250,1276
1,"2010-01-01",0.271994217199303,0.181329478132869,0.8,0.8,18250,1277
1,"2010-01-01",0.295466766040496,0.196977844026998,0.8,0.8,18250,1278
1,"2010-01-01",0.317160235094867,0.211440156729911,0.8,0.8,18250,1279
1,"2010-01-01",0.223466027365313,0.148977351576875,0.8,0.8,18250,1280
1,"2010-01-01",0.262313235949292,0.174875490632861,0.8,0.8,18250,1281
1,"2010-01-01",0.279540490676395,0.186360327117597,0.8,0.8,18250,1282
1,"2010-01-01",0.304162255976572,0.202774837317715,0.8,0.8,18250,1283
1,"2010-01-01",0.309505976647286,0.206337317764858,0.8,0.8,18250,1284
1,"2010-01-01",0.309367959501929,0.206245306334619,0.8,0.8,18250,1285
1,"2010-01-01",0.303762218909031,0.202508145939354,0.8,0.8,18250,1286
1,"2010-01-01",0.231930254502173,0.154620169668116,0.8,0.8,18250,1287
1,"2010-01-01",0.256927017454493,0.171284678302995,0.8,0.8,18250,1288
1,"2010-01-01",0.264922728280924,0.176615152187283,0.8,0.8,18250,1289
1,"2010-01-01",0.269037548922117,0.179358365948078,0.8,0.8,18250,1290
1,"2010-01-01",0.268928921129624,0.17928594741975,0.8,0.8,18250,1291
1,"2010-01-01",0.256428072652579,0.170952048435053,0.8,0.8,18250,1292
1,"2010-01-01",0.215448691612885,0.143632461075257,0.8,0.8,18250,1293
1,"2010-01-01",0.224365098384115,0.149576732256076,0.8,0.8,18250,1294
1,"2010-01-01",0.230639868811049,0.153759912540699,0.8,0.8,18250,1295
1,"2010-01-01",0.233848820957292,0.155899213971528,0.8,0.8,18250,1296
1,"2010-01-01",0.188646571722165,0.12576438114811,0.8,0.8,18250,1297
1,"2010-01-01",0.195758573992703,0.130505715995135,0.8,0.8,18250,1298
1,"2010-01-01",0.200727037077491,0.133818024718327,0.8,0.8,18250,1299
1,"2010-01-01",0.164979172501008,0.109986115000672,0.8,0.8,18250,1300
1,"2010-01-01",0.148750245973889,0.099166830649259,0.8,0.8,18250,1301
