"event","fulldate","cov_all","age_cov","min_season_cov","fast_fraction","grid_cell"
1,"2015-09-01",0.6,0.65,0.5,0.6,2
1,"2015-09-01",0.289473684210526,0.65,0.5,0.6,3
1,"2015-09-01",0,0.65,0.5,0.6,4
1,"2015-09-01",0.875,0.65,0.5,0.6,5
1,"2015-09-01",0.690721649484536,0.65,0.5,0.6,6
1,"2015-09-01",0.8,0.65,0.5,0.6,7
1,"2015-09-01",0.534090909090909,0.65,0.5,0.6,8
1,"2015-09-01",0,0.65,0.5,0.6,10
1,"2015-09-01",0,0.65,0.5,0.6,12
1,"2015-09-01",0.578947368421053,0.65,0.5,0.6,13
1,"2015-09-01",0.5,0.65,0.5,0.6,14
1,"2015-09-01",1,0.65,0.5,0.6,15
1,"2015-09-01",0,0.65,0.5,0.6,16
1,"2015-09-01",0.0833333333333333,0.65,0.5,0.6,18
1,"2015-09-01",0.384615384615385,0.65,0.5,0.6,19
1,"2015-09-01",0.166666666666667,0.65,0.5,0.6,20
1,"2015-09-01",0.54,0.65,0.5,0.6,21
1,"2015-09-01",0.8,0.65,0.5,0.6,22
1,"2015-09-01",0.8125,0.65,0.5,0.6,23
1,"2015-09-01",0,0.65,0.5,0.6,24
1,"2015-09-01",0,0.65,0.5,0.6,25
1,"2015-09-01",1,0.65,0.5,0.6,27
1,"2015-09-01",0.666666666666667,0.65,0.5,0.6,28
1,"2015-09-01",0.285714285714286,0.65,0.5,0.6,29
1,"2015-09-01",0,0.65,0.5,0.6,30
1,"2015-09-01",1,0.65,0.5,0.6,31
1,"2015-09-01",0.743589743589744,0.65,0.5,0.6,32
1,"2015-09-01",0.9375,0.65,0.5,0.6,33
1,"2015-09-01",0,0.65,0.5,0.6,35
1,"2015-09-01",1,0.65,0.5,0.6,36
1,"2015-09-01",1,0.65,0.5,0.6,38
1,"2015-09-01",0.826086956521739,0.65,0.5,0.6,39
1,"2015-09-01",1,0.65,0.5,0.6,40
1,"2015-09-01",0.51219512195122,0.65,0.5,0.6,41
1,"2015-09-01",0.444444444444444,0.65,0.5,0.6,42
1,"2015-09-01",0,0.65,0.5,0.6,43
1,"2015-09-01",1,0.65,0.5,0.6,46
1,"2015-09-01",0.75,0.65,0.5,0.6,47
1,"2015-09-01",1,0.65,0.5,0.6,49
1,"2015-09-01",1,0.65,0.5,0.6,50
1,"2015-09-01",0.25,0.65,0.5,0.6,52
1,"2015-09-01",0.0769230769230769,0.65,0.5,0.6,54
1,"2015-09-01",0.470588235294118,0.65,0.5,0.6,55
1,"2015-09-01",0,0.65,0.5,0.6,56
1,"2015-09-01",0,0.65,0.5,0.6,57
1,"2015-09-01",0.714285714285714,0.65,0.5,0.6,58
1,"2015-09-01",0.625,0.65,0.5,0.6,59
1,"2015-09-01",1,0.65,0.5,0.6,60
1,"2015-09-01",1,0.65,0.5,0.6,61
1,"2015-09-01",0.916666666666667,0.65,0.5,0.6,62
1,"2015-09-01",0.0714285714285714,0.65,0.5,0.6,63
1,"2015-09-01",0,0.65,0.5,0.6,64
1,"2015-09-01",0.6,0.65,0.5,0.6,66
1,"2015-09-01",0.5,0.65,0.5,0.6,67
1,"2015-09-01",0,0.65,0.5,0.6,70
1,"2015-09-01",0.2,0.65,0.5,0.6,73
1,"2015-09-01",0.466666666666667,0.65,0.5,0.6,74
1,"2015-09-01",0.461538461538462,0.65,0.5,0.6,75
1,"2015-09-01",0,0.65,0.5,0.6,76
1,"2015-09-01",0.25,0.65,0.5,0.6,79
1,"2015-09-01",0,0.65,0.5,0.6,80
1,"2015-09-01",0.5,0.65,0.5,0.6,81
1,"2015-09-01",0.714285714285714,0.65,0.5,0.6,82
1,"2015-09-01",0.636363636363636,0.65,0.5,0.6,83
1,"2015-09-01",0,0.65,0.5,0.6,84
1,"2015-09-01",0.428571428571429,0.65,0.5,0.6,86
1,"2015-09-01",0.933333333333333,0.65,0.5,0.6,87
1,"2015-09-01",0,0.65,0.5,0.6,88
1,"2015-09-01",1,0.65,0.5,0.6,89
1,"2015-09-01",0.166666666666667,0.65,0.5,0.6,90
1,"2015-09-01",0.1,0.65,0.5,0.6,92
1,"2015-09-01",0,0.65,0.5,0.6,93
1,"2015-09-01",0.833333333333333,0.65,0.5,0.6,94
1,"2015-09-01",0,0.65,0.5,0.6,95
1,"2015-09-01",0,0.65,0.5,0.6,96
1,"2015-09-01",0.5625,0.65,0.5,0.6,97
1,"2015-09-01",0.75,0.65,0.5,0.6,98
1,"2015-09-01",0.0714285714285714,0.65,0.5,0.6,99
1,"2015-09-01",0,0.65,0.5,0.6,100
1,"2015-09-01",0.25,0.65,0.5,0.6,101
1,"2015-09-01",0.466666666666667,0.65,0.5,0.6,102
1,"2015-09-01",1,0.65,0.5,0.6,103
1,"2015-09-01",0.4,0.65,0.5,0.6,104
1,"2015-09-01",0,0.65,0.5,0.6,105
1,"2015-09-01",0,0.65,0.5,0.6,106
1,"2015-09-01",0.761904761904762,0.65,0.5,0.6,107
1,"2015-09-01",1,0.65,0.5,0.6,108
1,"2015-09-01",1,0.65,0.5,0.6,109
1,"2015-09-01",0,0.65,0.5,0.6,110
1,"2015-09-01",0,0.65,0.5,0.6,111
1,"2015-09-01",0.8,0.65,0.5,0.6,113
1,"2015-09-01",1,0.65,0.5,0.6,114
1,"2015-09-01",1,0.65,0.5,0.6,115
1,"2015-09-01",1,0.65,0.5,0.6,117
1,"2015-09-01",1,0.65,0.5,0.6,118
1,"2015-09-01",0.933333333333333,0.65,0.5,0.6,119
1,"2015-09-01",0.444444444444444,0.65,0.5,0.6,120
1,"2015-09-01",0.1,0.65,0.5,0.6,121
1,"2015-09-01",1,0.65,0.5,0.6,122
1,"2015-09-01",1,0.65,0.5,0.6,123
1,"2015-09-01",1,0.65,0.5,0.6,124
1,"2015-09-01",0.695652173913043,0.65,0.5,0.6,125
1,"2015-09-01",0.956521739130435,0.65,0.5,0.6,126
1,"2015-09-01",0.595238095238095,0.65,0.5,0.6,127
1,"2015-09-01",0,0.65,0.5,0.6,128
1,"2015-09-01",1,0.65,0.5,0.6,129
1,"2015-09-01",0,0.65,0.5,0.6,131
1,"2015-09-01",0,0.65,0.5,0.6,132
1,"2015-09-01",1,0.65,0.5,0.6,134
1,"2015-09-01",1,0.65,0.5,0.6,136
1,"2015-09-01",0.966666666666667,0.65,0.5,0.6,137
1,"2015-09-01",1,0.65,0.5,0.6,138
1,"2015-09-01",0.875,0.65,0.5,0.6,139
1,"2015-09-01",0.535714285714286,0.65,0.5,0.6,140
1,"2015-09-01",1,0.65,0.5,0.6,141
1,"2015-09-01",0.55,0.65,0.5,0.6,142
1,"2015-09-01",0.777777777777778,0.65,0.5,0.6,143
1,"2015-09-01",1,0.65,0.5,0.6,144
1,"2015-09-01",1,0.65,0.5,0.6,145
1,"2015-09-01",1,0.65,0.5,0.6,146
1,"2015-09-01",0.6,0.65,0.5,0.6,147
1,"2015-09-01",0.5,0.65,0.5,0.6,148
1,"2015-09-01",0.25,0.65,0.5,0.6,149
1,"2015-09-01",1,0.65,0.5,0.6,150
1,"2015-09-01",1,0.65,0.5,0.6,151
1,"2015-09-01",0.325,0.65,0.5,0.6,152
1,"2015-09-01",0,0.65,0.5,0.6,153
1,"2015-09-01",0,0.65,0.5,0.6,154
1,"2015-09-01",1,0.65,0.5,0.6,155
1,"2015-09-01",0,0.65,0.5,0.6,156
1,"2015-09-01",0,0.65,0.5,0.6,157
1,"2015-09-01",0,0.65,0.5,0.6,158
1,"2015-09-01",0.0769230769230769,0.65,0.5,0.6,160
1,"2015-09-01",0,0.65,0.5,0.6,161
1,"2015-09-01",0.5,0.65,0.5,0.6,162
1,"2015-09-01",0.428571428571429,0.65,0.5,0.6,163
1,"2015-09-01",0.75,0.65,0.5,0.6,164
1,"2015-09-01",0.666666666666667,0.65,0.5,0.6,165
1,"2015-09-01",0.8125,0.65,0.5,0.6,166
1,"2015-09-01",0.25,0.65,0.5,0.6,167
1,"2015-09-01",1,0.65,0.5,0.6,168
1,"2015-09-01",0,0.65,0.5,0.6,169
1,"2015-09-01",0,0.65,0.5,0.6,171
1,"2015-09-01",0.142857142857143,0.65,0.5,0.6,172
1,"2015-09-01",0.611111111111111,0.65,0.5,0.6,173
1,"2015-09-01",0,0.65,0.5,0.6,175
1,"2015-09-01",0,0.65,0.5,0.6,176
1,"2015-09-01",0.7,0.65,0.5,0.6,178
1,"2015-09-01",1,0.65,0.5,0.6,179
1,"2015-09-01",0.384615384615385,0.65,0.5,0.6,180
1,"2015-09-01",1,0.65,0.5,0.6,181
1,"2015-09-01",0,0.65,0.5,0.6,182
1,"2015-09-01",1,0.65,0.5,0.6,183
1,"2015-09-01",1,0.65,0.5,0.6,184
1,"2015-09-01",0.214285714285714,0.65,0.5,0.6,186
1,"2015-09-01",0.555555555555556,0.65,0.5,0.6,187
1,"2015-09-01",0.80952380952381,0.65,0.5,0.6,188
1,"2015-09-01",0.692307692307692,0.65,0.5,0.6,189
1,"2015-09-01",0.5,0.65,0.5,0.6,191
1,"2015-09-01",0,0.65,0.5,0.6,193
1,"2015-09-01",0,0.65,0.5,0.6,194
1,"2015-09-01",1,0.65,0.5,0.6,195
1,"2015-09-01",0.770833333333333,0.65,0.5,0.6,196
1,"2015-09-01",0.790697674418605,0.65,0.5,0.6,197
1,"2015-09-01",1,0.65,0.5,0.6,198
1,"2015-09-01",0,0.65,0.5,0.6,199
1,"2015-09-01",0,0.65,0.5,0.6,201
1,"2015-09-01",0.333333333333333,0.65,0.5,0.6,202
1,"2015-09-01",0.333333333333333,0.65,0.5,0.6,203
1,"2015-09-01",0,0.65,0.5,0.6,204
1,"2015-09-01",0.142857142857143,0.65,0.5,0.6,205
1,"2015-09-01",0.444444444444444,0.65,0.5,0.6,207
1,"2015-09-01",0.545454545454545,0.65,0.5,0.6,208
1,"2015-09-01",0.681318681318681,0.65,0.5,0.6,209
1,"2015-09-01",0.5,0.65,0.5,0.6,210
1,"2015-09-01",1,0.65,0.5,0.6,211
1,"2015-09-01",0,0.65,0.5,0.6,212
1,"2015-09-01",1,0.65,0.5,0.6,213
1,"2015-09-01",0,0.65,0.5,0.6,214
1,"2015-09-01",0,0.65,0.5,0.6,215
1,"2015-09-01",0,0.65,0.5,0.6,216
1,"2015-09-01",0.222222222222222,0.65,0.5,0.6,217
1,"2015-09-01",0.571428571428571,0.65,0.5,0.6,220
1,"2015-09-01",1,0.65,0.5,0.6,222
1,"2015-09-01",0.8125,0.65,0.5,0.6,223
1,"2015-09-01",0.641791044776119,0.65,0.5,0.6,224
1,"2015-09-01",0.4,0.65,0.5,0.6,225
1,"2015-09-01",0.333333333333333,0.65,0.5,0.6,226
1,"2015-09-01",1,0.65,0.5,0.6,227
1,"2015-09-01",0,0.65,0.5,0.6,230
1,"2015-09-01",0.333333333333333,0.65,0.5,0.6,231
1,"2015-09-01",1,0.65,0.5,0.6,233
1,"2015-09-01",0.272727272727273,0.65,0.5,0.6,235
1,"2015-09-01",0.555555555555556,0.65,0.5,0.6,237
1,"2015-09-01",0.666666666666667,0.65,0.5,0.6,238
1,"2015-09-01",0.25,0.65,0.5,0.6,239
1,"2015-09-01",0,0.65,0.5,0.6,240
1,"2015-09-01",0.2,0.65,0.5,0.6,241
1,"2015-09-01",1,0.65,0.5,0.6,242
1,"2015-09-01",0,0.65,0.5,0.6,243
1,"2015-09-01",0.7,0.65,0.5,0.6,244
1,"2015-09-01",0.5,0.65,0.5,0.6,245
1,"2015-09-01",1,0.65,0.5,0.6,246
1,"2015-09-01",0,0.65,0.5,0.6,248
1,"2015-09-01",0,0.65,0.5,0.6,249
1,"2015-09-01",0,0.65,0.5,0.6,250
1,"2015-09-01",0,0.65,0.5,0.6,251
1,"2015-09-01",0,0.65,0.5,0.6,252
1,"2015-09-01",0,0.65,0.5,0.6,253
1,"2015-09-01",1,0.65,0.5,0.6,254
1,"2015-09-01",1,0.65,0.5,0.6,255
1,"2015-09-01",0.542857142857143,0.65,0.5,0.6,257
1,"2015-09-01",0,0.65,0.5,0.6,258
1,"2015-09-01",1,0.65,0.5,0.6,259
1,"2015-09-01",0.333333333333333,0.65,0.5,0.6,260
1,"2015-09-01",0.8,0.65,0.5,0.6,261
1,"2015-09-01",0.941176470588235,0.65,0.5,0.6,262
1,"2015-09-01",1,0.65,0.5,0.6,263
1,"2015-09-01",0,0.65,0.5,0.6,264
1,"2015-09-01",0,0.65,0.5,0.6,265
1,"2015-09-01",0.333333333333333,0.65,0.5,0.6,266
1,"2015-09-01",0.133333333333333,0.65,0.5,0.6,267
1,"2015-09-01",0.75,0.65,0.5,0.6,268
1,"2015-09-01",0.5,0.65,0.5,0.6,269
1,"2015-09-01",1,0.65,0.5,0.6,270
1,"2015-09-01",0.75,0.65,0.5,0.6,271
1,"2015-09-01",0.833333333333333,0.65,0.5,0.6,272
1,"2015-09-01",1,0.65,0.5,0.6,273
1,"2015-09-01",1,0.65,0.5,0.6,274
1,"2015-09-01",1,0.65,0.5,0.6,276
1,"2015-09-01",0,0.65,0.5,0.6,277
1,"2015-09-01",0,0.65,0.5,0.6,279
1,"2015-09-01",0.25,0.65,0.5,0.6,280
1,"2015-09-01",0.5,0.65,0.5,0.6,281
1,"2015-09-01",0,0.65,0.5,0.6,282
1,"2015-09-01",0.9375,0.65,0.5,0.6,283
1,"2015-09-01",0.1,0.65,0.5,0.6,284
1,"2015-09-01",0.111111111111111,0.65,0.5,0.6,285
1,"2015-09-01",0.611111111111111,0.65,0.5,0.6,287
1,"2015-09-01",1,0.65,0.5,0.6,289
1,"2015-09-01",0,0.65,0.5,0.6,290
1,"2015-09-01",1,0.65,0.5,0.6,291
1,"2015-09-01",0.388888888888889,0.65,0.5,0.6,292
1,"2015-09-01",1,0.65,0.5,0.6,294
1,"2015-09-01",0,0.65,0.5,0.6,295
1,"2015-09-01",0,0.65,0.5,0.6,297
1,"2015-09-01",1,0.65,0.5,0.6,298
1,"2015-09-01",0,0.65,0.5,0.6,299
1,"2015-09-01",1,0.65,0.5,0.6,302
1,"2015-09-01",0.711111111111111,0.65,0.5,0.6,303
1,"2015-09-01",0.4,0.65,0.5,0.6,304
1,"2015-09-01",0,0.65,0.5,0.6,305
1,"2015-09-01",0.742857142857143,0.65,0.5,0.6,306
1,"2015-09-01",0.5,0.65,0.5,0.6,307
1,"2015-09-01",1,0.65,0.5,0.6,308
1,"2015-09-01",0,0.65,0.5,0.6,309
1,"2015-09-01",0.5,0.65,0.5,0.6,310
1,"2015-09-01",0,0.65,0.5,0.6,311
1,"2015-09-01",0.944444444444444,0.65,0.5,0.6,312
1,"2015-09-01",1,0.65,0.5,0.6,313
1,"2015-09-01",0.823529411764706,0.65,0.5,0.6,314
1,"2015-09-01",0,0.65,0.5,0.6,316
1,"2015-09-01",0,0.65,0.5,0.6,317
1,"2015-09-01",0,0.65,0.5,0.6,318
1,"2015-09-01",0.952380952380952,0.65,0.5,0.6,319
1,"2015-09-01",0.545454545454545,0.65,0.5,0.6,320
1,"2015-09-01",0.777777777777778,0.65,0.5,0.6,321
1,"2015-09-01",0.592592592592593,0.65,0.5,0.6,322
1,"2015-09-01",0.857142857142857,0.65,0.5,0.6,323
1,"2015-09-01",0,0.65,0.5,0.6,324
1,"2015-09-01",1,0.65,0.5,0.6,326
1,"2015-09-01",0,0.65,0.5,0.6,327
1,"2015-09-01",0.5,0.65,0.5,0.6,328
1,"2015-09-01",1,0.65,0.5,0.6,329
1,"2015-09-01",0.421052631578947,0.65,0.5,0.6,330
1,"2015-09-01",0.272727272727273,0.65,0.5,0.6,331
1,"2015-09-01",0.529411764705882,0.65,0.5,0.6,332
1,"2015-09-01",0.333333333333333,0.65,0.5,0.6,333
1,"2015-09-01",1,0.65,0.5,0.6,334
1,"2015-09-01",1,0.65,0.5,0.6,335
1,"2015-09-01",0.46875,0.65,0.5,0.6,336
1,"2015-09-01",1,0.65,0.5,0.6,337
1,"2015-09-01",1,0.65,0.5,0.6,338
1,"2015-09-01",0,0.65,0.5,0.6,339
1,"2015-09-01",0.444444444444444,0.65,0.5,0.6,340
1,"2015-09-01",1,0.65,0.5,0.6,341
1,"2015-09-01",0.545454545454545,0.65,0.5,0.6,342
1,"2015-09-01",0,0.65,0.5,0.6,343
1,"2015-09-01",0.6,0.65,0.5,0.6,344
1,"2015-09-01",0,0.65,0.5,0.6,345
1,"2015-09-01",0.2,0.65,0.5,0.6,346
1,"2015-09-01",0.5,0.65,0.5,0.6,348
1,"2015-09-01",0.377358490566038,0.65,0.5,0.6,349
1,"2015-09-01",0.66304347826087,0.65,0.5,0.6,350
1,"2015-09-01",0.933333333333333,0.65,0.5,0.6,351
1,"2015-09-01",0.75,0.65,0.5,0.6,352
1,"2015-09-01",0.5,0.65,0.5,0.6,353
1,"2015-09-01",0.333333333333333,0.65,0.5,0.6,354
1,"2015-09-01",0,0.65,0.5,0.6,355
1,"2015-09-01",0,0.65,0.5,0.6,356
1,"2015-09-01",0,0.65,0.5,0.6,357
1,"2015-09-01",0.5,0.65,0.5,0.6,359
1,"2015-09-01",1,0.65,0.5,0.6,360
1,"2015-09-01",0.8,0.65,0.5,0.6,361
1,"2015-09-01",0,0.65,0.5,0.6,362
1,"2015-09-01",1,0.65,0.5,0.6,363
1,"2015-09-01",1,0.65,0.5,0.6,364
1,"2015-09-01",1,0.65,0.5,0.6,365
1,"2015-09-01",0.666666666666667,0.65,0.5,0.6,366
1,"2015-09-01",0.875,0.65,0.5,0.6,368
1,"2015-09-01",1,0.65,0.5,0.6,369
1,"2015-09-01",0.763157894736842,0.65,0.5,0.6,371
1,"2015-09-01",0.5,0.65,0.5,0.6,372
1,"2015-09-01",0.25,0.65,0.5,0.6,375
1,"2015-09-01",0,0.65,0.5,0.6,378
1,"2015-09-01",1,0.65,0.5,0.6,381
1,"2015-09-01",0.4,0.65,0.5,0.6,382
1,"2015-09-01",1,0.65,0.5,0.6,383
1,"2015-09-01",0.692307692307692,0.65,0.5,0.6,384
1,"2015-09-01",0.818181818181818,0.65,0.5,0.6,385
1,"2015-09-01",0,0.65,0.5,0.6,387
1,"2015-09-01",0,0.65,0.5,0.6,389
1,"2015-09-01",0.5,0.65,0.5,0.6,390
1,"2015-09-01",0.3,0.65,0.5,0.6,392
1,"2015-09-01",0.230769230769231,0.65,0.5,0.6,393
1,"2015-09-01",0,0.65,0.5,0.6,394
1,"2015-09-01",0.428571428571429,0.65,0.5,0.6,395
1,"2015-09-01",0,0.65,0.5,0.6,397
1,"2015-09-01",0.857142857142857,0.65,0.5,0.6,398
1,"2015-09-01",0.5,0.65,0.5,0.6,399
1,"2015-09-01",0.4,0.65,0.5,0.6,400
1,"2015-09-01",1,0.65,0.5,0.6,401
1,"2015-09-01",1,0.65,0.5,0.6,402
1,"2015-09-01",0.111111111111111,0.65,0.5,0.6,403
1,"2015-09-01",0.235294117647059,0.65,0.5,0.6,404
1,"2015-09-01",1,0.65,0.5,0.6,405
1,"2015-09-01",0.2,0.65,0.5,0.6,408
1,"2015-09-01",0.75,0.65,0.5,0.6,410
1,"2015-09-01",0.714285714285714,0.65,0.5,0.6,412
1,"2015-09-01",0.277777777777778,0.65,0.5,0.6,413
1,"2015-09-01",0.65,0.65,0.5,0.6,414
1,"2015-09-01",0.5,0.65,0.5,0.6,415
1,"2015-09-01",0.538461538461538,0.65,0.5,0.6,416
1,"2015-09-01",0.833333333333333,0.65,0.5,0.6,417
1,"2015-09-01",0.166666666666667,0.65,0.5,0.6,418
1,"2015-09-01",1,0.65,0.5,0.6,419
1,"2015-09-01",0.388888888888889,0.65,0.5,0.6,421
1,"2015-09-01",0,0.65,0.5,0.6,425
1,"2015-09-01",1,0.65,0.5,0.6,426
1,"2015-09-01",1,0.65,0.5,0.6,428
1,"2015-09-01",0.757575757575758,0.65,0.5,0.6,429
1,"2015-09-01",0.866666666666667,0.65,0.5,0.6,430
1,"2015-09-01",0.461538461538462,0.65,0.5,0.6,431
1,"2015-09-01",1,0.65,0.5,0.6,432
1,"2015-09-01",1,0.65,0.5,0.6,433
1,"2015-09-01",0.708333333333333,0.65,0.5,0.6,434
1,"2015-09-01",0.647058823529412,0.65,0.5,0.6,435
1,"2015-09-01",0.827956989247312,0.65,0.5,0.6,436
1,"2015-09-01",0.813953488372093,0.65,0.5,0.6,437
1,"2015-09-01",0.865384615384615,0.65,0.5,0.6,438
1,"2015-09-01",0.754385964912281,0.65,0.5,0.6,439
1,"2015-09-01",0.6,0.65,0.5,0.6,440
1,"2015-09-01",0.833333333333333,0.65,0.5,0.6,442
1,"2015-09-01",1,0.65,0.5,0.6,443
1,"2015-09-01",0.91304347826087,0.65,0.5,0.6,444
1,"2015-09-01",0.5,0.65,0.5,0.6,445
1,"2015-09-01",1,0.65,0.5,0.6,446
1,"2015-09-01",1,0.65,0.5,0.6,447
1,"2015-09-01",0.818181818181818,0.65,0.5,0.6,449
1,"2015-09-01",1,0.65,0.5,0.6,451
1,"2015-09-01",0.75,0.65,0.5,0.6,452
1,"2015-09-01",0.5,0.65,0.5,0.6,453
1,"2015-09-01",0.8,0.65,0.5,0.6,455
1,"2015-09-01",0.928571428571429,0.65,0.5,0.6,456
1,"2015-09-01",0.914893617021277,0.65,0.5,0.6,458
1,"2015-09-01",0.653846153846154,0.65,0.5,0.6,459
1,"2015-09-01",0.777777777777778,0.65,0.5,0.6,460
1,"2015-09-01",1,0.65,0.5,0.6,462
1,"2015-09-01",1,0.65,0.5,0.6,463
1,"2015-09-01",0.676470588235294,0.65,0.5,0.6,464
1,"2015-09-01",0,0.65,0.5,0.6,465
1,"2015-09-01",0.454545454545455,0.65,0.5,0.6,466
1,"2015-09-01",0.476190476190476,0.65,0.5,0.6,467
1,"2015-09-01",0.875,0.65,0.5,0.6,468
1,"2015-09-01",1,0.65,0.5,0.6,469
1,"2015-09-01",0.745098039215686,0.65,0.5,0.6,470
1,"2015-09-01",0.962962962962963,0.65,0.5,0.6,471
1,"2015-09-01",1,0.65,0.5,0.6,472
1,"2015-09-01",1,0.65,0.5,0.6,473
1,"2015-09-01",1,0.65,0.5,0.6,474
1,"2015-09-01",0,0.65,0.5,0.6,475
1,"2015-09-01",0.6,0.65,0.5,0.6,476
1,"2015-09-01",0.666666666666667,0.65,0.5,0.6,477
1,"2015-09-01",0.6,0.65,0.5,0.6,478
1,"2015-09-01",0.4,0.65,0.5,0.6,479
1,"2015-09-01",1,0.65,0.5,0.6,480
1,"2015-09-01",1,0.65,0.5,0.6,481
1,"2015-09-01",0.925925925925926,0.65,0.5,0.6,483
1,"2015-09-01",0.833333333333333,0.65,0.5,0.6,484
1,"2015-09-01",1,0.65,0.5,0.6,485
1,"2015-09-01",0.785714285714286,0.65,0.5,0.6,486
1,"2015-09-01",1,0.65,0.5,0.6,487
1,"2015-09-01",0.605263157894737,0.65,0.5,0.6,488
1,"2015-09-01",1,0.65,0.5,0.6,489
1,"2015-09-01",0.5,0.65,0.5,0.6,490
1,"2015-09-01",1,0.65,0.5,0.6,491
1,"2015-09-01",0,0.65,0.5,0.6,492
1,"2015-09-01",0.25,0.65,0.5,0.6,493
1,"2015-09-01",1,0.65,0.5,0.6,494
1,"2015-09-01",1,0.65,0.5,0.6,495
1,"2015-09-01",0.805555555555556,0.65,0.5,0.6,496
1,"2015-09-01",1,0.65,0.5,0.6,497
1,"2015-09-01",1,0.65,0.5,0.6,498
1,"2015-09-01",0.833333333333333,0.65,0.5,0.6,499
1,"2015-09-01",1,0.65,0.5,0.6,500
1,"2015-09-01",0.4,0.65,0.5,0.6,501
1,"2015-09-01",0.545454545454545,0.65,0.5,0.6,503
1,"2015-09-01",0.464285714285714,0.65,0.5,0.6,504
1,"2015-09-01",0.333333333333333,0.65,0.5,0.6,505
1,"2015-09-01",0,0.65,0.5,0.6,507
1,"2015-09-01",0.842105263157895,0.65,0.5,0.6,508
1,"2015-09-01",1,0.65,0.5,0.6,509
1,"2015-09-01",1,0.65,0.5,0.6,510
1,"2015-09-01",1,0.65,0.5,0.6,511
1,"2015-09-01",0.666666666666667,0.65,0.5,0.6,512
1,"2015-09-01",0.793103448275862,0.65,0.5,0.6,513
1,"2015-09-01",1,0.65,0.5,0.6,514
1,"2015-09-01",1,0.65,0.5,0.6,515
1,"2015-09-01",0.944444444444444,0.65,0.5,0.6,516
1,"2015-09-01",0.580645161290323,0.65,0.5,0.6,517
1,"2015-09-01",0.866666666666667,0.65,0.5,0.6,518
1,"2015-09-01",0.3,0.65,0.5,0.6,519
1,"2015-09-01",1,0.65,0.5,0.6,520
1,"2015-09-01",0.416666666666667,0.65,0.5,0.6,521
1,"2015-09-01",0.769230769230769,0.65,0.5,0.6,522
1,"2015-09-01",0.833333333333333,0.65,0.5,0.6,524
1,"2015-09-01",0.888888888888889,0.65,0.5,0.6,525
1,"2015-09-01",0.894736842105263,0.65,0.5,0.6,526
1,"2015-09-01",1,0.65,0.5,0.6,527
1,"2015-09-01",0.444444444444444,0.65,0.5,0.6,529
1,"2015-09-01",0.636363636363636,0.65,0.5,0.6,530
1,"2015-09-01",0.857142857142857,0.65,0.5,0.6,531
1,"2015-09-01",1,0.65,0.5,0.6,532
1,"2015-09-01",0.833333333333333,0.65,0.5,0.6,534
1,"2015-09-01",1,0.65,0.5,0.6,535
1,"2015-09-01",1,0.65,0.5,0.6,536
1,"2015-09-01",1,0.65,0.5,0.6,537
1,"2015-09-01",0.934782608695652,0.65,0.5,0.6,538
1,"2015-09-01",0.863636363636364,0.65,0.5,0.6,539
1,"2015-09-01",0.872093023255814,0.65,0.5,0.6,540
1,"2015-09-01",1,0.65,0.5,0.6,541
1,"2015-09-01",0.344827586206897,0.65,0.5,0.6,542
1,"2015-09-01",0.4,0.65,0.5,0.6,544
1,"2015-09-01",0.5,0.65,0.5,0.6,545
1,"2015-09-01",1,0.65,0.5,0.6,546
1,"2015-09-01",0.714285714285714,0.65,0.5,0.6,547
1,"2015-09-01",0.5625,0.65,0.5,0.6,549
1,"2015-09-01",0.5,0.65,0.5,0.6,550
1,"2015-09-01",0.642276422764228,0.65,0.5,0.6,551
1,"2015-09-01",0.737704918032787,0.65,0.5,0.6,552
1,"2015-09-01",0.454545454545455,0.65,0.5,0.6,553
1,"2015-09-01",0.714285714285714,0.65,0.5,0.6,554
1,"2015-09-01",0.8,0.65,0.5,0.6,555
1,"2015-09-01",1,0.65,0.5,0.6,556
1,"2015-09-01",0.523076923076923,0.65,0.5,0.6,557
1,"2015-09-01",0.2,0.65,0.5,0.6,558
1,"2015-09-01",0,0.65,0.5,0.6,559
1,"2015-09-01",1,0.65,0.5,0.6,560
1,"2015-09-01",0,0.65,0.5,0.6,562
1,"2015-09-01",0,0.65,0.5,0.6,563
1,"2015-09-01",0.714285714285714,0.65,0.5,0.6,564
1,"2015-09-01",0.125,0.65,0.5,0.6,565
1,"2015-09-01",0.848484848484849,0.65,0.5,0.6,567
1,"2015-09-01",0.666666666666667,0.65,0.5,0.6,568
1,"2015-09-01",0.888888888888889,0.65,0.5,0.6,570
1,"2015-09-01",0.682926829268293,0.65,0.5,0.6,571
1,"2015-09-01",0.805970149253731,0.65,0.5,0.6,572
1,"2015-09-01",0.848484848484849,0.65,0.5,0.6,573
1,"2015-09-01",0.875,0.65,0.5,0.6,574
1,"2015-09-01",1,0.65,0.5,0.6,576
1,"2015-09-01",0.763157894736842,0.65,0.5,0.6,577
1,"2015-09-01",0.333333333333333,0.65,0.5,0.6,578
1,"2015-09-01",1,0.65,0.5,0.6,579
1,"2015-09-01",1,0.65,0.5,0.6,580
1,"2015-09-01",1,0.65,0.5,0.6,581
1,"2015-09-01",0,0.65,0.5,0.6,582
1,"2015-09-01",0.8,0.65,0.5,0.6,584
1,"2015-09-01",1,0.65,0.5,0.6,586
1,"2015-09-01",0.852941176470588,0.65,0.5,0.6,587
1,"2015-09-01",1,0.65,0.5,0.6,588
1,"2015-09-01",0,0.65,0.5,0.6,589
1,"2015-09-01",0.214285714285714,0.65,0.5,0.6,590
1,"2015-09-01",1,0.65,0.5,0.6,591
1,"2015-09-01",1,0.65,0.5,0.6,592
1,"2015-09-01",0.875,0.65,0.5,0.6,593
1,"2015-09-01",0.766233766233766,0.65,0.5,0.6,594
1,"2015-09-01",1,0.65,0.5,0.6,596
1,"2015-09-01",1,0.65,0.5,0.6,598
1,"2015-09-01",0.954545454545455,0.65,0.5,0.6,599
1,"2015-09-01",0.933333333333333,0.65,0.5,0.6,600
1,"2015-09-01",0.705882352941177,0.65,0.5,0.6,601
1,"2015-09-01",0.9,0.65,0.5,0.6,603
1,"2015-09-01",0.8,0.65,0.5,0.6,604
1,"2015-09-01",0.869565217391304,0.65,0.5,0.6,605
1,"2015-09-01",0.571428571428571,0.65,0.5,0.6,606
1,"2015-09-01",1,0.65,0.5,0.6,607
1,"2015-09-01",0.894308943089431,0.65,0.5,0.6,608
1,"2015-09-01",0.826923076923077,0.65,0.5,0.6,609
1,"2015-09-01",0.712765957446808,0.65,0.5,0.6,610
1,"2015-09-01",0.88,0.65,0.5,0.6,612
1,"2015-09-01",0.636363636363636,0.65,0.5,0.6,613
1,"2015-09-01",0.805555555555556,0.65,0.5,0.6,614
1,"2015-09-01",0.545454545454545,0.65,0.5,0.6,615
1,"2015-09-01",1,0.65,0.5,0.6,616
1,"2015-09-01",0.833333333333333,0.65,0.5,0.6,617
1,"2015-09-01",0.954545454545455,0.65,0.5,0.6,618
1,"2015-09-01",0.808823529411765,0.65,0.5,0.6,619
1,"2015-09-01",0.833333333333333,0.65,0.5,0.6,620
1,"2015-09-01",0.710526315789474,0.65,0.5,0.6,621
1,"2015-09-01",0.928571428571429,0.65,0.5,0.6,622
1,"2015-09-01",0.961538461538462,0.65,0.5,0.6,623
1,"2015-09-01",0,0.65,0.5,0.6,625
1,"2015-09-01",0,0.65,0.5,0.6,627
1,"2015-09-01",1,0.65,0.5,0.6,628
1,"2015-09-01",0.869565217391304,0.65,0.5,0.6,629
1,"2015-09-01",1,0.65,0.5,0.6,631
1,"2015-09-01",1,0.65,0.5,0.6,632
1,"2015-09-01",1,0.65,0.5,0.6,634
1,"2015-09-01",0.948717948717949,0.65,0.5,0.6,635
1,"2015-09-01",0.666666666666667,0.65,0.5,0.6,636
1,"2015-09-01",0.4,0.65,0.5,0.6,637
1,"2015-09-01",1,0.65,0.5,0.6,638
1,"2015-09-01",0,0.65,0.5,0.6,639
1,"2015-09-01",0.705882352941177,0.65,0.5,0.6,640
1,"2015-09-01",0.4375,0.65,0.5,0.6,641
1,"2015-09-01",0.727272727272727,0.65,0.5,0.6,642
1,"2015-09-01",1,0.65,0.5,0.6,643
1,"2015-09-01",1,0.65,0.5,0.6,644
1,"2015-09-01",0.923076923076923,0.65,0.5,0.6,645
1,"2015-09-01",1,0.65,0.5,0.6,646
1,"2015-09-01",1,0.65,0.5,0.6,647
1,"2015-09-01",1,0.65,0.5,0.6,648
1,"2015-09-01",1,0.65,0.5,0.6,649
1,"2015-09-01",0.806451612903226,0.65,0.5,0.6,652
1,"2015-09-01",0.795918367346939,0.65,0.5,0.6,653
1,"2015-09-01",0.763636363636364,0.65,0.5,0.6,654
1,"2015-09-01",0.680851063829787,0.65,0.5,0.6,655
1,"2015-09-01",1,0.65,0.5,0.6,656
1,"2015-09-01",0.781065088757396,0.65,0.5,0.6,657
1,"2015-09-01",0.428571428571429,0.65,0.5,0.6,659
1,"2015-09-01",0.333333333333333,0.65,0.5,0.6,660
1,"2015-09-01",1,0.65,0.5,0.6,661
1,"2015-09-01",0.8,0.65,0.5,0.6,662
1,"2015-09-01",0.818181818181818,0.65,0.5,0.6,663
1,"2015-09-01",0.657534246575342,0.65,0.5,0.6,664
1,"2015-09-01",0.8125,0.65,0.5,0.6,665
1,"2015-09-01",1,0.65,0.5,0.6,666
1,"2015-09-01",0.1,0.65,0.5,0.6,668
1,"2015-09-01",0.53125,0.65,0.5,0.6,669
1,"2015-09-01",0.714285714285714,0.65,0.5,0.6,670
1,"2015-09-01",0.666666666666667,0.65,0.5,0.6,671
1,"2015-09-01",0.571428571428571,0.65,0.5,0.6,672
1,"2015-09-01",0.888888888888889,0.65,0.5,0.6,673
1,"2015-09-01",0.0769230769230769,0.65,0.5,0.6,674
1,"2015-09-01",0.25,0.65,0.5,0.6,676
1,"2015-09-01",0,0.65,0.5,0.6,677
1,"2015-09-01",0.777777777777778,0.65,0.5,0.6,679
1,"2015-09-01",0.866666666666667,0.65,0.5,0.6,680
1,"2015-09-01",0.791666666666667,0.65,0.5,0.6,681
1,"2015-09-01",0.590909090909091,0.65,0.5,0.6,682
1,"2015-09-01",1,0.65,0.5,0.6,684
1,"2015-09-01",0.966666666666667,0.65,0.5,0.6,685
1,"2015-09-01",0.2,0.65,0.5,0.6,686
1,"2015-09-01",0.833333333333333,0.65,0.5,0.6,687
1,"2015-09-01",0.5,0.65,0.5,0.6,688
1,"2015-09-01",0.855491329479769,0.65,0.5,0.6,689
1,"2015-09-01",0.932203389830508,0.65,0.5,0.6,690
1,"2015-09-01",0.1,0.65,0.5,0.6,691
1,"2015-09-01",0.0192307692307692,0.65,0.5,0.6,692
1,"2015-09-01",0.516129032258065,0.65,0.5,0.6,693
1,"2015-09-01",0.0869565217391304,0.65,0.5,0.6,694
1,"2015-09-01",0.470588235294118,0.65,0.5,0.6,695
1,"2015-09-01",0.4,0.65,0.5,0.6,697
1,"2015-09-01",0.727272727272727,0.65,0.5,0.6,699
1,"2015-09-01",0.694915254237288,0.65,0.5,0.6,700
1,"2015-09-01",0.894736842105263,0.65,0.5,0.6,701
1,"2015-09-01",1,0.65,0.5,0.6,702
1,"2015-09-01",0.5,0.65,0.5,0.6,703
1,"2015-09-01",1,0.65,0.5,0.6,704
1,"2015-09-01",1,0.65,0.5,0.6,705
1,"2015-09-01",1,0.65,0.5,0.6,706
1,"2015-09-01",0,0.65,0.5,0.6,707
1,"2015-09-01",0.254901960784314,0.65,0.5,0.6,708
1,"2015-09-01",0.272727272727273,0.65,0.5,0.6,709
1,"2015-09-01",0.446808510638298,0.65,0.5,0.6,710
1,"2015-09-01",0.75,0.65,0.5,0.6,711
1,"2015-09-01",0.75,0.65,0.5,0.6,713
1,"2015-09-01",0.512820512820513,0.65,0.5,0.6,714
1,"2015-09-01",0.818181818181818,0.65,0.5,0.6,715
1,"2015-09-01",0.956521739130435,0.65,0.5,0.6,716
1,"2015-09-01",0.125,0.65,0.5,0.6,717
1,"2015-09-01",0.845070422535211,0.65,0.5,0.6,718
1,"2015-09-01",0.625,0.65,0.5,0.6,719
1,"2015-09-01",0.719626168224299,0.65,0.5,0.6,720
1,"2015-09-01",0.617647058823529,0.65,0.5,0.6,721
1,"2015-09-01",0.461538461538462,0.65,0.5,0.6,722
1,"2015-09-01",0.166666666666667,0.65,0.5,0.6,723
1,"2015-09-01",0.192982456140351,0.65,0.5,0.6,724
1,"2015-09-01",0.157894736842105,0.65,0.5,0.6,725
1,"2015-09-01",0.793103448275862,0.65,0.5,0.6,726
1,"2015-09-01",0.896103896103896,0.65,0.5,0.6,727
1,"2015-09-01",0.777777777777778,0.65,0.5,0.6,728
1,"2015-09-01",0.388888888888889,0.65,0.5,0.6,729
1,"2015-09-01",0.846153846153846,0.65,0.5,0.6,730
1,"2015-09-01",0.592592592592593,0.65,0.5,0.6,731
1,"2015-09-01",0.461538461538462,0.65,0.5,0.6,732
1,"2015-09-01",0.489795918367347,0.65,0.5,0.6,733
1,"2015-09-01",1,0.65,0.5,0.6,734
1,"2015-09-01",0.625,0.65,0.5,0.6,735
1,"2015-09-01",0.571428571428571,0.65,0.5,0.6,736
1,"2015-09-01",0.274509803921569,0.65,0.5,0.6,737
1,"2015-09-01",0.297297297297297,0.65,0.5,0.6,738
1,"2015-09-01",0.138461538461538,0.65,0.5,0.6,739
1,"2015-09-01",0.0384615384615385,0.65,0.5,0.6,740
1,"2015-09-01",0.428571428571429,0.65,0.5,0.6,741
1,"2015-09-01",0,0.65,0.5,0.6,743
1,"2015-09-01",0.609756097560976,0.65,0.5,0.6,747
1,"2015-09-01",0.655629139072848,0.65,0.5,0.6,748
1,"2015-09-01",0.611111111111111,0.65,0.5,0.6,749
1,"2015-09-01",0.975,0.65,0.5,0.6,751
1,"2015-09-01",0.645161290322581,0.65,0.5,0.6,752
1,"2015-09-01",0.784313725490196,0.65,0.5,0.6,753
1,"2015-09-01",0.27906976744186,0.65,0.5,0.6,754
1,"2015-09-01",0.272727272727273,0.65,0.5,0.6,755
1,"2015-09-01",0.109375,0.65,0.5,0.6,756
1,"2015-09-01",0.0357142857142857,0.65,0.5,0.6,757
1,"2015-09-01",0,0.65,0.5,0.6,759
1,"2015-09-01",0,0.65,0.5,0.6,760
1,"2015-09-01",0.923076923076923,0.65,0.5,0.6,761
1,"2015-09-01",0.526315789473684,0.65,0.5,0.6,763
1,"2015-09-01",0.625,0.65,0.5,0.6,764
1,"2015-09-01",0.666666666666667,0.65,0.5,0.6,765
1,"2015-09-01",0.617647058823529,0.65,0.5,0.6,766
1,"2015-09-01",0.576470588235294,0.65,0.5,0.6,767
1,"2015-09-01",0.4,0.65,0.5,0.6,768
1,"2015-09-01",0.677165354330709,0.65,0.5,0.6,769
1,"2015-09-01",0.764705882352941,0.65,0.5,0.6,770
1,"2015-09-01",0.661211129296236,0.65,0.5,0.6,771
1,"2015-09-01",0.58974358974359,0.65,0.5,0.6,772
1,"2015-09-01",1,0.65,0.5,0.6,775
1,"2015-09-01",0,0.65,0.5,0.6,776
1,"2015-09-01",0.393939393939394,0.65,0.5,0.6,777
1,"2015-09-01",1,0.65,0.5,0.6,779
1,"2015-09-01",1,0.65,0.5,0.6,781
1,"2015-09-01",0,0.65,0.5,0.6,782
1,"2015-09-01",0,0.65,0.5,0.6,783
1,"2015-09-01",0.892307692307692,0.65,0.5,0.6,784
1,"2015-09-01",0.555555555555556,0.65,0.5,0.6,785
1,"2015-09-01",0.575757575757576,0.65,0.5,0.6,786
1,"2015-09-01",0.578947368421053,0.65,0.5,0.6,787
1,"2015-09-01",0.538461538461538,0.65,0.5,0.6,788
1,"2015-09-01",0.567567567567568,0.65,0.5,0.6,789
1,"2015-09-01",0.693786982248521,0.65,0.5,0.6,790
1,"2015-09-01",0.788262370540852,0.65,0.5,0.6,791
1,"2015-09-01",0.695402298850575,0.65,0.5,0.6,792
1,"2015-09-01",0.536231884057971,0.65,0.5,0.6,793
1,"2015-09-01",0.181818181818182,0.65,0.5,0.6,794
1,"2015-09-01",0,0.65,0.5,0.6,795
1,"2015-09-01",1,0.65,0.5,0.6,797
1,"2015-09-01",0.333333333333333,0.65,0.5,0.6,798
1,"2015-09-01",1,0.65,0.5,0.6,799
1,"2015-09-01",0.909090909090909,0.65,0.5,0.6,801
1,"2015-09-01",1,0.65,0.5,0.6,802
1,"2015-09-01",1,0.65,0.5,0.6,803
1,"2015-09-01",0.6,0.65,0.5,0.6,804
1,"2015-09-01",0.4,0.65,0.5,0.6,805
1,"2015-09-01",1,0.65,0.5,0.6,806
1,"2015-09-01",0,0.65,0.5,0.6,807
1,"2015-09-01",0.6,0.65,0.5,0.6,808
1,"2015-09-01",1,0.65,0.5,0.6,809
1,"2015-09-01",1,0.65,0.5,0.6,810
1,"2015-09-01",1,0.65,0.5,0.6,811
1,"2015-09-01",0.5,0.65,0.5,0.6,812
1,"2015-09-01",0.882352941176471,0.65,0.5,0.6,813
1,"2015-09-01",0.782352941176471,0.65,0.5,0.6,814
1,"2015-09-01",0.814814814814815,0.65,0.5,0.6,815
1,"2015-09-01",0.758031442241969,0.65,0.5,0.6,816
1,"2015-09-01",0.73821609862219,0.65,0.5,0.6,817
1,"2015-09-01",0.553149606299213,0.65,0.5,0.6,818
1,"2015-09-01",0.25,0.65,0.5,0.6,819
1,"2015-09-01",0.375,0.65,0.5,0.6,820
1,"2015-09-01",0.111111111111111,0.65,0.5,0.6,821
1,"2015-09-01",1,0.65,0.5,0.6,822
1,"2015-09-01",1,0.65,0.5,0.6,823
1,"2015-09-01",1,0.65,0.5,0.6,824
1,"2015-09-01",1,0.65,0.5,0.6,825
1,"2015-09-01",0.4,0.65,0.5,0.6,826
1,"2015-09-01",0.25,0.65,0.5,0.6,827
1,"2015-09-01",0.25,0.65,0.5,0.6,831
1,"2015-09-01",0.769230769230769,0.65,0.5,0.6,832
1,"2015-09-01",0.745098039215686,0.65,0.5,0.6,833
1,"2015-09-01",0.666666666666667,0.65,0.5,0.6,834
1,"2015-09-01",0.5,0.65,0.5,0.6,836
1,"2015-09-01",0.333333333333333,0.65,0.5,0.6,837
1,"2015-09-01",0.5,0.65,0.5,0.6,838
1,"2015-09-01",0.625,0.65,0.5,0.6,839
1,"2015-09-01",1,0.65,0.5,0.6,840
1,"2015-09-01",0.944444444444444,0.65,0.5,0.6,841
1,"2015-09-01",1,0.65,0.5,0.6,843
1,"2015-09-01",0.6,0.65,0.5,0.6,844
1,"2015-09-01",0.857142857142857,0.65,0.5,0.6,845
1,"2015-09-01",0.428571428571429,0.65,0.5,0.6,846
1,"2015-09-01",0.674418604651163,0.65,0.5,0.6,847
1,"2015-09-01",0.62962962962963,0.65,0.5,0.6,848
1,"2015-09-01",0.948717948717949,0.65,0.5,0.6,849
1,"2015-09-01",0.745358090185676,0.65,0.5,0.6,850
1,"2015-09-01",0.857142857142857,0.65,0.5,0.6,851
1,"2015-09-01",0.818452380952381,0.65,0.5,0.6,852
1,"2015-09-01",0.787327021121631,0.65,0.5,0.6,853
1,"2015-09-01",0.699828473413379,0.65,0.5,0.6,854
1,"2015-09-01",0.408888888888889,0.65,0.5,0.6,855
1,"2015-09-01",0.310810810810811,0.65,0.5,0.6,856
1,"2015-09-01",0.421052631578947,0.65,0.5,0.6,857
1,"2015-09-01",0.633333333333333,0.65,0.5,0.6,858
1,"2015-09-01",0.8,0.65,0.5,0.6,859
1,"2015-09-01",1,0.65,0.5,0.6,860
1,"2015-09-01",1,0.65,0.5,0.6,861
1,"2015-09-01",1,0.65,0.5,0.6,862
1,"2015-09-01",0.636363636363636,0.65,0.5,0.6,863
1,"2015-09-01",1,0.65,0.5,0.6,865
1,"2015-09-01",0.833333333333333,0.65,0.5,0.6,866
1,"2015-09-01",1,0.65,0.5,0.6,867
1,"2015-09-01",0.857142857142857,0.65,0.5,0.6,868
1,"2015-09-01",1,0.65,0.5,0.6,869
1,"2015-09-01",1,0.65,0.5,0.6,870
1,"2015-09-01",0,0.65,0.5,0.6,874
1,"2015-09-01",1,0.65,0.5,0.6,876
1,"2015-09-01",0.8,0.65,0.5,0.6,877
1,"2015-09-01",1,0.65,0.5,0.6,878
1,"2015-09-01",1,0.65,0.5,0.6,879
1,"2015-09-01",0.333333333333333,0.65,0.5,0.6,880
1,"2015-09-01",1,0.65,0.5,0.6,881
1,"2015-09-01",1,0.65,0.5,0.6,882
1,"2015-09-01",1,0.65,0.5,0.6,883
1,"2015-09-01",0.714285714285714,0.65,0.5,0.6,884
1,"2015-09-01",0.466666666666667,0.65,0.5,0.6,885
1,"2015-09-01",0.645833333333333,0.65,0.5,0.6,886
1,"2015-09-01",0.813333333333333,0.65,0.5,0.6,887
1,"2015-09-01",0.741379310344828,0.65,0.5,0.6,888
1,"2015-09-01",0.672131147540984,0.65,0.5,0.6,889
1,"2015-09-01",0.714285714285714,0.65,0.5,0.6,890
1,"2015-09-01",0.470588235294118,0.65,0.5,0.6,891
1,"2015-09-01",0.62278978388998,0.65,0.5,0.6,892
1,"2015-09-01",0.663677130044843,0.65,0.5,0.6,893
1,"2015-09-01",0.666666666666667,0.65,0.5,0.6,894
1,"2015-09-01",0.571428571428571,0.65,0.5,0.6,896
1,"2015-09-01",0.4,0.65,0.5,0.6,897
1,"2015-09-01",0.725,0.65,0.5,0.6,898
1,"2015-09-01",0.461538461538462,0.65,0.5,0.6,899
1,"2015-09-01",0.96551724137931,0.65,0.5,0.6,900
1,"2015-09-01",0.526315789473684,0.65,0.5,0.6,901
1,"2015-09-01",0.875,0.65,0.5,0.6,902
1,"2015-09-01",0.666666666666667,0.65,0.5,0.6,903
1,"2015-09-01",1,0.65,0.5,0.6,904
1,"2015-09-01",0.857142857142857,0.65,0.5,0.6,905
1,"2015-09-01",1,0.65,0.5,0.6,906
1,"2015-09-01",0.642857142857143,0.65,0.5,0.6,907
1,"2015-09-01",0,0.65,0.5,0.6,908
1,"2015-09-01",1,0.65,0.5,0.6,909
1,"2015-09-01",0.5,0.65,0.5,0.6,910
1,"2015-09-01",0.961538461538462,0.65,0.5,0.6,911
1,"2015-09-01",0.25,0.65,0.5,0.6,914
1,"2015-09-01",1,0.65,0.5,0.6,916
1,"2015-09-01",0.909090909090909,0.65,0.5,0.6,917
1,"2015-09-01",1,0.65,0.5,0.6,919
1,"2015-09-01",0.946666666666667,0.65,0.5,0.6,920
1,"2015-09-01",0.977272727272727,0.65,0.5,0.6,921
1,"2015-09-01",1,0.65,0.5,0.6,922
1,"2015-09-01",0.5,0.65,0.5,0.6,924
1,"2015-09-01",0.357142857142857,0.65,0.5,0.6,927
1,"2015-09-01",0.620689655172414,0.65,0.5,0.6,929
1,"2015-09-01",0.666666666666667,0.65,0.5,0.6,930
1,"2015-09-01",0.884615384615385,0.65,0.5,0.6,931
1,"2015-09-01",0.686021505376344,0.65,0.5,0.6,932
1,"2015-09-01",0.939024390243902,0.65,0.5,0.6,933
1,"2015-09-01",0,0.65,0.5,0.6,934
1,"2015-09-01",0.586206896551724,0.65,0.5,0.6,935
1,"2015-09-01",0.805555555555556,0.65,0.5,0.6,936
1,"2015-09-01",0.771084337349398,0.65,0.5,0.6,937
1,"2015-09-01",0.7,0.65,0.5,0.6,938
1,"2015-09-01",0.888888888888889,0.65,0.5,0.6,939
1,"2015-09-01",0,0.65,0.5,0.6,940
1,"2015-09-01",0.363636363636364,0.65,0.5,0.6,942
1,"2015-09-01",0.428571428571429,0.65,0.5,0.6,943
1,"2015-09-01",0.478260869565217,0.65,0.5,0.6,944
1,"2015-09-01",0,0.65,0.5,0.6,945
1,"2015-09-01",1,0.65,0.5,0.6,946
1,"2015-09-01",1,0.65,0.5,0.6,947
1,"2015-09-01",1,0.65,0.5,0.6,948
1,"2015-09-01",0.80952380952381,0.65,0.5,0.6,949
1,"2015-09-01",1,0.65,0.5,0.6,950
1,"2015-09-01",0.8,0.65,0.5,0.6,951
1,"2015-09-01",1,0.65,0.5,0.6,952
1,"2015-09-01",0,0.65,0.5,0.6,953
1,"2015-09-01",1,0.65,0.5,0.6,955
1,"2015-09-01",0.4,0.65,0.5,0.6,956
1,"2015-09-01",1,0.65,0.5,0.6,957
1,"2015-09-01",0.647058823529412,0.65,0.5,0.6,959
1,"2015-09-01",0.452380952380952,0.65,0.5,0.6,960
1,"2015-09-01",0,0.65,0.5,0.6,961
1,"2015-09-01",0.787234042553192,0.65,0.5,0.6,962
1,"2015-09-01",0.794117647058823,0.65,0.5,0.6,963
1,"2015-09-01",0.983050847457627,0.65,0.5,0.6,964
1,"2015-09-01",1,0.65,0.5,0.6,965
1,"2015-09-01",0.744075829383886,0.65,0.5,0.6,966
1,"2015-09-01",0.67515923566879,0.65,0.5,0.6,967
1,"2015-09-01",0.62,0.65,0.5,0.6,968
1,"2015-09-01",1,0.65,0.5,0.6,969
1,"2015-09-01",1,0.65,0.5,0.6,971
1,"2015-09-01",1,0.65,0.5,0.6,972
1,"2015-09-01",0.758620689655172,0.65,0.5,0.6,973
1,"2015-09-01",0.636363636363636,0.65,0.5,0.6,974
1,"2015-09-01",1,0.65,0.5,0.6,975
1,"2015-09-01",0.3,0.65,0.5,0.6,976
1,"2015-09-01",0.888888888888889,0.65,0.5,0.6,977
1,"2015-09-01",0.740740740740741,0.65,0.5,0.6,978
1,"2015-09-01",0.973684210526316,0.65,0.5,0.6,979
1,"2015-09-01",1,0.65,0.5,0.6,980
1,"2015-09-01",0.642857142857143,0.65,0.5,0.6,981
1,"2015-09-01",0.719101123595506,0.65,0.5,0.6,982
1,"2015-09-01",0.826086956521739,0.65,0.5,0.6,983
1,"2015-09-01",0.545454545454545,0.65,0.5,0.6,984
1,"2015-09-01",0,0.65,0.5,0.6,985
1,"2015-09-01",0.816091954022989,0.65,0.5,0.6,986
1,"2015-09-01",0.907258064516129,0.65,0.5,0.6,987
1,"2015-09-01",0.95,0.65,0.5,0.6,988
1,"2015-09-01",0.692307692307692,0.65,0.5,0.6,989
1,"2015-09-01",0.650793650793651,0.65,0.5,0.6,990
1,"2015-09-01",1,0.65,0.5,0.6,992
1,"2015-09-01",0.75,0.65,0.5,0.6,993
1,"2015-09-01",0.75,0.65,0.5,0.6,994
1,"2015-09-01",0.272727272727273,0.65,0.5,0.6,995
1,"2015-09-01",1,0.65,0.5,0.6,996
1,"2015-09-01",0.96969696969697,0.65,0.5,0.6,997
1,"2015-09-01",0.846153846153846,0.65,0.5,0.6,998
1,"2015-09-01",0.76078431372549,0.65,0.5,0.6,999
1,"2015-09-01",0,0.65,0.5,0.6,1000
1,"2015-09-01",0.7,0.65,0.5,0.6,1002
1,"2015-09-01",0.833333333333333,0.65,0.5,0.6,1003
1,"2015-09-01",0.615384615384615,0.65,0.5,0.6,1004
1,"2015-09-01",0.903846153846154,0.65,0.5,0.6,1005
1,"2015-09-01",0.891089108910891,0.65,0.5,0.6,1006
1,"2015-09-01",0.873417721518987,0.65,0.5,0.6,1008
1,"2015-09-01",1,0.65,0.5,0.6,1009
1,"2015-09-01",0.9,0.65,0.5,0.6,1010
1,"2015-09-01",0.964705882352941,0.65,0.5,0.6,1011
1,"2015-09-01",0.333333333333333,0.65,0.5,0.6,1012
1,"2015-09-01",1,0.65,0.5,0.6,1013
1,"2015-09-01",0,0.65,0.5,0.6,1014
1,"2015-09-01",0.5,0.65,0.5,0.6,1015
1,"2015-09-01",0.909090909090909,0.65,0.5,0.6,1016
1,"2015-09-01",1,0.65,0.5,0.6,1017
1,"2015-09-01",0.7,0.65,0.5,0.6,1018
1,"2015-09-01",0.67479674796748,0.65,0.5,0.6,1019
1,"2015-09-01",0.32258064516129,0.65,0.5,0.6,1020
1,"2015-09-01",0.5,0.65,0.5,0.6,1021
1,"2015-09-01",0.8125,0.65,0.5,0.6,1022
1,"2015-09-01",0.842696629213483,0.65,0.5,0.6,1023
1,"2015-09-01",0.698224852071006,0.65,0.5,0.6,1026
1,"2015-09-01",0.825,0.65,0.5,0.6,1027
1,"2015-09-01",0.444444444444444,0.65,0.5,0.6,1028
1,"2015-09-01",1,0.65,0.5,0.6,1029
1,"2015-09-01",0.916666666666667,0.65,0.5,0.6,1031
1,"2015-09-01",0.833333333333333,0.65,0.5,0.6,1032
1,"2015-09-01",1,0.65,0.5,0.6,1033
1,"2015-09-01",0.575757575757576,0.65,0.5,0.6,1036
1,"2015-09-01",0.825327510917031,0.65,0.5,0.6,1037
1,"2015-09-01",0.903225806451613,0.65,0.5,0.6,1038
1,"2015-09-01",0.746031746031746,0.65,0.5,0.6,1039
1,"2015-09-01",1,0.65,0.5,0.6,1040
1,"2015-09-01",0.886792452830189,0.65,0.5,0.6,1043
1,"2015-09-01",1,0.65,0.5,0.6,1044
1,"2015-09-01",0.833333333333333,0.65,0.5,0.6,1046
1,"2015-09-01",1,0.65,0.5,0.6,1047
1,"2015-09-01",1,0.65,0.5,0.6,1048
1,"2015-09-01",0,0.65,0.5,0.6,1049
1,"2015-09-01",1,0.65,0.5,0.6,1050
1,"2015-09-01",0.583333333333333,0.65,0.5,0.6,1051
1,"2015-09-01",0.793650793650794,0.65,0.5,0.6,1054
1,"2015-09-01",0.817518248175182,0.65,0.5,0.6,1055
1,"2015-09-01",1,0.65,0.5,0.6,1059
1,"2015-09-01",1,0.65,0.5,0.6,1060
1,"2015-09-01",0.666666666666667,0.65,0.5,0.6,1061
1,"2015-09-01",0.733333333333333,0.65,0.5,0.6,1062
1,"2015-09-01",0.769230769230769,0.65,0.5,0.6,1064
1,"2015-09-01",1,0.65,0.5,0.6,1067
1,"2015-09-01",0,0.65,0.5,0.6,1070
1,"2015-09-01",0.90625,0.65,0.5,0.6,1071
1,"2015-09-01",0.91304347826087,0.65,0.5,0.6,1072
1,"2015-09-01",1,0.65,0.5,0.6,1079
1,"2015-09-01",1,0.65,0.5,0.6,1080
1,"2015-09-01",1,0.65,0.5,0.6,1081
1,"2015-09-01",1,0.65,0.5,0.6,1082
1,"2015-09-01",0.454545454545455,0.65,0.5,0.6,1083
1,"2015-09-01",0.46,0.65,0.5,0.6,1084
1,"2015-09-01",0.214285714285714,0.65,0.5,0.6,1085
1,"2015-09-01",1,0.65,0.5,0.6,1089
1,"2015-09-01",0.826086956521739,0.65,0.5,0.6,1090
1,"2015-09-01",0.904761904761905,0.65,0.5,0.6,1091
1,"2015-09-01",1,0.65,0.5,0.6,1092
1,"2015-09-01",0,0.65,0.5,0.6,1093
1,"2015-09-01",1,0.65,0.5,0.6,1094
1,"2015-09-01",1,0.65,0.5,0.6,1095
1,"2015-09-01",0.75,0.65,0.5,0.6,1096
1,"2015-09-01",0.676923076923077,0.65,0.5,0.6,1106
1,"2015-09-01",1,0.65,0.5,0.6,1108
1,"2015-09-01",0.764705882352941,0.65,0.5,0.6,1109
1,"2015-09-01",0.941176470588235,0.65,0.5,0.6,1110
1,"2015-09-01",0.875,0.65,0.5,0.6,1119
1,"2015-09-01",0.48,0.65,0.5,0.6,1120
1,"2015-09-01",0.9375,0.65,0.5,0.6,1121
1,"2015-09-01",1,0.65,0.5,0.6,1122
1,"2015-09-01",1,0.65,0.5,0.6,1123
1,"2015-09-01",1,0.65,0.5,0.6,1128
1,"2015-09-01",1,0.65,0.5,0.6,1130
1,"2015-09-01",1,0.65,0.5,0.6,1133
1,"2015-09-01",1,0.65,0.5,0.6,1134
1,"2015-09-01",1,0.65,0.5,0.6,1135
1,"2015-09-01",0.928571428571429,0.65,0.5,0.6,1136
1,"2015-09-01",0.545454545454545,0.65,0.5,0.6,1142
1,"2015-09-01",0,0.65,0.5,0.6,1143
1,"2015-09-01",0,0.65,0.5,0.6,1144
1,"2015-09-01",0.935483870967742,0.65,0.5,0.6,1145
1,"2015-09-01",1,0.65,0.5,0.6,1146
1,"2015-09-01",1,0.65,0.5,0.6,1148
1,"2015-09-01",0.875,0.65,0.5,0.6,1149
1,"2015-09-01",0.78,0.65,0.5,0.6,1154
1,"2015-09-01",1,0.65,0.5,0.6,1155
1,"2015-09-01",0,0.65,0.5,0.6,1156
1,"2015-09-01",0.833333333333333,0.65,0.5,0.6,1157
1,"2015-09-01",1,0.65,0.5,0.6,1158
1,"2015-09-01",0.833333333333333,0.65,0.5,0.6,1159
1,"2015-09-01",0.857142857142857,0.65,0.5,0.6,1160
1,"2015-09-01",1,0.65,0.5,0.6,1161
1,"2015-09-01",1,0.65,0.5,0.6,1162
1,"2015-09-01",0.842105263157895,0.65,0.5,0.6,1168
1,"2015-09-01",0.888888888888889,0.65,0.5,0.6,1169
1,"2015-09-01",1,0.65,0.5,0.6,1170
1,"2015-09-01",0,0.65,0.5,0.6,1171
1,"2015-09-01",0,0.65,0.5,0.6,1172
1,"2015-09-01",1,0.65,0.5,0.6,1173
1,"2015-09-01",0.333333333333333,0.65,0.5,0.6,1174
1,"2015-09-01",0.5,0.65,0.5,0.6,1175
1,"2015-09-01",1,0.65,0.5,0.6,1177
1,"2015-09-01",0.375,0.65,0.5,0.6,1178
1,"2015-09-01",0.942307692307692,0.65,0.5,0.6,1179
1,"2015-09-01",0.9,0.65,0.5,0.6,1180
1,"2015-09-01",0.571428571428571,0.65,0.5,0.6,1187
1,"2015-09-01",1,0.65,0.5,0.6,1188
1,"2015-09-01",1,0.65,0.5,0.6,1189
1,"2015-09-01",0.895604395604396,0.65,0.5,0.6,1190
1,"2015-09-01",0.769230769230769,0.65,0.5,0.6,1191
1,"2015-09-01",0.477272727272727,0.65,0.5,0.6,1192
1,"2015-09-01",1,0.65,0.5,0.6,1193
1,"2015-09-01",0.714285714285714,0.65,0.5,0.6,1194
1,"2015-09-01",1,0.65,0.5,0.6,1195
1,"2015-09-01",0.217391304347826,0.65,0.5,0.6,1196
1,"2015-09-01",0.418604651162791,0.65,0.5,0.6,1197
1,"2015-09-01",0.833333333333333,0.65,0.5,0.6,1198
1,"2015-09-01",0.7,0.65,0.5,0.6,1205
1,"2015-09-01",0.75,0.65,0.5,0.6,1206
1,"2015-09-01",0.85,0.65,0.5,0.6,1207
1,"2015-09-01",1,0.65,0.5,0.6,1208
1,"2015-09-01",0.739130434782609,0.65,0.5,0.6,1209
1,"2015-09-01",0.722846441947566,0.65,0.5,0.6,1210
1,"2015-09-01",0.745874587458746,0.65,0.5,0.6,1211
1,"2015-09-01",0.747663551401869,0.65,0.5,0.6,1212
1,"2015-09-01",1,0.65,0.5,0.6,1213
1,"2015-09-01",0.666666666666667,0.65,0.5,0.6,1214
1,"2015-09-01",0,0.65,0.5,0.6,1216
1,"2015-09-01",0.928571428571429,0.65,0.5,0.6,1222
1,"2015-09-01",0.961538461538462,0.65,0.5,0.6,1223
1,"2015-09-01",0.952380952380952,0.65,0.5,0.6,1224
1,"2015-09-01",0.911764705882353,0.65,0.5,0.6,1226
1,"2015-09-01",0.746268656716418,0.65,0.5,0.6,1227
1,"2015-09-01",0.307692307692308,0.65,0.5,0.6,1230
1,"2015-09-01",0,0.65,0.5,0.6,1231
1,"2015-09-01",1,0.65,0.5,0.6,1232
1,"2015-09-01",1,0.65,0.5,0.6,1234
1,"2015-09-01",1,0.65,0.5,0.6,1237
1,"2015-09-01",1,0.65,0.5,0.6,1238
1,"2015-09-01",0.966666666666667,0.65,0.5,0.6,1239
1,"2015-09-01",1,0.65,0.5,0.6,1240
1,"2015-09-01",0,0.65,0.5,0.6,1241
1,"2015-09-01",0.294117647058824,0.65,0.5,0.6,1242
1,"2015-09-01",0.621621621621622,0.65,0.5,0.6,1243
1,"2015-09-01",0.627450980392157,0.65,0.5,0.6,1244
1,"2015-09-01",0.714285714285714,0.65,0.5,0.6,1245
1,"2015-09-01",0.2,0.65,0.5,0.6,1246
1,"2015-09-01",0.4,0.65,0.5,0.6,1247
1,"2015-09-01",0.8,0.65,0.5,0.6,1248
1,"2015-09-01",0.518518518518518,0.65,0.5,0.6,1249
1,"2015-09-01",1,0.65,0.5,0.6,1250
1,"2015-09-01",0.962962962962963,0.65,0.5,0.6,1251
1,"2015-09-01",1,0.65,0.5,0.6,1252
1,"2015-09-01",0.837837837837838,0.65,0.5,0.6,1253
1,"2015-09-01",0.955882352941177,0.65,0.5,0.6,1254
1,"2015-09-01",1,0.65,0.5,0.6,1255
1,"2015-09-01",0.777777777777778,0.65,0.5,0.6,1256
1,"2015-09-01",0.708333333333333,0.65,0.5,0.6,1257
1,"2015-09-01",0.733333333333333,0.65,0.5,0.6,1258
1,"2015-09-01",0.777777777777778,0.65,0.5,0.6,1259
1,"2015-09-01",1,0.65,0.5,0.6,1260
1,"2015-09-01",0.970149253731343,0.65,0.5,0.6,1261
1,"2015-09-01",0.838709677419355,0.65,0.5,0.6,1262
1,"2015-09-01",1,0.65,0.5,0.6,1263
1,"2015-09-01",1,0.65,0.5,0.6,1264
1,"2015-09-01",0.666666666666667,0.65,0.5,0.6,1265
1,"2015-09-01",0.555555555555556,0.65,0.5,0.6,1266
1,"2015-09-01",0.352941176470588,0.65,0.5,0.6,1267
1,"2015-09-01",0.904761904761905,0.65,0.5,0.6,1268
1,"2015-09-01",0.805970149253731,0.65,0.5,0.6,1269
1,"2015-09-01",0.894117647058824,0.65,0.5,0.6,1270
1,"2015-09-01",0.691176470588235,0.65,0.5,0.6,1271
1,"2015-09-01",0,0.65,0.5,0.6,1272
1,"2015-09-01",0.909090909090909,0.65,0.5,0.6,1274
1,"2015-09-01",0.741935483870968,0.65,0.5,0.6,1276
1,"2015-09-01",0.894736842105263,0.65,0.5,0.6,1277
1,"2015-09-01",0.96969696969697,0.65,0.5,0.6,1278
1,"2015-09-01",1,0.65,0.5,0.6,1279
1,"2015-09-01",1,0.65,0.5,0.6,1280
1,"2015-09-01",0.933333333333333,0.65,0.5,0.6,1281
1,"2015-09-01",1,0.65,0.5,0.6,1282
1,"2015-09-01",1,0.65,0.5,0.6,1284
1,"2015-09-01",1,0.65,0.5,0.6,1285
1,"2015-09-01",1,0.65,0.5,0.6,1286
1,"2015-09-01",1,0.65,0.5,0.6,1287
1,"2015-09-01",1,0.65,0.5,0.6,1288
1,"2015-09-01",1,0.65,0.5,0.6,1289
1,"2015-09-01",0.875,0.65,0.5,0.6,1290
1,"2015-09-01",0,0.65,0.5,0.6,1291
1,"2015-09-01",1,0.65,0.5,0.6,1292
1,"2015-09-01",1,0.65,0.5,0.6,1293
1,"2015-09-01",0.583333333333333,0.65,0.5,0.6,1294
1,"2015-09-01",0.793103448275862,0.65,0.5,0.6,1295
1,"2015-09-01",1,0.65,0.5,0.6,1296
1,"2015-09-01",1,0.65,0.5,0.6,1297
1,"2015-09-01",0.928571428571429,0.65,0.5,0.6,1298
1,"2015-09-01",1,0.65,0.5,0.6,1299
1,"2015-09-01",1,0.65,0.5,0.6,1301
