,grid_cell,mid_x,mid_y,catchment
0,1,32.03316883,-24.72283983,NONE
1,2,32.07324798,-24.48927786,Mapulanguene
2,3,32.07324798,-24.480294699999998,Mapulanguene
3,4,32.08326776,-24.50724416,Mapulanguene
4,5,32.08326776,-24.49826101,Mapulanguene
5,6,32.08326776,-24.48927786,Mapulanguene
6,7,32.08326776,-24.480294699999998,Mapulanguene
7,8,32.08326776,-24.47131155,Mapulanguene
8,9,32.08326776,-24.462328399999997,NONE
9,10,32.09328755,-24.60605884,Mapulanguene
10,11,32.09328755,-24.55215993,Mapulanguene
11,12,32.09328755,-24.52521047,Mapulanguene
12,13,32.09328755,-24.48927786,Mapulanguene
13,14,32.09328755,-24.480294699999998,Mapulanguene
14,15,32.09328755,-24.47131155,Mapulanguene
15,16,32.09328755,-24.462328399999997,Mapulanguene
16,17,32.09328755,-24.45334524,Mapulanguene
17,18,32.09328755,-24.44436209,Mapulanguene
18,19,32.10330734,-24.62402515,Mapulanguene
19,20,32.10330734,-24.615042000000003,Mapulanguene
20,21,32.10330734,-24.60605884,Mapulanguene
21,22,32.10330734,-24.59707569,Mapulanguene
22,23,32.10330734,-24.48927786,Mapulanguene
23,24,32.10330734,-24.44436209,Mapulanguene
24,25,32.11332713,-24.74978929,Caputine
25,26,32.11332713,-24.70487352,Caputine
26,27,32.11332713,-24.68690722,Caputine
27,28,32.11332713,-24.58809254,Mapulanguene
28,29,32.11332713,-24.48927786,Mapulanguene
29,30,32.11332713,-24.480294699999998,Mapulanguene
30,31,32.12334691,-24.7857219,Caputine
31,32,32.12334691,-24.76775559,Caputine
32,33,32.12334691,-24.75877244,Caputine
33,34,32.12334691,-24.72283983,Caputine
34,35,32.12334691,-24.66894091,Caputine
35,36,32.12334691,-24.58809254,Mapulanguene
36,37,32.12334691,-24.51622731,Mapulanguene
37,38,32.12334691,-24.480294699999998,Mapulanguene
38,39,32.1333667,-24.7857219,Caputine
39,40,32.1333667,-24.77673875,Caputine
40,41,32.1333667,-24.76775559,Caputine
41,42,32.1333667,-24.75877244,Caputine
42,43,32.1333667,-24.74978929,Caputine
43,44,32.1333667,-24.74080613,Caputine
44,45,32.1333667,-24.72283983,Caputine
45,46,32.1333667,-24.70487352,Caputine
46,47,32.1333667,-24.57910938,Mapulanguene
47,48,32.1333667,-24.48927786,Mapulanguene
48,49,32.14338649,-24.8036882,Caputine
49,50,32.14338649,-24.79470505,Caputine
50,51,32.14338649,-24.7857219,Caputine
51,52,32.14338649,-24.75877244,Caputine
52,53,32.14338649,-24.57910938,Mapulanguene
53,54,32.15340627,-24.83063766,Caputine
54,55,32.15340627,-24.81267136,Caputine
55,56,32.15340627,-24.8036882,Caputine
56,57,32.16342606,-24.83063766,Caputine
57,58,32.16342606,-24.74080613,Caputine
58,59,32.16342606,-24.73182298,Caputine
59,60,32.16342606,-24.70487352,Caputine
60,61,32.16342606,-24.69589037,Caputine
61,62,32.17344585,-24.73182298,Caputine
62,63,32.18346564,-24.83063766,Caputine
63,64,32.18346564,-24.67792407,Caputine
64,65,32.18346564,-24.66894091,NONE
65,66,32.18346564,-24.48927786,Mapulanguene
66,67,32.18346564,-24.480294699999998,Mapulanguene
67,68,32.19348542,-24.83063766,Caputine
68,69,32.19348542,-24.8036882,Caputine
69,70,32.19348542,-24.79470505,Caputine
70,71,32.19348542,-24.76775559,Caputine
71,72,32.19348542,-24.74978929,NONE
72,73,32.19348542,-24.48927786,Mapulanguene
73,74,32.19348542,-24.480294699999998,Mapulanguene
74,75,32.19348542,-24.47131155,Mapulanguene
75,76,32.19348542,-24.45334524,Mapulanguene
76,77,32.20350521,-24.83962082,Caputine
77,78,32.20350521,-24.76775559,Caputine
78,79,32.20350521,-24.74080613,Caputine
79,80,32.20350521,-24.49826101,Mapulanguene
80,81,32.20350521,-24.48927786,Mapulanguene
81,82,32.20350521,-24.47131155,Mapulanguene
82,83,32.20350521,-24.462328399999997,Mapulanguene
83,84,32.20350521,-24.45334524,Mapulanguene
84,85,32.20350521,-24.44436209,NONE
85,86,32.213525,-24.8036882,Caputine
86,87,32.213525,-24.79470505,Caputine
87,88,32.213525,-24.7857219,Caputine
88,89,32.213525,-24.74978929,Caputine
89,90,32.213525,-24.74080613,Caputine
90,91,32.213525,-24.53419362,Mapulanguene
91,92,32.213525,-24.49826101,Mapulanguene
92,93,32.213525,-24.48927786,Mapulanguene
93,94,32.22354478,-24.8036882,Caputine
94,95,32.22354478,-24.76775559,Caputine
95,96,32.22354478,-24.53419362,Mapulanguene
96,97,32.22354478,-24.49826101,Mapulanguene
97,98,32.22354478,-24.48927786,Mapulanguene
98,99,32.23356457,-24.85758712,Panjane
99,100,32.23356457,-24.79470505,Caputine
100,101,32.23356457,-24.55215993,Mapulanguene
101,102,32.23356457,-24.53419362,Mapulanguene
102,103,32.23356457,-24.50724416,Mapulanguene
103,104,32.23356457,-24.49826101,Mapulanguene
104,105,32.24358436,-24.86657027,Panjane
105,106,32.24358436,-24.85758712,Panjane
106,107,32.25360415,-24.87555343,Panjane
107,108,32.25360415,-24.86657027,Panjane
108,109,32.25360415,-24.85758712,Panjane
109,110,32.25360415,-24.55215993,Mapulanguene
110,111,32.26362393,-24.87555343,Panjane
111,112,32.26362393,-24.8036882,NONE
112,113,32.26362393,-24.55215993,Mapulanguene
113,114,32.26362393,-24.54317677,Mapulanguene
114,115,32.27364372,-24.90250289,Panjane
115,116,32.27364372,-24.82165451,NONE
116,117,32.27364372,-24.54317677,Mapulanguene
117,118,32.27364372,-24.53419362,Mapulanguene
118,119,32.27364372,-24.52521047,Mapulanguene
119,120,32.27364372,-24.51622731,Mapulanguene
120,121,32.28366351,-25.08216594,Panjane
121,122,32.28366351,-24.90250289,Panjane
122,123,32.28366351,-24.89351973,Panjane
123,124,32.28366351,-24.88453658,Panjane
124,125,32.28366351,-24.55215993,Mapulanguene
125,126,32.28366351,-24.53419362,Mapulanguene
126,127,32.28366351,-24.52521047,Mapulanguene
127,128,32.28366351,-24.51622731,Mapulanguene
128,129,32.2936833,-25.11809855,Panjane
129,130,32.2936833,-25.10013225,Panjane
130,131,32.2936833,-25.091149100000003,Panjane
131,132,32.2936833,-25.08216594,Panjane
132,133,32.2936833,-24.87555343,Panjane
133,134,32.2936833,-24.84860397,Panjane
134,135,32.2936833,-24.83063766,Panjane
135,136,32.2936833,-24.82165451,Panjane
136,137,32.2936833,-24.81267136,Panjane
137,138,32.2936833,-24.55215993,Mapulanguene
138,139,32.2936833,-24.53419362,Mapulanguene
139,140,32.2936833,-24.52521047,Mapulanguene
140,141,32.30370308,-25.109115399999997,Panjane
141,142,32.30370308,-25.07318279,Panjane
142,143,32.30370308,-25.06419964,Panjane
143,144,32.30370308,-24.87555343,Panjane
144,145,32.30370308,-24.86657027,Panjane
145,146,32.30370308,-24.85758712,Panjane
146,147,32.30370308,-24.84860397,Panjane
147,148,32.30370308,-24.83962082,Panjane
148,149,32.30370308,-24.82165451,Panjane
149,150,32.30370308,-24.56114308,Mahel
150,151,32.30370308,-24.54317677,Mahel
151,152,32.30370308,-24.53419362,Mapulanguene
152,153,32.30370308,-24.52521047,Mapulanguene
153,154,32.30370308,-24.29164849,Mapulanguene
154,155,32.31372287,-25.13606486,Chichuco
155,156,32.31372287,-25.12708171,Panjane
156,157,32.31372287,-25.11809855,Panjane
157,158,32.31372287,-25.109115399999997,Panjane
158,159,32.31372287,-25.10013225,Panjane
159,160,32.31372287,-25.08216594,Panjane
160,161,32.31372287,-25.07318279,Panjane
161,162,32.31372287,-24.90250289,Panjane
162,163,32.31372287,-24.89351973,Panjane
163,164,32.31372287,-24.88453658,Panjane
164,165,32.31372287,-24.87555343,Panjane
165,166,32.31372287,-24.86657027,Panjane
166,167,32.31372287,-24.85758712,Panjane
167,168,32.31372287,-24.84860397,Panjane
168,169,32.31372287,-24.82165451,Panjane
169,170,32.31372287,-24.33656426,NONE
170,171,32.31372287,-24.28266534,Mapulanguene
171,172,32.31372287,-24.27368219,Mapulanguene
172,173,32.31372287,-24.26469903,Mapulanguene
173,174,32.31372287,-24.25571588,Mapulanguene
174,175,32.32374266,-25.12708171,Chichuco
175,176,32.32374266,-25.11809855,Panjane
176,177,32.32374266,-25.109115399999997,NONE
177,178,32.32374266,-24.90250289,Panjane
178,179,32.32374266,-24.88453658,Panjane
179,180,32.32374266,-24.87555343,Panjane
180,181,32.32374266,-24.86657027,Panjane
181,182,32.32374266,-24.54317677,Mahel
182,183,32.32374266,-24.28266534,Mapulanguene
183,184,32.32374266,-24.25571588,Mapulanguene
184,185,32.33376244,-25.109115399999997,NONE
185,186,32.33376244,-25.01030072,Panjane
186,187,32.33376244,-24.89351973,Panjane
187,188,32.33376244,-24.54317677,Mahel
188,189,32.33376244,-24.26469903,Mapulanguene
189,190,32.34378223,-25.109115399999997,Chichuco
190,191,32.34378223,-25.091149100000003,Panjane
191,192,32.34378223,-25.08216594,NONE
192,193,32.34378223,-25.00131757,Panjane
193,194,32.34378223,-24.92945234,Panjane
194,195,32.34378223,-24.90250289,Panjane
195,196,32.34378223,-24.89351973,Panjane
196,197,32.34378223,-24.88453658,Panjane
197,198,32.34378223,-24.54317677,Mahel
198,199,32.34378223,-24.30063165,Mapulanguene
199,200,32.35380202,-25.15403117,Chichuco
200,201,32.35380202,-25.10013225,Chichuco
201,202,32.35380202,-25.08216594,Panjane
202,203,32.35380202,-25.07318279,Panjane
203,204,32.35380202,-25.03725018,Panjane
204,205,32.35380202,-25.00131757,Panjane
205,206,32.35380202,-24.9384355,NONE
206,207,32.35380202,-24.92046919,Panjane
207,208,32.35380202,-24.90250289,Panjane
208,209,32.35380202,-24.89351973,Panjane
209,210,32.35380202,-24.88453658,Panjane
210,211,32.35380202,-24.55215993,Mahel
211,212,32.36382181,-25.16301432,Chichuco
212,213,32.36382181,-25.13606486,Chichuco
213,214,32.36382181,-25.12708171,Chichuco
214,215,32.36382181,-25.11809855,Chichuco
215,216,32.36382181,-25.091149100000003,Chichuco
216,217,32.36382181,-25.08216594,Panjane
217,218,32.36382181,-25.06419964,Panjane
218,219,32.36382181,-25.03725018,NONE
219,220,32.36382181,-25.02826703,Panjane
220,221,32.36382181,-24.99233441,Panjane
221,222,32.36382181,-24.956401800000002,Panjane
222,223,32.36382181,-24.92046919,Panjane
223,224,32.36382181,-24.91148604,Panjane
224,225,32.36382181,-24.90250289,Panjane
225,226,32.36382181,-24.65995776,Mahel
226,227,32.36382181,-24.58809254,Mahel
227,228,32.37384159,-25.15403117,Chichuco
228,229,32.37384159,-25.12708171,NONE
229,230,32.37384159,-25.11809855,Chichuco
230,231,32.37384159,-25.091149100000003,Chichuco
231,232,32.37384159,-25.01030072,Panjane
232,233,32.37384159,-25.00131757,Panjane
233,234,32.37384159,-24.99233441,Panjane
234,235,32.37384159,-24.94741865,Panjane
235,236,32.37384159,-24.92945234,Panjane
236,237,32.37384159,-24.92046919,Panjane
237,238,32.37384159,-24.91148604,Panjane
238,239,32.37384159,-24.65097461,Mahel
239,240,32.37384159,-24.615042000000003,Mahel
240,241,32.37384159,-24.60605884,Mahel
241,242,32.37384159,-24.59707569,Mahel
242,243,32.37384159,-24.58809254,Mahel
243,244,32.37384159,-24.57910938,Mahel
244,245,32.37384159,-24.57012623,Mahel
245,246,32.37384159,-24.56114308,Mahel
246,247,32.38386138,-25.18098062,Chichuco
247,248,32.38386138,-25.11809855,Chichuco
248,249,32.38386138,-25.109115399999997,Chichuco
249,250,32.38386138,-25.10013225,Chichuco
250,251,32.38386138,-25.08216594,Chichuco
251,252,32.38386138,-25.04623333,Panjane
252,253,32.38386138,-25.03725018,Panjane
253,254,32.38386138,-25.01030072,Panjane
254,255,32.38386138,-24.94741865,Panjane
255,256,32.38386138,-24.83962082,Panjane
256,257,32.38386138,-24.58809254,Mahel
257,258,32.38386138,-24.57910938,Mahel
258,259,32.38386138,-24.57012623,Mahel
259,260,32.38386138,-24.53419362,Mahel
260,261,32.39388117,-25.20793008,Chichuco
261,262,32.39388117,-25.19894693,Chichuco
262,263,32.39388117,-25.18996378,Chichuco
263,264,32.39388117,-25.17199747,Chichuco
264,265,32.39388117,-25.15403117,Chichuco
265,266,32.39388117,-25.11809855,Chichuco
266,267,32.39388117,-25.109115399999997,Chichuco
267,268,32.39388117,-25.091149100000003,Chichuco
268,269,32.39388117,-25.03725018,Panjane
269,270,32.39388117,-25.01030072,Panjane
270,271,32.39388117,-24.99233441,Panjane
271,272,32.39388117,-24.9384355,Panjane
272,273,32.39388117,-24.64199145,Mahel
273,274,32.39388117,-24.50724416,Mahel
274,275,32.39388117,-24.462328399999997,Mahel
275,276,32.40390095,-25.21691324,Chichuco
276,277,32.40390095,-25.16301432,Chichuco
277,278,32.40390095,-25.12708171,Chichuco
278,279,32.40390095,-25.11809855,Chichuco
279,280,32.40390095,-25.109115399999997,Chichuco
280,281,32.40390095,-25.10013225,Chichuco
281,282,32.40390095,-25.091149100000003,Chichuco
282,283,32.40390095,-25.02826703,Panjane
283,284,32.40390095,-25.01928387,Panjane
284,285,32.40390095,-24.98335126,Panjane
285,286,32.40390095,-24.96538496,Panjane
286,287,32.40390095,-24.956401800000002,Panjane
287,288,32.40390095,-24.65097461,NONE
288,289,32.40390095,-24.47131155,Mahel
289,290,32.41392074,-25.21691324,Chichuco
290,291,32.41392074,-25.20793008,Chichuco
291,292,32.41392074,-25.19894693,Chichuco
292,293,32.41392074,-25.16301432,Chichuco
293,294,32.41392074,-25.14504801,Chichuco
294,295,32.41392074,-25.109115399999997,Chichuco
295,296,32.41392074,-25.10013225,Chichuco
296,297,32.41392074,-25.091149100000003,Chichuco
297,298,32.41392074,-25.03725018,Panjane
298,299,32.41392074,-24.98335126,Panjane
299,300,32.41392074,-24.9384355,Panjane
300,301,32.41392074,-24.89351973,Panjane
301,302,32.41392074,-24.62402515,Mahel
302,303,32.41392074,-24.480294699999998,Mahel
303,304,32.41392074,-24.47131155,Mahel
304,305,32.41392074,-24.462328399999997,Mahel
305,306,32.41392074,-24.45334524,Mahel
306,307,32.42394053,-25.27081215,Chichuco
307,308,32.42394053,-25.25284585,Chichuco
308,309,32.42394053,-25.24386269,Chichuco
309,310,32.42394053,-25.23487954,Chichuco
310,311,32.42394053,-25.22589639,Chichuco
311,312,32.42394053,-25.21691324,Chichuco
312,313,32.42394053,-25.16301432,Chichuco
313,314,32.42394053,-25.14504801,Chichuco
314,315,32.42394053,-25.13606486,Chichuco
315,316,32.42394053,-25.11809855,Chichuco
316,317,32.42394053,-25.10013225,Chichuco
317,318,32.42394053,-25.06419964,Chichuco
318,319,32.42394053,-25.05521648,Chichuco
319,320,32.42394053,-25.04623333,Chichuco
320,321,32.42394053,-25.03725018,Panjane
321,322,32.42394053,-25.02826703,Panjane
322,323,32.42394053,-25.01928387,Panjane
323,324,32.42394053,-24.98335126,Panjane
324,325,32.42394053,-24.85758712,Panjane
325,326,32.42394053,-24.64199145,Mahel
326,327,32.42394053,-24.47131155,Mahel
327,328,32.42394053,-24.462328399999997,Mahel
328,329,32.42394053,-24.28266534,Chicutso
329,330,32.43396032,-25.27979531,Chichuco
330,331,32.43396032,-25.27081215,Chichuco
331,332,32.43396032,-25.25284585,Chichuco
332,333,32.43396032,-25.24386269,Chichuco
333,334,32.43396032,-25.14504801,Chichuco
334,335,32.43396032,-25.13606486,Chichuco
335,336,32.43396032,-25.12708171,Chichuco
336,337,32.43396032,-25.11809855,Chichuco
337,338,32.43396032,-25.109115399999997,Chichuco
338,339,32.43396032,-25.10013225,Chichuco
339,340,32.43396032,-25.06419964,Chichuco
340,341,32.43396032,-25.04623333,Chichuco
341,342,32.43396032,-25.03725018,Chichuco
342,343,32.43396032,-25.02826703,Panjane
343,344,32.43396032,-25.01928387,Panjane
344,345,32.43396032,-25.01030072,Panjane
345,346,32.43396032,-24.69589037,Mahel
346,347,32.43396032,-24.68690722,NONE
347,348,32.43396032,-24.64199145,Mahel
348,349,32.43396032,-24.6330083,Mahel
349,350,32.43396032,-24.62402515,Mahel
350,351,32.43396032,-24.615042000000003,Mahel
351,352,32.43396032,-24.47131155,Chicutso
352,353,32.43396032,-24.462328399999997,Chicutso
353,354,32.43396032,-24.45334524,Chicutso
354,355,32.43396032,-24.29164849,Chicutso
355,356,32.43396032,-24.28266534,Chicutso
356,357,32.443980100000005,-25.27979531,Chichuco
357,358,32.443980100000005,-25.27081215,Chichuco
358,359,32.443980100000005,-25.23487954,Chichuco
359,360,32.443980100000005,-25.12708171,Chichuco
360,361,32.443980100000005,-25.109115399999997,Chichuco
361,362,32.443980100000005,-25.10013225,Chichuco
362,363,32.443980100000005,-25.08216594,Chichuco
363,364,32.443980100000005,-25.06419964,Chichuco
364,365,32.443980100000005,-25.05521648,Chichuco
365,366,32.443980100000005,-25.04623333,Chichuco
366,367,32.443980100000005,-24.83962082,Moine
367,368,32.443980100000005,-24.74080613,Mahel
368,369,32.443980100000005,-24.73182298,Mahel
369,370,32.443980100000005,-24.69589037,NONE
370,371,32.443980100000005,-24.64199145,Mahel
371,372,32.443980100000005,-24.6330083,Mahel
372,373,32.443980100000005,-24.62402515,NONE
373,374,32.443980100000005,-24.47131155,Chicutso
374,375,32.443980100000005,-24.462328399999997,Chicutso
375,376,32.443980100000005,-24.29164849,Chicutso
376,377,32.45399989,-25.27979531,Chichuco
377,378,32.45399989,-25.261829000000002,Chichuco
378,379,32.45399989,-25.25284585,NONE
379,380,32.45399989,-25.24386269,Chichuco
380,381,32.45399989,-25.13606486,Chichuco
381,382,32.45399989,-25.109115399999997,Chichuco
382,383,32.45399989,-25.091149100000003,Chichuco
383,384,32.45399989,-25.08216594,Chichuco
384,385,32.45399989,-25.07318279,Chichuco
385,386,32.45399989,-24.77673875,Mahel
386,387,32.45399989,-24.71385668,Mahel
387,388,32.45399989,-24.309614800000002,Chicutso
388,389,32.45399989,-24.30063165,Chicutso
389,390,32.46401968,-25.27979531,Chichuco
390,391,32.46401968,-25.261829000000002,Chichuco
391,392,32.46401968,-25.24386269,Chichuco
392,393,32.46401968,-25.23487954,Chichuco
393,394,32.46401968,-25.22589639,Chichuco
394,395,32.46401968,-25.21691324,Chichuco
395,396,32.46401968,-25.19894693,Chichuco
396,397,32.46401968,-25.17199747,Chichuco
397,398,32.46401968,-25.15403117,Chichuco
398,399,32.46401968,-25.14504801,Chichuco
399,400,32.46401968,-25.12708171,Chichuco
400,401,32.46401968,-25.11809855,Chichuco
401,402,32.46401968,-25.091149100000003,Chichuco
402,403,32.46401968,-25.08216594,Chichuco
403,404,32.46401968,-25.07318279,Chichuco
404,405,32.46401968,-24.7857219,Mahel
405,406,32.46401968,-24.67792407,NONE
406,407,32.46401968,-24.66894091,NONE
407,408,32.46401968,-24.47131155,Chicutso
408,409,32.46401968,-24.462328399999997,Chicutso
409,410,32.46401968,-24.31859795,Chicutso
410,411,32.46401968,-24.309614800000002,NONE
411,412,32.47403947,-25.28877846,Chichuco
412,413,32.47403947,-25.24386269,Chichuco
413,414,32.47403947,-25.21691324,Chichuco
414,415,32.47403947,-25.18098062,Chichuco
415,416,32.47403947,-25.17199747,Chichuco
416,417,32.47403947,-25.15403117,Chichuco
417,418,32.47403947,-25.14504801,Chichuco
418,419,32.47403947,-25.11809855,Chichuco
419,420,32.47403947,-25.109115399999997,Chichuco
420,421,32.47403947,-25.091149100000003,Chichuco
421,422,32.47403947,-24.96538496,NONE
422,423,32.47403947,-24.89351973,Moine
423,424,32.47403947,-24.85758712,Moine
424,425,32.47403947,-24.84860397,Moine
425,426,32.47403947,-24.83962082,Moine
426,427,32.47403947,-24.83063766,Moine
427,428,32.47403947,-24.7857219,Mahel
428,429,32.47403947,-24.77673875,Mahel
429,430,32.47403947,-24.76775559,Mahel
430,431,32.47403947,-24.47131155,Chicutso
431,432,32.48405925,-25.28877846,Chichuco
432,433,32.48405925,-25.261829000000002,Chichuco
433,434,32.48405925,-25.21691324,Chichuco
434,435,32.48405925,-25.20793008,Chichuco
435,436,32.48405925,-25.18098062,Chichuco
436,437,32.48405925,-25.17199747,Chichuco
437,438,32.48405925,-25.16301432,Chichuco
438,439,32.48405925,-25.15403117,Chichuco
439,440,32.48405925,-25.14504801,Chichuco
440,441,32.48405925,-25.12708171,NONE
441,442,32.48405925,-25.11809855,Chichuco
442,443,32.48405925,-25.109115399999997,Chichuco
443,444,32.48405925,-25.10013225,Chichuco
444,445,32.48405925,-25.091149100000003,Chichuco
445,446,32.48405925,-25.08216594,Chichuco
446,447,32.48405925,-25.07318279,Chichuco
447,448,32.48405925,-24.85758712,Moine
448,449,32.48405925,-24.8036882,Moine
449,450,32.48405925,-24.79470505,NONE
450,451,32.48405925,-24.77673875,Mahel
451,452,32.48405925,-24.72283983,Mahel
452,453,32.48405925,-24.71385668,Mahel
453,454,32.48405925,-24.462328399999997,Chicutso
454,455,32.49407904,-25.27081215,Chichuco
455,456,32.49407904,-25.261829000000002,Chichuco
456,457,32.49407904,-25.21691324,NONE
457,458,32.49407904,-25.20793008,Chichuco
458,459,32.49407904,-25.19894693,Chichuco
459,460,32.49407904,-25.18996378,Chichuco
460,461,32.49407904,-25.15403117,Chichuco
461,462,32.49407904,-25.14504801,Chichuco
462,463,32.49407904,-25.13606486,Chichuco
463,464,32.49407904,-25.12708171,Chichuco
464,465,32.49407904,-25.11809855,Chichuco
465,466,32.49407904,-25.109115399999997,Chichuco
466,467,32.49407904,-25.10013225,Chichuco
467,468,32.49407904,-25.091149100000003,Chichuco
468,469,32.49407904,-25.08216594,Chichuco
469,470,32.49407904,-25.07318279,Chichuco
470,471,32.49407904,-24.90250289,Moine
471,472,32.49407904,-24.86657027,Moine
472,473,32.49407904,-24.83063766,Moine
473,474,32.49407904,-24.81267136,Moine
474,475,32.49407904,-24.8036882,Moine
475,476,32.49407904,-24.74978929,Mahel
476,477,32.49407904,-24.74080613,Mahel
477,478,32.49407904,-24.73182298,Mahel
478,479,32.49407904,-24.47131155,Chicutso
479,480,32.50409883,-25.25284585,Chichuco
480,481,32.50409883,-25.24386269,Chichuco
481,482,32.50409883,-25.23487954,Chichuco
482,483,32.50409883,-25.22589639,Chichuco
483,484,32.50409883,-25.21691324,Chichuco
484,485,32.50409883,-25.12708171,Chichuco
485,486,32.50409883,-25.11809855,Chichuco
486,487,32.50409883,-25.109115399999997,Chichuco
487,488,32.50409883,-25.10013225,Chichuco
488,489,32.50409883,-25.091149100000003,Chichuco
489,490,32.50409883,-25.07318279,Chichuco
490,491,32.50409883,-24.90250289,Moine
491,492,32.50409883,-24.88453658,Moine
492,493,32.50409883,-24.87555343,Moine
493,494,32.50409883,-24.83962082,Moine
494,495,32.50409883,-24.83063766,Moine
495,496,32.50409883,-24.82165451,Moine
496,497,32.50409883,-24.81267136,Moine
497,498,32.50409883,-24.7857219,Mahel
498,499,32.50409883,-24.76775559,Mahel
499,500,32.50409883,-24.75877244,Mahel
500,501,32.50409883,-24.74978929,Mahel
501,502,32.50409883,-24.74080613,Mahel
502,503,32.50409883,-24.73182298,Mahel
503,504,32.51411861,-25.27979531,Chichuco
504,505,32.51411861,-25.27081215,Chichuco
505,506,32.51411861,-25.261829000000002,Chichuco
506,507,32.51411861,-25.24386269,Chichuco
507,508,32.51411861,-25.19894693,Chichuco
508,509,32.51411861,-25.18996378,Chichuco
509,510,32.51411861,-25.17199747,Chichuco
510,511,32.51411861,-25.11809855,Chichuco
511,512,32.51411861,-25.10013225,Chichuco
512,513,32.51411861,-25.091149100000003,Chichuco
513,514,32.51411861,-25.07318279,Chichuco
514,515,32.51411861,-24.92945234,Moine
515,516,32.51411861,-24.92046919,Moine
516,517,32.51411861,-24.91148604,Moine
517,518,32.51411861,-24.90250289,Moine
518,519,32.51411861,-24.83962082,Moine
519,520,32.51411861,-24.83063766,Moine
520,521,32.51411861,-24.82165451,Moine
521,522,32.51411861,-24.81267136,Moine
522,523,32.51411861,-24.8036882,Moine
523,524,32.51411861,-24.79470505,Moine
524,525,32.51411861,-24.7857219,Moine
525,526,32.51411861,-24.77673875,Mahel
526,527,32.51411861,-24.76775559,Mahel
527,528,32.51411861,-24.75877244,Mahel
528,529,32.51411861,-24.74978929,Mahel
529,530,32.51411861,-24.72283983,Mahel
530,531,32.51411861,-24.71385668,Mahel
531,532,32.51411861,-24.70487352,Mahel
532,533,32.5241384,-25.23487954,Chichuco
533,534,32.5241384,-25.19894693,Chichuco
534,535,32.5241384,-25.18996378,Chichuco
535,536,32.5241384,-25.17199747,Chichuco
536,537,32.5241384,-25.16301432,Chichuco
537,538,32.5241384,-25.15403117,Chichuco
538,539,32.5241384,-25.10013225,Chichuco
539,540,32.5241384,-25.091149100000003,Chichuco
540,541,32.5241384,-25.08216594,Chichuco
541,542,32.5241384,-25.07318279,Chichuco
542,543,32.5241384,-25.05521648,Chichuco
543,544,32.5241384,-25.04623333,Chichuco
544,545,32.5241384,-24.9384355,Moine
545,546,32.5241384,-24.92945234,Moine
546,547,32.5241384,-24.92046919,Moine
547,548,32.5241384,-24.91148604,NONE
548,549,32.5241384,-24.90250289,Moine
549,550,32.5241384,-24.89351973,Moine
550,551,32.5241384,-24.88453658,Moine
551,552,32.5241384,-24.87555343,Moine
552,553,32.5241384,-24.86657027,Moine
553,554,32.5241384,-24.85758712,Moine
554,555,32.5241384,-24.84860397,Moine
555,556,32.5241384,-24.83962082,Moine
556,557,32.5241384,-24.83063766,Moine
557,558,32.5241384,-24.82165451,Moine
558,559,32.5241384,-24.8036882,Moine
559,560,32.5241384,-24.7857219,Moine
560,561,32.5241384,-24.74978929,Mahel
561,562,32.5241384,-24.74080613,Mahel
562,563,32.5241384,-24.73182298,Mahel
563,564,32.5241384,-24.72283983,Mahel
564,565,32.5241384,-24.70487352,Mahel
565,566,32.5241384,-24.62402515,NONE
566,567,32.53415819,-25.18098062,Chichuco
567,568,32.53415819,-25.17199747,Chichuco
568,569,32.53415819,-25.16301432,Chichuco
569,570,32.53415819,-25.15403117,Chichuco
570,571,32.53415819,-25.14504801,Chichuco
571,572,32.53415819,-25.13606486,Chichuco
572,573,32.53415819,-25.12708171,Chichuco
573,574,32.53415819,-25.109115399999997,Chichuco
574,575,32.53415819,-25.10013225,Chichuco
575,576,32.53415819,-25.091149100000003,Chichuco
576,577,32.53415819,-25.08216594,Chichuco
577,578,32.53415819,-25.07318279,Chichuco
578,579,32.53415819,-25.04623333,Chichuco
579,580,32.53415819,-25.03725018,Chichuco
580,581,32.53415819,-25.02826703,Chichuco
581,582,32.53415819,-25.01030072,Magude-Sede
582,583,32.53415819,-24.99233441,NONE
583,584,32.53415819,-24.97436811,Moine
584,585,32.53415819,-24.96538496,Moine
585,586,32.53415819,-24.956401800000002,Moine
586,587,32.53415819,-24.94741865,Moine
587,588,32.53415819,-24.9384355,Moine
588,589,32.53415819,-24.92945234,Moine
589,590,32.53415819,-24.92046919,Moine
590,591,32.53415819,-24.91148604,Moine
591,592,32.53415819,-24.90250289,Moine
592,593,32.53415819,-24.89351973,Moine
593,594,32.53415819,-24.88453658,Moine
594,595,32.53415819,-24.86657027,Moine
595,596,32.53415819,-24.83962082,Moine
596,597,32.53415819,-24.83063766,Moine
597,598,32.53415819,-24.82165451,Moine
598,599,32.53415819,-24.81267136,Moine
599,600,32.53415819,-24.8036882,Moine
600,601,32.53415819,-24.79470505,Moine
601,602,32.53415819,-24.7857219,Moine
602,603,32.54417798,-25.17199747,Chichuco
603,604,32.54417798,-25.16301432,Chichuco
604,605,32.54417798,-25.15403117,Chichuco
605,606,32.54417798,-25.12708171,Chichuco
606,607,32.54417798,-25.10013225,Chichuco
607,608,32.54417798,-25.091149100000003,Chichuco
608,609,32.54417798,-25.08216594,Chichuco
609,610,32.54417798,-25.07318279,Chichuco
610,611,32.54417798,-25.06419964,Chichuco
611,612,32.54417798,-25.05521648,Chichuco
612,613,32.54417798,-25.04623333,Chichuco
613,614,32.54417798,-24.97436811,Moine
614,615,32.54417798,-24.96538496,Moine
615,616,32.54417798,-24.956401800000002,Moine
616,617,32.54417798,-24.94741865,Moine
617,618,32.54417798,-24.9384355,Moine
618,619,32.54417798,-24.92945234,Moine
619,620,32.54417798,-24.92046919,Moine
620,621,32.54417798,-24.91148604,Moine
621,622,32.54417798,-24.90250289,Moine
622,623,32.54417798,-24.89351973,Moine
623,624,32.54417798,-24.88453658,Moine
624,625,32.54417798,-24.87555343,Moine
625,626,32.54417798,-24.83063766,Moine
626,627,32.54417798,-24.8036882,Moine
627,628,32.55419776,-25.15403117,Chichuco
628,629,32.55419776,-25.14504801,Chichuco
629,630,32.55419776,-25.10013225,Chichuco
630,631,32.55419776,-25.091149100000003,Chichuco
631,632,32.55419776,-25.08216594,Chichuco
632,633,32.55419776,-25.07318279,Chichuco
633,634,32.55419776,-25.05521648,Chichuco
634,635,32.55419776,-25.04623333,Chichuco
635,636,32.55419776,-25.02826703,Magude-Sede
636,637,32.55419776,-24.99233441,Magude-Sede
637,638,32.55419776,-24.98335126,Magude-Sede
638,639,32.55419776,-24.97436811,Moine
639,640,32.55419776,-24.96538496,Moine
640,641,32.55419776,-24.956401800000002,Moine
641,642,32.55419776,-24.94741865,Moine
642,643,32.55419776,-24.9384355,Moine
643,644,32.55419776,-24.92945234,Moine
644,645,32.55419776,-24.92046919,Moine
645,646,32.55419776,-24.91148604,Moine
646,647,32.55419776,-24.88453658,Moine
647,648,32.55419776,-24.87555343,Moine
648,649,32.55419776,-24.85758712,Moine
649,650,32.55419776,-24.82165451,Moine
650,651,32.55419776,-24.8036882,Moine
651,652,32.56421755,-25.14504801,Chichuco
652,653,32.56421755,-25.13606486,Chichuco
653,654,32.56421755,-25.12708171,Chichuco
654,655,32.56421755,-25.11809855,Chichuco
655,656,32.56421755,-25.091149100000003,Chichuco
656,657,32.56421755,-25.08216594,Chichuco
657,658,32.56421755,-25.07318279,Chichuco
658,659,32.56421755,-25.04623333,Chichuco
659,660,32.56421755,-25.03725018,Magude-Sede
660,661,32.56421755,-25.02826703,Magude-Sede
661,662,32.56421755,-25.01928387,Magude-Sede
662,663,32.56421755,-25.01030072,Magude-Sede
663,664,32.56421755,-25.00131757,Magude-Sede
664,665,32.56421755,-24.99233441,Magude-Sede
665,666,32.56421755,-24.98335126,Magude-Sede
666,667,32.56421755,-24.97436811,Moine
667,668,32.56421755,-24.96538496,Moine
668,669,32.56421755,-24.956401800000002,Moine
669,670,32.56421755,-24.94741865,Moine
670,671,32.56421755,-24.9384355,Moine
671,672,32.56421755,-24.92945234,Moine
672,673,32.56421755,-24.92046919,Moine
673,674,32.56421755,-24.85758712,Moine
674,675,32.56421755,-24.8036882,Moine
675,676,32.56421755,-24.79470505,Moine
676,677,32.56421755,-24.73182298,Mahel
677,678,32.56421755,-24.66894091,NONE
678,679,32.57423734,-25.13606486,Chichuco
679,680,32.57423734,-25.12708171,Chichuco
680,681,32.57423734,-25.08216594,Chichuco
681,682,32.57423734,-25.07318279,Chichuco
682,683,32.57423734,-25.06419964,Chichuco
683,684,32.57423734,-25.04623333,Magude-Sede
684,685,32.57423734,-25.03725018,Magude-Sede
685,686,32.57423734,-25.02826703,Magude-Sede
686,687,32.57423734,-25.01928387,Magude-Sede
687,688,32.57423734,-25.01030072,Magude-Sede
688,689,32.57423734,-25.00131757,Magude-Sede
689,690,32.57423734,-24.99233441,Magude-Sede
690,691,32.57423734,-24.97436811,Facazissa
691,692,32.57423734,-24.96538496,Moine
692,693,32.57423734,-24.956401800000002,Moine
693,694,32.57423734,-24.94741865,Moine
694,695,32.57423734,-24.9384355,Moine
695,696,32.57423734,-24.85758712,Moine
696,697,32.57423734,-24.7857219,Moine
697,698,32.57423734,-24.73182298,NONE
698,699,32.58425712,-25.12708171,Chichuco
699,700,32.58425712,-25.11809855,Chichuco
700,701,32.58425712,-25.07318279,Chichuco
701,702,32.58425712,-25.06419964,Chichuco
702,703,32.58425712,-25.03725018,Magude-Sede
703,704,32.58425712,-25.02826703,Magude-Sede
704,705,32.58425712,-25.01030072,Magude-Sede
705,706,32.58425712,-25.00131757,Magude-Sede
706,707,32.58425712,-24.99233441,Magude-Sede
707,708,32.58425712,-24.98335126,Facazissa
708,709,32.58425712,-24.97436811,Facazissa
709,710,32.58425712,-24.96538496,Facazissa
710,711,32.58425712,-24.94741865,Moine
711,712,32.58425712,-24.9384355,Moine
712,713,32.59427691,-25.12708171,Chichuco
713,714,32.59427691,-25.11809855,Chichuco
714,715,32.59427691,-25.109115399999997,Chichuco
715,716,32.59427691,-25.10013225,Chichuco
716,717,32.59427691,-25.091149100000003,Chichuco
717,718,32.59427691,-25.08216594,Chichuco
718,719,32.59427691,-25.07318279,Chichuco
719,720,32.59427691,-25.06419964,Chichuco
720,721,32.59427691,-25.04623333,Magude-Sede
721,722,32.59427691,-25.03725018,Magude-Sede
722,723,32.59427691,-25.00131757,Magude-Sede
723,724,32.59427691,-24.99233441,Facazissa
724,725,32.59427691,-24.98335126,Facazissa
725,726,32.6042967,-25.11809855,Chichuco
726,727,32.6042967,-25.109115399999997,Chichuco
727,728,32.6042967,-25.10013225,Chichuco
728,729,32.6042967,-25.091149100000003,Chichuco
729,730,32.6042967,-25.08216594,Chichuco
730,731,32.6042967,-25.07318279,Chichuco
731,732,32.6042967,-25.06419964,Magude-Sede
732,733,32.6042967,-25.05521648,Magude-Sede
733,734,32.6042967,-25.04623333,Magude-Sede
734,735,32.6042967,-25.03725018,Magude-Sede
735,736,32.6042967,-25.02826703,Magude-Sede
736,737,32.6042967,-25.01928387,Magude-Sede
737,738,32.6042967,-25.01030072,Magude-Sede
738,739,32.6042967,-25.00131757,Magude-Sede
739,740,32.6042967,-24.99233441,Facazissa
740,741,32.6042967,-24.98335126,Facazissa
741,742,32.6042967,-24.92945234,NONE
742,743,32.6042967,-24.92046919,Moine
743,744,32.6042967,-24.83962082,Moine
744,745,32.6042967,-24.83063766,Moine
745,746,32.61431649,-25.11809855,Chichuco
746,747,32.61431649,-25.109115399999997,Chichuco
747,748,32.61431649,-25.10013225,Chichuco
748,749,32.61431649,-25.091149100000003,Chichuco
749,750,32.61431649,-25.06419964,Magude-Sede
750,751,32.61431649,-25.04623333,Magude-Sede
751,752,32.61431649,-25.03725018,Magude-Sede
752,753,32.61431649,-25.02826703,Magude-Sede
753,754,32.61431649,-25.01928387,Magude-Sede
754,755,32.61431649,-25.01030072,Magude-Sede
755,756,32.61431649,-25.00131757,Facazissa
756,757,32.61431649,-24.99233441,Facazissa
757,758,32.61431649,-24.98335126,Facazissa
758,759,32.61431649,-24.956401800000002,Facazissa
759,760,32.61431649,-24.83063766,Moine
760,761,32.61431649,-24.82165451,Moine
761,762,32.62433627,-25.109115399999997,Chichuco
762,763,32.62433627,-25.10013225,Chichuco
763,764,32.62433627,-25.091149100000003,Chichuco
764,765,32.62433627,-25.08216594,Magude-Sede
765,766,32.62433627,-25.07318279,Magude-Sede
766,767,32.62433627,-25.05521648,Magude-Sede
767,768,32.62433627,-25.04623333,Magude-Sede
768,769,32.62433627,-25.03725018,Magude-Sede
769,770,32.62433627,-25.02826703,Magude-Sede
770,771,32.62433627,-25.01928387,Magude-Sede
771,772,32.62433627,-25.01030072,Facazissa
772,773,32.62433627,-24.96538496,Facazissa
773,774,32.62433627,-24.956401800000002,Facazissa
774,775,32.62433627,-24.92046919,Moine
775,776,32.62433627,-24.89351973,Moine
776,777,32.62433627,-24.83962082,Moine
777,778,32.62433627,-24.83063766,Moine
778,779,32.62433627,-24.82165451,Moine
779,780,32.62433627,-24.81267136,Moine
780,781,32.62433627,-24.7857219,Moine
781,782,32.62433627,-24.75877244,Moine
782,783,32.63435606,-25.10013225,Chichuco
783,784,32.63435606,-25.091149100000003,Magude-Sede
784,785,32.63435606,-25.08216594,Magude-Sede
785,786,32.63435606,-25.07318279,Magude-Sede
786,787,32.63435606,-25.05521648,Magude-Sede
787,788,32.63435606,-25.04623333,Magude-Sede
788,789,32.63435606,-25.03725018,Magude-Sede
789,790,32.63435606,-25.02826703,Magude-Sede
790,791,32.63435606,-25.01928387,Magude-Sede
791,792,32.63435606,-25.01030072,Facazissa
792,793,32.63435606,-25.00131757,Facazissa
793,794,32.63435606,-24.99233441,Facazissa
794,795,32.63435606,-24.98335126,Facazissa
795,796,32.63435606,-24.97436811,Facazissa
796,797,32.63435606,-24.96538496,Facazissa
797,798,32.63435606,-24.956401800000002,Facazissa
798,799,32.63435606,-24.94741865,Facazissa
799,800,32.63435606,-24.87555343,Moine
800,801,32.63435606,-24.85758712,Moine
801,802,32.63435606,-24.83962082,Moine
802,803,32.63435606,-24.83063766,Moine
803,804,32.63435606,-24.82165451,Moine
804,805,32.63435606,-24.75877244,Moine
805,806,32.63435606,-24.74978929,Moine
806,807,32.63435606,-24.74080613,Chicutso
807,808,32.63435606,-24.73182298,Chicutso
808,809,32.64437585,-25.19894693,Chichuco
809,810,32.64437585,-25.091149100000003,Magude-Sede
810,811,32.64437585,-25.07318279,Magude-Sede
811,812,32.64437585,-25.06419964,Magude-Sede
812,813,32.64437585,-25.05521648,Magude-Sede
813,814,32.64437585,-25.04623333,Magude-Sede
814,815,32.64437585,-25.03725018,Magude-Sede
815,816,32.64437585,-25.02826703,Magude-Sede
816,817,32.64437585,-25.01928387,Facazissa
817,818,32.64437585,-25.01030072,Facazissa
818,819,32.64437585,-25.00131757,Facazissa
819,820,32.64437585,-24.99233441,Facazissa
820,821,32.64437585,-24.98335126,Facazissa
821,822,32.64437585,-24.97436811,Facazissa
822,823,32.64437585,-24.96538496,Facazissa
823,824,32.64437585,-24.956401800000002,Facazissa
824,825,32.64437585,-24.94741865,Facazissa
825,826,32.64437585,-24.92046919,Facazissa
826,827,32.64437585,-24.91148604,Moine
827,828,32.64437585,-24.88453658,Moine
828,829,32.64437585,-24.85758712,Moine
829,830,32.64437585,-24.83063766,NONE
830,831,32.64437585,-24.76775559,Moine
831,832,32.64437585,-24.75877244,Moine
832,833,32.64437585,-24.74080613,Chicutso
833,834,32.64437585,-24.73182298,Chicutso
834,835,32.64437585,-24.69589037,NONE
835,836,32.65439563,-25.19894693,Chichuco
836,837,32.65439563,-25.18996378,Chichuco
837,838,32.65439563,-25.18098062,Chichuco
838,839,32.65439563,-25.17199747,Chichuco
839,840,32.65439563,-25.16301432,Chichuco
840,841,32.65439563,-25.15403117,Chichuco
841,842,32.65439563,-25.11809855,NONE
842,843,32.65439563,-25.109115399999997,Chichuco
843,844,32.65439563,-25.10013225,Magude-Sede
844,845,32.65439563,-25.091149100000003,Magude-Sede
845,846,32.65439563,-25.08216594,Magude-Sede
846,847,32.65439563,-25.07318279,Magude-Sede
847,848,32.65439563,-25.06419964,Magude-Sede
848,849,32.65439563,-25.05521648,Magude-Sede
849,850,32.65439563,-25.04623333,Magude-Sede
850,851,32.65439563,-25.03725018,Magude-Sede
851,852,32.65439563,-25.02826703,Magude-Sede
852,853,32.65439563,-25.01928387,Facazissa
853,854,32.65439563,-25.01030072,Facazissa
854,855,32.65439563,-25.00131757,Facazissa
855,856,32.65439563,-24.99233441,Facazissa
856,857,32.65439563,-24.98335126,Facazissa
857,858,32.65439563,-24.97436811,Facazissa
858,859,32.65439563,-24.96538496,Facazissa
859,860,32.65439563,-24.956401800000002,Facazissa
860,861,32.65439563,-24.94741865,Facazissa
861,862,32.65439563,-24.92945234,Facazissa
862,863,32.65439563,-24.92046919,Facazissa
863,864,32.65439563,-24.88453658,Moine
864,865,32.65439563,-24.87555343,Moine
865,866,32.65439563,-24.86657027,Moine
866,867,32.65439563,-24.84860397,Moine
867,868,32.65439563,-24.83962082,Moine
868,869,32.65439563,-24.83063766,Moine
869,870,32.65439563,-24.82165451,Moine
870,871,32.65439563,-24.81267136,Moine
871,872,32.65439563,-24.8036882,Moine
872,873,32.65439563,-24.77673875,Moine
873,874,32.65439563,-24.74978929,Moine
874,875,32.65439563,-24.74080613,Chicutso
875,876,32.65439563,-24.58809254,Chicutso
876,877,32.65439563,-24.57910938,Chicutso
877,878,32.65439563,-24.57012623,Chicutso
878,879,32.65439563,-24.56114308,Chicutso
879,880,32.66441542,-25.19894693,Chichuco
880,881,32.66441542,-25.18098062,Chichuco
881,882,32.66441542,-25.17199747,Chichuco
882,883,32.66441542,-25.16301432,Chichuco
883,884,32.66441542,-25.12708171,Chichuco
884,885,32.66441542,-25.11809855,Chichuco
885,886,32.66441542,-25.109115399999997,Magude-Sede
886,887,32.66441542,-25.10013225,Magude-Sede
887,888,32.66441542,-25.091149100000003,Magude-Sede
888,889,32.66441542,-25.08216594,Magude-Sede
889,890,32.66441542,-25.07318279,Magude-Sede
890,891,32.66441542,-25.06419964,Magude-Sede
891,892,32.66441542,-25.04623333,Magude-Sede
892,893,32.66441542,-25.03725018,Magude-Sede
893,894,32.66441542,-25.02826703,Facazissa
894,895,32.66441542,-25.01928387,Facazissa
895,896,32.66441542,-25.01030072,Facazissa
896,897,32.66441542,-25.00131757,Facazissa
897,898,32.66441542,-24.99233441,Facazissa
898,899,32.66441542,-24.98335126,Facazissa
899,900,32.66441542,-24.97436811,Facazissa
900,901,32.66441542,-24.96538496,Facazissa
901,902,32.66441542,-24.956401800000002,Facazissa
902,903,32.66441542,-24.94741865,Facazissa
903,904,32.66441542,-24.92945234,Facazissa
904,905,32.66441542,-24.92046919,Facazissa
905,906,32.66441542,-24.91148604,Facazissa
906,907,32.66441542,-24.90250289,Facazissa
907,908,32.66441542,-24.89351973,Moine
908,909,32.66441542,-24.88453658,Moine
909,910,32.66441542,-24.87555343,Moine
910,911,32.66441542,-24.84860397,Moine
911,912,32.66441542,-24.83962082,Moine
912,913,32.66441542,-24.83063766,Moine
913,914,32.66441542,-24.82165451,Moine
914,915,32.66441542,-24.76775559,Moine
915,916,32.66441542,-24.75877244,Moine
916,917,32.66441542,-24.74978929,Chicutso
917,918,32.66441542,-24.62402515,NONE
918,919,32.66441542,-24.57910938,Chicutso
919,920,32.66441542,-24.57012623,Chicutso
920,921,32.66441542,-24.56114308,Chicutso
921,922,32.66441542,-24.48927786,Chicutso
922,923,32.67443521,-25.19894693,Chichuco
923,924,32.67443521,-25.18996378,Chichuco
924,925,32.67443521,-25.15403117,Chichuco
925,926,32.67443521,-25.14504801,Chichuco
926,927,32.67443521,-25.109115399999997,Magude-Sede
927,928,32.67443521,-25.10013225,Magude-Sede
928,929,32.67443521,-25.091149100000003,Magude-Sede
929,930,32.67443521,-25.08216594,Magude-Sede
930,931,32.67443521,-25.07318279,Magude-Sede
931,932,32.67443521,-25.03725018,Facazissa
932,933,32.67443521,-25.02826703,Facazissa
933,934,32.67443521,-25.01030072,Facazissa
934,935,32.67443521,-25.00131757,Facazissa
935,936,32.67443521,-24.99233441,Facazissa
936,937,32.67443521,-24.98335126,Facazissa
937,938,32.67443521,-24.97436811,Facazissa
938,939,32.67443521,-24.96538496,Facazissa
939,940,32.67443521,-24.94741865,Facazissa
940,941,32.67443521,-24.92945234,Facazissa
941,942,32.67443521,-24.92046919,Facazissa
942,943,32.67443521,-24.91148604,Facazissa
943,944,32.67443521,-24.90250289,Facazissa
944,945,32.67443521,-24.89351973,Facazissa
945,946,32.67443521,-24.88453658,Moine
946,947,32.67443521,-24.87555343,Moine
947,948,32.67443521,-24.86657027,Moine
948,949,32.67443521,-24.85758712,Moine
949,950,32.67443521,-24.84860397,Moine
950,951,32.67443521,-24.83962082,Moine
951,952,32.67443521,-24.83063766,Moine
952,953,32.67443521,-24.76775559,Motaze
953,954,32.67443521,-24.75877244,Motaze
954,955,32.67443521,-24.74978929,Motaze
955,956,32.684455,-25.18996378,Chichuco
956,957,32.684455,-25.17199747,Chichuco
957,958,32.684455,-25.16301432,Chichuco
958,959,32.684455,-25.091149100000003,Magude-Sede
959,960,32.684455,-25.08216594,Magude-Sede
960,961,32.684455,-25.07318279,Magude-Sede
961,962,32.684455,-25.04623333,Magude-Sede
962,963,32.684455,-25.03725018,Facazissa
963,964,32.684455,-25.02826703,Facazissa
964,965,32.684455,-25.01928387,Facazissa
965,966,32.684455,-25.01030072,Facazissa
966,967,32.684455,-25.00131757,Facazissa
967,968,32.684455,-24.99233441,Facazissa
968,969,32.684455,-24.98335126,Facazissa
969,970,32.684455,-24.96538496,Facazissa
970,971,32.684455,-24.956401800000002,Facazissa
971,972,32.684455,-24.94741865,Facazissa
972,973,32.684455,-24.92945234,Facazissa
973,974,32.684455,-24.92046919,Facazissa
974,975,32.684455,-24.91148604,Facazissa
975,976,32.684455,-24.90250289,Facazissa
976,977,32.684455,-24.89351973,Facazissa
977,978,32.684455,-24.88453658,Facazissa
978,979,32.684455,-24.87555343,Moine
979,980,32.684455,-24.86657027,Moine
980,981,32.69447478,-25.091149100000003,Magude-Sede
981,982,32.69447478,-25.08216594,Magude-Sede
982,983,32.69447478,-25.07318279,Magude-Sede
983,984,32.69447478,-25.06419964,Magude-Sede
984,985,32.69447478,-25.04623333,Facazissa
985,986,32.69447478,-25.03725018,Facazissa
986,987,32.69447478,-25.02826703,Facazissa
987,988,32.69447478,-25.01928387,Facazissa
988,989,32.69447478,-25.01030072,Facazissa
989,990,32.69447478,-25.00131757,Facazissa
990,991,32.69447478,-24.9384355,NONE
991,992,32.69447478,-24.92945234,Facazissa
992,993,32.69447478,-24.92046919,Facazissa
993,994,32.69447478,-24.91148604,Facazissa
994,995,32.69447478,-24.90250289,Facazissa
995,996,32.69447478,-24.57910938,Chicutso
996,997,32.69447478,-24.57012623,Chicutso
997,998,32.69447478,-24.52521047,Chicutso
998,999,32.69447478,-24.51622731,Chicutso
999,1000,32.69447478,-24.50724416,Chicutso
1000,1001,32.70449457,-25.17199747,Chichuco
1001,1002,32.70449457,-25.08216594,Magude-Sede
1002,1003,32.70449457,-25.07318279,Magude-Sede
1003,1004,32.70449457,-25.06419964,Magude-Sede
1004,1005,32.70449457,-25.05521648,Magude-Sede
1005,1006,32.70449457,-25.04623333,Facazissa
1006,1007,32.70449457,-25.03725018,NONE
1007,1008,32.70449457,-25.02826703,Facazissa
1008,1009,32.70449457,-25.01928387,Facazissa
1009,1010,32.70449457,-25.01030072,Facazissa
1010,1011,32.70449457,-25.00131757,Facazissa
1011,1012,32.70449457,-24.94741865,Facazissa
1012,1013,32.70449457,-24.92945234,Facazissa
1013,1014,32.70449457,-24.90250289,Facazissa
1014,1015,32.70449457,-24.89351973,Facazissa
1015,1016,32.70449457,-24.57910938,Chicutso
1016,1017,32.70449457,-24.57012623,Chicutso
1017,1018,32.70449457,-24.52521047,Chicutso
1018,1019,32.70449457,-24.51622731,Chicutso
1019,1020,32.71451436,-25.07318279,Magude-Sede
1020,1021,32.71451436,-25.06419964,Magude-Sede
1021,1022,32.71451436,-25.05521648,Facazissa
1022,1023,32.71451436,-25.04623333,Facazissa
1023,1024,32.71451436,-25.03725018,NONE
1024,1025,32.71451436,-25.02826703,NONE
1025,1026,32.71451436,-25.01030072,Facazissa
1026,1027,32.71451436,-25.00131757,Facazissa
1027,1028,32.71451436,-24.9384355,Facazissa
1028,1029,32.71451436,-24.92945234,Facazissa
1029,1030,32.71451436,-24.88453658,Facazissa
1030,1031,32.71451436,-24.57910938,Chicutso
1031,1032,32.71451436,-24.57012623,Chicutso
1032,1033,32.71451436,-24.56114308,Chicutso
1033,1034,32.72453415,-25.16301432,NONE
1034,1035,32.72453415,-25.15403117,Magude-Sede
1035,1036,32.72453415,-25.08216594,Magude-Sede
1036,1037,32.72453415,-25.07318279,Magude-Sede
1037,1038,32.72453415,-25.06419964,Facazissa
1038,1039,32.72453415,-25.05521648,Facazissa
1039,1040,32.72453415,-25.04623333,Facazissa
1040,1041,32.72453415,-25.03725018,Facazissa
1041,1042,32.72453415,-25.02826703,NONE
1042,1043,32.72453415,-25.01030072,Facazissa
1043,1044,32.72453415,-25.00131757,Facazissa
1044,1045,32.72453415,-24.94741865,Facazissa
1045,1046,32.72453415,-24.9384355,Facazissa
1046,1047,32.72453415,-24.92945234,Facazissa
1047,1048,32.72453415,-24.92046919,Facazissa
1048,1049,32.72453415,-24.8036882,Motaze
1049,1050,32.72453415,-24.57012623,Chicutso
1050,1051,32.72453415,-24.56114308,Chicutso
1051,1052,32.73455393,-25.16301432,NONE
1052,1053,32.73455393,-25.14504801,Magude-Sede
1053,1054,32.73455393,-25.08216594,Magude-Sede
1054,1055,32.73455393,-25.07318279,Magude-Sede
1055,1056,32.73455393,-25.05521648,NONE
1056,1057,32.73455393,-25.04623333,NONE
1057,1058,32.73455393,-25.01928387,NONE
1058,1059,32.73455393,-25.01030072,Facazissa
1059,1060,32.73455393,-25.00131757,Facazissa
1060,1061,32.73455393,-24.57910938,Chicutso
1061,1062,32.73455393,-24.56114308,Chicutso
1062,1063,32.73455393,-24.55215993,Chicutso
1063,1064,32.74457372,-25.08216594,Magude-Sede
1064,1065,32.74457372,-25.07318279,NONE
1065,1066,32.74457372,-25.01928387,NONE
1066,1067,32.74457372,-25.00131757,Facazissa
1067,1068,32.74457372,-24.96538496,Facazissa
1068,1069,32.74457372,-24.956401800000002,Facazissa
1069,1070,32.74457372,-24.58809254,Chicutso
1070,1071,32.74457372,-24.57910938,Chicutso
1071,1072,32.74457372,-24.57012623,Chicutso
1072,1073,32.75459351,-25.07318279,NONE
1073,1074,32.75459351,-25.06419964,NONE
1074,1075,32.75459351,-25.05521648,NONE
1075,1076,32.75459351,-25.04623333,NONE
1076,1077,32.75459351,-25.03725018,NONE
1077,1078,32.75459351,-25.02826703,NONE
1078,1079,32.75459351,-24.96538496,Facazissa
1079,1080,32.75459351,-24.956401800000002,Facazissa
1080,1081,32.75459351,-24.94741865,Facazissa
1081,1082,32.75459351,-24.60605884,Chicutso
1082,1083,32.75459351,-24.59707569,Chicutso
1083,1084,32.75459351,-24.58809254,Chicutso
1084,1085,32.75459351,-24.57910938,Chicutso
1085,1086,32.76461329,-25.06419964,NONE
1086,1087,32.76461329,-25.05521648,NONE
1087,1088,32.76461329,-25.04623333,NONE
1088,1089,32.76461329,-24.96538496,Facazissa
1089,1090,32.76461329,-24.956401800000002,Facazissa
1090,1091,32.76461329,-24.94741865,Facazissa
1091,1092,32.76461329,-24.92945234,Facazissa
1092,1093,32.76461329,-24.6330083,Chicutso
1093,1094,32.76461329,-24.62402515,Chicutso
1094,1095,32.76461329,-24.615042000000003,Chicutso
1095,1096,32.76461329,-24.60605884,Chicutso
1096,1097,32.77463308,-25.091149100000003,NONE
1097,1098,32.77463308,-25.06419964,NONE
1098,1099,32.77463308,-25.05521648,NONE
1099,1100,32.77463308,-25.04623333,NONE
1100,1101,32.77463308,-25.03725018,NONE
1101,1102,32.77463308,-25.02826703,NONE
1102,1103,32.77463308,-25.01928387,NONE
1103,1104,32.77463308,-25.01030072,NONE
1104,1105,32.77463308,-24.94741865,Facazissa
1105,1106,32.77463308,-24.9384355,Facazissa
1106,1107,32.77463308,-24.92945234,Facazissa
1107,1108,32.77463308,-24.64199145,Chicutso
1108,1109,32.77463308,-24.62402515,Chicutso
1109,1110,32.77463308,-24.615042000000003,Chicutso
1110,1111,32.78465287,-25.06419964,NONE
1111,1112,32.78465287,-25.05521648,NONE
1112,1113,32.78465287,-25.04623333,NONE
1113,1114,32.78465287,-25.03725018,NONE
1114,1115,32.78465287,-25.02826703,NONE
1115,1116,32.78465287,-25.01928387,NONE
1116,1117,32.78465287,-25.01030072,NONE
1117,1118,32.78465287,-24.96538496,Facazissa
1118,1119,32.78465287,-24.94741865,Facazissa
1119,1120,32.78465287,-24.9384355,Facazissa
1120,1121,32.78465287,-24.64199145,Chicutso
1121,1122,32.78465287,-24.6330083,Chicutso
1122,1123,32.78465287,-24.62402515,Chicutso
1123,1124,32.79467266,-25.06419964,NONE
1124,1125,32.79467266,-25.05521648,NONE
1125,1126,32.79467266,-25.04623333,NONE
1126,1127,32.79467266,-25.03725018,NONE
1127,1128,32.79467266,-24.96538496,Facazissa
1128,1129,32.79467266,-24.65995776,Chicutso
1129,1130,32.79467266,-24.64199145,Chicutso
1130,1131,32.80469244,-25.06419964,NONE
1131,1132,32.80469244,-25.04623333,NONE
1132,1133,32.80469244,-24.68690722,Motaze
1133,1134,32.80469244,-24.67792407,Motaze
1134,1135,32.80469244,-24.65995776,Motaze
1135,1136,32.80469244,-24.65097461,Chicutso
1136,1137,32.80469244,-24.64199145,NONE
1137,1138,32.81471223,-25.07318279,NONE
1138,1139,32.81471223,-25.06419964,NONE
1139,1140,32.81471223,-25.04623333,NONE
1140,1141,32.81471223,-25.02826703,NONE
1141,1142,32.81471223,-24.97436811,Facazissa
1142,1143,32.81471223,-24.77673875,Motaze
1143,1144,32.81471223,-24.76775559,Motaze
1144,1145,32.81471223,-24.74978929,Motaze
1145,1146,32.81471223,-24.68690722,Motaze
1146,1147,32.81471223,-24.67792407,Motaze
1147,1148,32.81471223,-24.66894091,Motaze
1148,1149,32.81471223,-24.65995776,Motaze
1149,1150,32.82473202,-25.07318279,NONE
1150,1151,32.82473202,-25.03725018,NONE
1151,1152,32.82473202,-25.02826703,NONE
1152,1153,32.82473202,-25.01928387,NONE
1153,1154,32.82473202,-24.97436811,Facazissa
1154,1155,32.82473202,-24.96538496,Facazissa
1155,1156,32.82473202,-24.76775559,Motaze
1156,1157,32.82473202,-24.74978929,Motaze
1157,1158,32.82473202,-24.74080613,Motaze
1158,1159,32.82473202,-24.72283983,Motaze
1159,1160,32.82473202,-24.71385668,Motaze
1160,1161,32.82473202,-24.68690722,Motaze
1161,1162,32.82473202,-24.67792407,Motaze
1162,1163,32.8347518,-25.08216594,NONE
1163,1164,32.8347518,-25.07318279,NONE
1164,1165,32.8347518,-25.06419964,NONE
1165,1166,32.8347518,-25.01928387,NONE
1166,1167,32.8347518,-25.01030072,NONE
1167,1168,32.8347518,-24.97436811,Facazissa
1168,1169,32.8347518,-24.96538496,Motaze
1169,1170,32.8347518,-24.81267136,Motaze
1170,1171,32.8347518,-24.8036882,Motaze
1171,1172,32.8347518,-24.79470505,Motaze
1172,1173,32.8347518,-24.7857219,Motaze
1173,1174,32.8347518,-24.77673875,Motaze
1174,1175,32.8347518,-24.76775559,Motaze
1175,1176,32.8347518,-24.75877244,Motaze
1176,1177,32.8347518,-24.74978929,Motaze
1177,1178,32.8347518,-24.74080613,Motaze
1178,1179,32.8347518,-24.73182298,Motaze
1179,1180,32.8347518,-24.72283983,Motaze
1180,1181,32.84477159,-25.08216594,NONE
1181,1182,32.84477159,-25.07318279,NONE
1182,1183,32.84477159,-25.06419964,NONE
1183,1184,32.84477159,-25.05521648,NONE
1184,1185,32.84477159,-25.01928387,NONE
1185,1186,32.84477159,-25.01030072,NONE
1186,1187,32.84477159,-24.97436811,Motaze
1187,1188,32.84477159,-24.96538496,Motaze
1188,1189,32.84477159,-24.83962082,Motaze
1189,1190,32.84477159,-24.8036882,Motaze
1190,1191,32.84477159,-24.79470505,Motaze
1191,1192,32.84477159,-24.7857219,Motaze
1192,1193,32.84477159,-24.77673875,Motaze
1193,1194,32.84477159,-24.76775559,Motaze
1194,1195,32.84477159,-24.75877244,Motaze
1195,1196,32.84477159,-24.74978929,Motaze
1196,1197,32.84477159,-24.74080613,Motaze
1197,1198,32.84477159,-24.73182298,Motaze
1198,1199,32.85479138,-25.091149100000003,NONE
1199,1200,32.85479138,-25.08216594,NONE
1200,1201,32.85479138,-25.06419964,NONE
1201,1202,32.85479138,-25.02826703,NONE
1202,1203,32.85479138,-25.01928387,NONE
1203,1204,32.85479138,-25.01030072,NONE
1204,1205,32.85479138,-24.97436811,Motaze
1205,1206,32.85479138,-24.96538496,Motaze
1206,1207,32.85479138,-24.84860397,Motaze
1207,1208,32.85479138,-24.83962082,Motaze
1208,1209,32.85479138,-24.81267136,Motaze
1209,1210,32.85479138,-24.8036882,Motaze
1210,1211,32.85479138,-24.79470505,Motaze
1211,1212,32.85479138,-24.7857219,Motaze
1212,1213,32.85479138,-24.77673875,Motaze
1213,1214,32.85479138,-24.76775559,Motaze
1214,1215,32.85479138,-24.75877244,Motaze
1215,1216,32.85479138,-24.74978929,Motaze
1216,1217,32.86481117,-25.10013225,NONE
1217,1218,32.86481117,-25.06419964,NONE
1218,1219,32.86481117,-25.05521648,NONE
1219,1220,32.86481117,-25.02826703,NONE
1220,1221,32.86481117,-25.01928387,NONE
1221,1222,32.86481117,-24.85758712,Motaze
1222,1223,32.86481117,-24.84860397,Motaze
1223,1224,32.86481117,-24.83962082,Motaze
1224,1225,32.86481117,-24.82165451,Motaze
1225,1226,32.86481117,-24.81267136,Motaze
1226,1227,32.86481117,-24.8036882,Motaze
1227,1228,32.87483095,-25.02826703,NONE
1228,1229,32.87483095,-25.01928387,NONE
1229,1230,32.87483095,-24.85758712,Motaze
1230,1231,32.88485074,-24.96538496,Motaze
1231,1232,32.88485074,-24.9384355,Motaze
1232,1233,32.88485074,-24.92945234,Motaze
1233,1234,32.88485074,-24.87555343,Motaze
1234,1235,32.88485074,-24.86657027,Motaze
1235,1236,32.88485074,-24.85758712,NONE
1236,1237,32.88485074,-24.83962082,Motaze
1237,1238,32.88485074,-24.83063766,Motaze
1238,1239,32.88485074,-24.81267136,Motaze
1239,1240,32.89487053,-24.96538496,Motaze
1240,1241,32.89487053,-24.956401800000002,Motaze
1241,1242,32.89487053,-24.94741865,Motaze
1242,1243,32.89487053,-24.9384355,Motaze
1243,1244,32.89487053,-24.92945234,Motaze
1244,1245,32.89487053,-24.92046919,Motaze
1245,1246,32.89487053,-24.91148604,Motaze
1246,1247,32.89487053,-24.90250289,Motaze
1247,1248,32.89487053,-24.89351973,Motaze
1248,1249,32.89487053,-24.88453658,Motaze
1249,1250,32.89487053,-24.84860397,Motaze
1250,1251,32.89487053,-24.83962082,Motaze
1251,1252,32.89487053,-24.83063766,Motaze
1252,1253,32.89487053,-24.82165451,Motaze
1253,1254,32.89487053,-24.81267136,Motaze
1254,1255,32.90489032,-24.92945234,Motaze
1255,1256,32.90489032,-24.92046919,Motaze
1256,1257,32.90489032,-24.91148604,Motaze
1257,1258,32.90489032,-24.90250289,Motaze
1258,1259,32.90489032,-24.89351973,Motaze
1259,1260,32.90489032,-24.88453658,Motaze
1260,1261,32.90489032,-24.84860397,Motaze
1261,1262,32.90489032,-24.83962082,Motaze
1262,1263,32.90489032,-24.83063766,Motaze
1263,1264,32.90489032,-24.82165451,Motaze
1264,1265,32.90489032,-24.81267136,Motaze
1265,1266,32.9149101,-24.92046919,Motaze
1266,1267,32.9149101,-24.91148604,Motaze
1267,1268,32.9149101,-24.90250289,Motaze
1268,1269,32.9149101,-24.85758712,Motaze
1269,1270,32.9149101,-24.84860397,Motaze
1270,1271,32.9149101,-24.83962082,Motaze
1271,1272,32.9149101,-24.83063766,Motaze
1272,1273,32.9149101,-24.81267136,Motaze
1273,1274,32.92492989,-24.91148604,Motaze
1274,1275,32.92492989,-24.90250289,Motaze
1275,1276,32.92492989,-24.85758712,Motaze
1276,1277,32.92492989,-24.84860397,Motaze
1277,1278,32.92492989,-24.83962082,Motaze
1278,1279,32.92492989,-24.83063766,Motaze
1279,1280,32.93494968,-24.85758712,Motaze
1280,1281,32.93494968,-24.83962082,Motaze
1281,1282,32.93494968,-24.83063766,Motaze
1282,1283,32.93494968,-24.81267136,Motaze
1283,1284,32.93494968,-24.8036882,Motaze
1284,1285,32.93494968,-24.79470505,Motaze
1285,1286,32.93494968,-24.7857219,Motaze
1286,1287,32.94496946,-24.83962082,Motaze
1287,1288,32.94496946,-24.82165451,Motaze
1288,1289,32.94496946,-24.81267136,Motaze
1289,1290,32.94496946,-24.8036882,Motaze
1290,1291,32.94496946,-24.79470505,Motaze
1291,1292,32.94496946,-24.77673875,Motaze
1292,1293,32.95498925,-24.83063766,Motaze
1293,1294,32.95498925,-24.82165451,Motaze
1294,1295,32.95498925,-24.81267136,Motaze
1295,1296,32.95498925,-24.8036882,Motaze
1296,1297,32.96500904,-24.83063766,Motaze
1297,1298,32.96500904,-24.82165451,Motaze
1298,1299,32.96500904,-24.81267136,Motaze
1299,1300,32.97502883,-24.83063766,NONE
1300,1301,32.98504861,-24.82165451,Motaze
