"grid_cell","mid_x","mid_y","pop"
2,32.0732479765928,-24.4892778553404,76
3,32.0732479765928,-24.4802947024992,67
4,32.0832677638063,-24.5072441610228,17
5,32.0832677638063,-24.4982610081816,48
6,32.0832677638063,-24.4892778553404,207
7,32.0832677638063,-24.4802947024992,162
8,32.0832677638063,-24.471311549658,178
10,32.0932875510197,-24.6060588422759,6
11,32.0932875510197,-24.5521599252287,3
12,32.0932875510197,-24.5252104667051,5
13,32.0932875510197,-24.4892778553404,67
14,32.0932875510197,-24.4802947024992,16
15,32.0932875510197,-24.471311549658,9
16,32.0932875510197,-24.4623283968168,23
17,32.0932875510197,-24.4533452439756,3
18,32.0932875510197,-24.4443620911344,33
19,32.1033073382332,-24.6240251479583,20
20,32.1033073382332,-24.6150419951171,24
21,32.1033073382332,-24.6060588422759,100
22,32.1033073382332,-24.5970756894347,47
23,32.1033073382332,-24.4892778553404,34
24,32.1033073382332,-24.4443620911344,10
25,32.1133271254466,-24.749789287735,5
26,32.1133271254466,-24.704873523529,2
27,32.1133271254466,-24.6869072178467,11
28,32.1133271254466,-24.5880925365935,25
29,32.1133271254466,-24.4892778553404,74
30,32.1133271254466,-24.4802947024992,5
31,32.1233469126601,-24.7857218990998,20
32,32.1233469126601,-24.7677555934174,85
33,32.1233469126601,-24.7587724405762,30
34,32.1233469126601,-24.7228398292114,20
35,32.1233469126601,-24.6689409121643,5
36,32.1233469126601,-24.5880925365935,6
37,32.1233469126601,-24.5162273138639,5
38,32.1233469126601,-24.4802947024992,4
39,32.1333666998735,-24.7857218990998,64
40,32.1333666998735,-24.7767387462586,1
41,32.1333666998735,-24.7677555934174,107
42,32.1333666998735,-24.7587724405762,25
43,32.1333666998735,-24.749789287735,3
44,32.1333666998735,-24.7408061348938,7
45,32.1333666998735,-24.7228398292114,1
46,32.1333666998735,-24.704873523529,9
47,32.1333666998735,-24.5791093837523,20
48,32.1333666998735,-24.4892778553404,4
49,32.143386487087,-24.8036882047822,7
50,32.143386487087,-24.794705051941,30
51,32.143386487087,-24.7857218990998,16
52,32.143386487087,-24.7587724405762,19
53,32.143386487087,-24.5791093837523,5
54,32.1534062743005,-24.8306376633058,26
55,32.1534062743005,-24.8126713576234,51
56,32.1534062743005,-24.8036882047822,5
57,32.1634260615139,-24.8306376633058,20
58,32.1634260615139,-24.7408061348938,36
59,32.1634260615139,-24.7318229820526,42
60,32.1634260615139,-24.704873523529,36
61,32.1634260615139,-24.6958903706878,11
62,32.1734458487274,-24.7318229820526,24
63,32.1834656359408,-24.8306376633058,17
64,32.1834656359408,-24.6779240650055,16
66,32.1834656359408,-24.4892778553404,13
67,32.1834656359408,-24.4802947024992,46
68,32.1934854231543,-24.8306376633058,6
69,32.1934854231543,-24.8036882047822,2
70,32.1934854231543,-24.794705051941,1
71,32.1934854231543,-24.7677555934174,7
73,32.1934854231543,-24.4892778553404,45
74,32.1934854231543,-24.4802947024992,28
75,32.1934854231543,-24.471311549658,29
76,32.1934854231543,-24.4533452439756,5
77,32.2035052103677,-24.839620816147,4
78,32.2035052103677,-24.7677555934174,5
79,32.2035052103677,-24.7408061348938,4
80,32.2035052103677,-24.4982610081816,18
81,32.2035052103677,-24.4892778553404,21
82,32.2035052103677,-24.471311549658,10
83,32.2035052103677,-24.4623283968168,91
84,32.2035052103677,-24.4533452439756,15
86,32.2135249975812,-24.8036882047822,7
87,32.2135249975812,-24.794705051941,24
88,32.2135249975812,-24.7857218990998,1
89,32.2135249975812,-24.749789287735,6
90,32.2135249975812,-24.7408061348938,27
91,32.2135249975812,-24.5341936195463,1
92,32.2135249975812,-24.4982610081816,14
93,32.2135249975812,-24.4892778553404,8
94,32.2235447847947,-24.8036882047822,13
95,32.2235447847947,-24.7677555934174,4
96,32.2235447847947,-24.5341936195463,3
97,32.2235447847947,-24.4982610081816,78
98,32.2235447847947,-24.4892778553404,8
99,32.2335645720081,-24.8575871218294,31
100,32.2335645720081,-24.794705051941,7
101,32.2335645720081,-24.5521599252287,4
102,32.2335645720081,-24.5341936195463,19
103,32.2335645720081,-24.5072441610228,5
104,32.2335645720081,-24.4982610081816,50
105,32.2435843592216,-24.8665702746706,2
106,32.2435843592216,-24.8575871218294,2
107,32.253604146435,-24.8755534275118,44
108,32.253604146435,-24.8665702746706,10
109,32.253604146435,-24.8575871218294,12
110,32.253604146435,-24.5521599252287,3
111,32.2636239336485,-24.8755534275118,11
113,32.2636239336485,-24.5521599252287,7
114,32.2636239336485,-24.5431767723875,11
115,32.2736437208619,-24.9025028860353,12
117,32.2736437208619,-24.5431767723875,7
118,32.2736437208619,-24.5341936195463,1
119,32.2736437208619,-24.5252104667051,31
120,32.2736437208619,-24.5162273138639,20
121,32.2836635080754,-25.0821659428592,12
122,32.2836635080754,-24.9025028860353,4
123,32.2836635080754,-24.8935197331941,70
124,32.2836635080754,-24.884536580353,59
125,32.2836635080754,-24.5521599252287,31
126,32.2836635080754,-24.5341936195463,73
127,32.2836635080754,-24.5252104667051,93
128,32.2836635080754,-24.5162273138639,16
129,32.2936832952889,-25.118098554224,6
130,32.2936832952889,-25.1001322485416,6
131,32.2936832952889,-25.0911490957004,8
132,32.2936832952889,-25.0821659428592,5
133,32.2936832952889,-24.8755534275118,12
134,32.2936832952889,-24.8486039689882,17
135,32.2936832952889,-24.8306376633058,12
136,32.2936832952889,-24.8216545104646,21
137,32.2936832952889,-24.8126713576234,55
138,32.2936832952889,-24.5521599252287,25
139,32.2936832952889,-24.5341936195463,17
140,32.2936832952889,-24.5252104667051,63
141,32.3037030825023,-25.1091154013828,3
142,32.3037030825023,-25.073182790018,35
143,32.3037030825023,-25.0641996371769,11
144,32.3037030825023,-24.8755534275118,3
145,32.3037030825023,-24.8665702746706,12
146,32.3037030825023,-24.8575871218294,16
147,32.3037030825023,-24.8486039689882,18
148,32.3037030825023,-24.839620816147,10
149,32.3037030825023,-24.8216545104646,7
150,32.3037030825023,-24.5611430780699,4
151,32.3037030825023,-24.5431767723875,4
152,32.3037030825023,-24.5341936195463,81
153,32.3037030825023,-24.5252104667051,2
154,32.3037030825023,-24.2916484928341,10
155,32.3137228697158,-25.1360648599064,8
156,32.3137228697158,-25.1270817070652,1
157,32.3137228697158,-25.118098554224,21
158,32.3137228697158,-25.1091154013828,22
159,32.3137228697158,-25.1001322485416,2
160,32.3137228697158,-25.0821659428592,15
161,32.3137228697158,-25.073182790018,8
162,32.3137228697158,-24.9025028860353,6
163,32.3137228697158,-24.8935197331941,45
164,32.3137228697158,-24.884536580353,41
165,32.3137228697158,-24.8755534275118,28
166,32.3137228697158,-24.8665702746706,50
167,32.3137228697158,-24.8575871218294,14
168,32.3137228697158,-24.8486039689882,11
169,32.3137228697158,-24.8216545104646,4
171,32.3137228697158,-24.2826653399929,18
172,32.3137228697158,-24.2736821871517,40
173,32.3137228697158,-24.2646990343105,60
174,32.3137228697158,-24.2557158814693,16
175,32.3237426569292,-25.1270817070652,11
176,32.3237426569292,-25.118098554224,3
178,32.3237426569292,-24.9025028860353,23
179,32.3237426569292,-24.884536580353,17
180,32.3237426569292,-24.8755534275118,42
181,32.3237426569292,-24.8665702746706,1
182,32.3237426569292,-24.5431767723875,5
183,32.3237426569292,-24.2826653399929,9
184,32.3237426569292,-24.2557158814693,3
186,32.3337624441427,-25.0103007201297,25
187,32.3337624441427,-24.8935197331941,15
188,32.3337624441427,-24.5431767723875,31
189,32.3337624441427,-24.2646990343105,39
190,32.3437822313561,-25.1091154013828,12
191,32.3437822313561,-25.0911490957004,9
193,32.3437822313561,-25.0013175672885,1
194,32.3437822313561,-24.9294523445589,13
195,32.3437822313561,-24.9025028860353,9
196,32.3437822313561,-24.8935197331941,77
197,32.3437822313561,-24.884536580353,60
198,32.3437822313561,-24.5431767723875,8
199,32.3437822313561,-24.3006316456753,16
200,32.3538020185696,-25.1540311655888,5
201,32.3538020185696,-25.1001322485416,37
202,32.3538020185696,-25.0821659428592,26
203,32.3538020185696,-25.073182790018,8
204,32.3538020185696,-25.0372501786533,1
205,32.3538020185696,-25.0013175672885,10
207,32.3538020185696,-24.9204691917177,19
208,32.3538020185696,-24.9025028860353,84
209,32.3538020185696,-24.8935197331941,186
210,32.3538020185696,-24.884536580353,9
211,32.3538020185696,-24.5521599252287,14
212,32.363821805783,-25.16301431843,1
213,32.363821805783,-25.1360648599064,6
214,32.363821805783,-25.1270817070652,6
215,32.363821805783,-25.118098554224,2
216,32.363821805783,-25.0911490957004,2
217,32.363821805783,-25.0821659428592,13
218,32.363821805783,-25.0641996371769,3
220,32.363821805783,-25.0282670258121,25
221,32.363821805783,-24.9923344144473,7
222,32.363821805783,-24.9564018030825,25
223,32.363821805783,-24.9204691917177,56
224,32.363821805783,-24.9114860388765,144
225,32.363821805783,-24.9025028860353,21
226,32.363821805783,-24.6599577593231,6
227,32.363821805783,-24.5880925365935,40
228,32.3738415929965,-25.1540311655888,5
230,32.3738415929965,-25.118098554224,10
231,32.3738415929965,-25.0911490957004,3
232,32.3738415929965,-25.0103007201297,10
233,32.3738415929965,-25.0013175672885,12
234,32.3738415929965,-24.9923344144473,14
235,32.3738415929965,-24.9474186502413,22
236,32.3738415929965,-24.9294523445589,6
237,32.3738415929965,-24.9204691917177,31
238,32.3738415929965,-24.9114860388765,17
239,32.3738415929965,-24.6509746064819,4
240,32.3738415929965,-24.6150419951171,4
241,32.3738415929965,-24.6060588422759,6
242,32.3738415929965,-24.5970756894347,24
243,32.3738415929965,-24.5880925365935,17
244,32.3738415929965,-24.5791093837523,23
245,32.3738415929965,-24.5701262309111,25
246,32.3738415929965,-24.5611430780699,7
247,32.38386138021,-25.1809806241124,1
248,32.38386138021,-25.118098554224,8
249,32.38386138021,-25.1091154013828,3
250,32.38386138021,-25.1001322485416,1
251,32.38386138021,-25.0821659428592,13
252,32.38386138021,-25.0462333314945,14
253,32.38386138021,-25.0372501786533,25
254,32.38386138021,-25.0103007201297,24
255,32.38386138021,-24.9474186502413,17
256,32.38386138021,-24.839620816147,5
257,32.38386138021,-24.5880925365935,73
258,32.38386138021,-24.5791093837523,11
259,32.38386138021,-24.5701262309111,18
260,32.38386138021,-24.5341936195463,6
261,32.3938811674234,-25.207930082636,19
262,32.3938811674234,-25.1989469297948,24
263,32.3938811674234,-25.1899637769536,11
264,32.3938811674234,-25.1719974712712,13
265,32.3938811674234,-25.1540311655888,6
266,32.3938811674234,-25.118098554224,3
267,32.3938811674234,-25.1091154013828,32
268,32.3938811674234,-25.0911490957004,13
269,32.3938811674234,-25.0372501786533,2
270,32.3938811674234,-25.0103007201297,17
271,32.3938811674234,-24.9923344144473,4
272,32.3938811674234,-24.9384354974001,7
273,32.3938811674234,-24.6419914536407,5
274,32.3938811674234,-24.5072441610228,22
275,32.3938811674234,-24.4623283968168,8
276,32.4039009546369,-25.2169132354772,1
277,32.4039009546369,-25.16301431843,9
278,32.4039009546369,-25.1270817070652,6
279,32.4039009546369,-25.118098554224,1
280,32.4039009546369,-25.1091154013828,4
281,32.4039009546369,-25.1001322485416,6
282,32.4039009546369,-25.0911490957004,8
283,32.4039009546369,-25.0282670258121,22
284,32.4039009546369,-25.0192838729709,20
285,32.4039009546369,-24.9833512616061,28
286,32.4039009546369,-24.9653849559237,1
287,32.4039009546369,-24.9564018030825,32
289,32.4039009546369,-24.471311549658,22
290,32.4139207418503,-25.2169132354772,18
291,32.4139207418503,-25.207930082636,34
292,32.4139207418503,-25.1989469297948,52
293,32.4139207418503,-25.16301431843,3
294,32.4139207418503,-25.1450480127476,9
295,32.4139207418503,-25.1091154013828,11
296,32.4139207418503,-25.1001322485416,5
297,32.4139207418503,-25.0911490957004,12
298,32.4139207418503,-25.0372501786533,1
299,32.4139207418503,-24.9833512616061,29
300,32.4139207418503,-24.9384354974001,17
301,32.4139207418503,-24.8935197331941,5
302,32.4139207418503,-24.6240251479583,2
303,32.4139207418503,-24.4802947024992,73
304,32.4139207418503,-24.471311549658,77
305,32.4139207418503,-24.4623283968168,5
306,32.4139207418503,-24.4533452439756,58
307,32.4239405290638,-25.2708121525243,6
308,32.4239405290638,-25.252845846842,8
309,32.4239405290638,-25.2438626940008,59
310,32.4239405290638,-25.2348795411596,2
311,32.4239405290638,-25.2258963883184,5
312,32.4239405290638,-25.2169132354772,54
313,32.4239405290638,-25.16301431843,11
314,32.4239405290638,-25.1450480127476,29
315,32.4239405290638,-25.1360648599064,6
316,32.4239405290638,-25.118098554224,7
317,32.4239405290638,-25.1001322485416,13
318,32.4239405290638,-25.0641996371769,7
319,32.4239405290638,-25.0552164843357,60
320,32.4239405290638,-25.0462333314945,23
321,32.4239405290638,-25.0372501786533,19
322,32.4239405290638,-25.0282670258121,48
323,32.4239405290638,-25.0192838729709,23
324,32.4239405290638,-24.9833512616061,12
325,32.4239405290638,-24.8575871218294,2
326,32.4239405290638,-24.6419914536407,6
327,32.4239405290638,-24.471311549658,23
328,32.4239405290638,-24.4623283968168,4
329,32.4239405290638,-24.2826653399929,4
330,32.4339603162773,-25.2797953053655,24
331,32.4339603162773,-25.2708121525243,28
332,32.4339603162773,-25.252845846842,37
333,32.4339603162773,-25.2438626940008,36
334,32.4339603162773,-25.1450480127476,7
335,32.4339603162773,-25.1360648599064,37
336,32.4339603162773,-25.1270817070652,65
337,32.4339603162773,-25.118098554224,13
338,32.4339603162773,-25.1091154013828,16
339,32.4339603162773,-25.1001322485416,11
340,32.4339603162773,-25.0641996371769,16
341,32.4339603162773,-25.0462333314945,16
342,32.4339603162773,-25.0372501786533,34
343,32.4339603162773,-25.0282670258121,7
344,32.4339603162773,-25.0192838729709,14
345,32.4339603162773,-25.0103007201297,2
346,32.4339603162773,-24.6958903706878,6
348,32.4339603162773,-24.6419914536407,19
349,32.4339603162773,-24.6330083007995,107
350,32.4339603162773,-24.6240251479583,189
351,32.4339603162773,-24.6150419951171,36
352,32.4339603162773,-24.471311549658,15
353,32.4339603162773,-24.4623283968168,9
354,32.4339603162773,-24.4533452439756,11
355,32.4339603162773,-24.2916484928341,23
356,32.4339603162773,-24.2826653399929,14
357,32.4439801034907,-25.2797953053655,9
358,32.4439801034907,-25.2708121525243,2
359,32.4439801034907,-25.2348795411596,14
360,32.4439801034907,-25.1270817070652,9
361,32.4439801034907,-25.1091154013828,30
362,32.4439801034907,-25.1001322485416,7
363,32.4439801034907,-25.0821659428592,18
364,32.4439801034907,-25.0641996371769,7
365,32.4439801034907,-25.0552164843357,3
366,32.4439801034907,-25.0462333314945,27
367,32.4439801034907,-24.839620816147,7
368,32.4439801034907,-24.7408061348938,27
369,32.4439801034907,-24.7318229820526,15
371,32.4439801034907,-24.6419914536407,70
372,32.4439801034907,-24.6330083007995,31
374,32.4439801034907,-24.471311549658,8
375,32.4439801034907,-24.4623283968168,4
376,32.4439801034907,-24.2916484928341,1
377,32.4539998907042,-25.2797953053655,1
378,32.4539998907042,-25.2618289996831,1
380,32.4539998907042,-25.2438626940008,59
381,32.4539998907042,-25.1360648599064,39
382,32.4539998907042,-25.1091154013828,17
383,32.4539998907042,-25.0911490957004,20
384,32.4539998907042,-25.0821659428592,25
385,32.4539998907042,-25.073182790018,37
386,32.4539998907042,-24.7767387462586,4
387,32.4539998907042,-24.7138566763702,5
388,32.4539998907042,-24.3096147985165,2
389,32.4539998907042,-24.3006316456753,6
390,32.4640196779176,-25.2797953053655,9
391,32.4640196779176,-25.2618289996831,1
392,32.4640196779176,-25.2438626940008,96
393,32.4640196779176,-25.2348795411596,27
394,32.4640196779176,-25.2258963883184,3
395,32.4640196779176,-25.2169132354772,35
396,32.4640196779176,-25.1989469297948,14
397,32.4640196779176,-25.1719974712712,1
398,32.4640196779176,-25.1540311655888,16
399,32.4640196779176,-25.1450480127476,33
400,32.4640196779176,-25.1270817070652,50
401,32.4640196779176,-25.118098554224,13
402,32.4640196779176,-25.0911490957004,17
403,32.4640196779176,-25.0821659428592,27
404,32.4640196779176,-25.073182790018,31
405,32.4640196779176,-24.7857218990998,2
408,32.4640196779176,-24.471311549658,13
409,32.4640196779176,-24.4623283968168,6
410,32.4640196779176,-24.3185979513576,52
412,32.4740394651311,-25.2887784582067,34
413,32.4740394651311,-25.2438626940008,35
414,32.4740394651311,-25.2169132354772,55
415,32.4740394651311,-25.1809806241124,7
416,32.4740394651311,-25.1719974712712,34
417,32.4740394651311,-25.1540311655888,25
418,32.4740394651311,-25.1450480127476,16
419,32.4740394651311,-25.118098554224,24
420,32.4740394651311,-25.1091154013828,2
421,32.4740394651311,-25.0911490957004,41
423,32.4740394651311,-24.8935197331941,9
424,32.4740394651311,-24.8575871218294,12
425,32.4740394651311,-24.8486039689882,15
426,32.4740394651311,-24.839620816147,8
427,32.4740394651311,-24.8306376633058,3
428,32.4740394651311,-24.7857218990998,13
429,32.4740394651311,-24.7767387462586,68
430,32.4740394651311,-24.7677555934174,48
431,32.4740394651311,-24.471311549658,29
432,32.4840592523445,-25.2887784582067,29
433,32.4840592523445,-25.2618289996831,8
434,32.4840592523445,-25.2169132354772,40
435,32.4840592523445,-25.207930082636,39
436,32.4840592523445,-25.1809806241124,146
437,32.4840592523445,-25.1719974712712,79
438,32.4840592523445,-25.16301431843,108
439,32.4840592523445,-25.1540311655888,131
440,32.4840592523445,-25.1450480127476,58
442,32.4840592523445,-25.118098554224,12
443,32.4840592523445,-25.1091154013828,15
444,32.4840592523445,-25.1001322485416,42
445,32.4840592523445,-25.0911490957004,58
446,32.4840592523445,-25.0821659428592,15
447,32.4840592523445,-25.073182790018,15
448,32.4840592523445,-24.8575871218294,10
449,32.4840592523445,-24.8036882047822,26
451,32.4840592523445,-24.7767387462586,10
452,32.4840592523445,-24.7228398292114,17
453,32.4840592523445,-24.7138566763702,13
454,32.4840592523445,-24.4623283968168,5
455,32.494079039558,-25.2708121525243,17
456,32.494079039558,-25.2618289996831,17
458,32.494079039558,-25.207930082636,75
459,32.494079039558,-25.1989469297948,72
460,32.494079039558,-25.1899637769536,43
461,32.494079039558,-25.1540311655888,7
462,32.494079039558,-25.1450480127476,29
463,32.494079039558,-25.1360648599064,11
464,32.494079039558,-25.1270817070652,96
465,32.494079039558,-25.118098554224,5
466,32.494079039558,-25.1091154013828,27
467,32.494079039558,-25.1001322485416,62
468,32.494079039558,-25.0911490957004,48
469,32.494079039558,-25.0821659428592,60
470,32.494079039558,-25.073182790018,94
471,32.494079039558,-24.9025028860353,67
472,32.494079039558,-24.8665702746706,9
473,32.494079039558,-24.8306376633058,4
474,32.494079039558,-24.8126713576234,3
475,32.494079039558,-24.8036882047822,3
476,32.494079039558,-24.749789287735,46
477,32.494079039558,-24.7408061348938,81
478,32.494079039558,-24.7318229820526,13
479,32.494079039558,-24.471311549658,12
480,32.5040988267714,-25.252845846842,19
481,32.5040988267714,-25.2438626940008,3
482,32.5040988267714,-25.2348795411596,3
483,32.5040988267714,-25.2258963883184,84
484,32.5040988267714,-25.2169132354772,16
485,32.5040988267714,-25.1270817070652,20
486,32.5040988267714,-25.118098554224,198
487,32.5040988267714,-25.1091154013828,39
488,32.5040988267714,-25.1001322485416,88
489,32.5040988267714,-25.0911490957004,5
490,32.5040988267714,-25.073182790018,7
491,32.5040988267714,-24.9025028860353,39
492,32.5040988267714,-24.884536580353,69
493,32.5040988267714,-24.8755534275118,19
494,32.5040988267714,-24.839620816147,16
495,32.5040988267714,-24.8306376633058,7
496,32.5040988267714,-24.8216545104646,74
497,32.5040988267714,-24.8126713576234,28
498,32.5040988267714,-24.7857218990998,11
499,32.5040988267714,-24.7677555934174,28
500,32.5040988267714,-24.7587724405762,10
501,32.5040988267714,-24.749789287735,18
502,32.5040988267714,-24.7408061348938,19
503,32.5040988267714,-24.7318229820526,21
504,32.5141186139849,-25.2797953053655,129
505,32.5141186139849,-25.2708121525243,49
506,32.5141186139849,-25.2618289996831,10
507,32.5141186139849,-25.2438626940008,17
508,32.5141186139849,-25.1989469297948,34
509,32.5141186139849,-25.1899637769536,9
510,32.5141186139849,-25.1719974712712,1
511,32.5141186139849,-25.118098554224,6
512,32.5141186139849,-25.1001322485416,112
513,32.5141186139849,-25.0911490957004,176
514,32.5141186139849,-25.073182790018,17
515,32.5141186139849,-24.9294523445589,55
516,32.5141186139849,-24.9204691917177,64
517,32.5141186139849,-24.9114860388765,53
518,32.5141186139849,-24.9025028860353,48
519,32.5141186139849,-24.839620816147,16
520,32.5141186139849,-24.8306376633058,25
521,32.5141186139849,-24.8216545104646,69
522,32.5141186139849,-24.8126713576234,49
523,32.5141186139849,-24.8036882047822,1
524,32.5141186139849,-24.794705051941,10
525,32.5141186139849,-24.7857218990998,27
526,32.5141186139849,-24.7767387462586,41
527,32.5141186139849,-24.7677555934174,7
528,32.5141186139849,-24.7587724405762,4
529,32.5141186139849,-24.749789287735,18
530,32.5141186139849,-24.7228398292114,21
531,32.5141186139849,-24.7138566763702,51
532,32.5141186139849,-24.704873523529,3
533,32.5241384011984,-25.2348795411596,2
534,32.5241384011984,-25.1989469297948,11
535,32.5241384011984,-25.1899637769536,12
536,32.5241384011984,-25.1719974712712,11
537,32.5241384011984,-25.16301431843,12
538,32.5241384011984,-25.1540311655888,79
539,32.5241384011984,-25.1001322485416,44
540,32.5241384011984,-25.0911490957004,224
541,32.5241384011984,-25.0821659428592,31
542,32.5241384011984,-25.073182790018,89
543,32.5241384011984,-25.0552164843357,4
544,32.5241384011984,-25.0462333314945,30
545,32.5241384011984,-24.9384354974001,31
546,32.5241384011984,-24.9294523445589,25
547,32.5241384011984,-24.9204691917177,23
549,32.5241384011984,-24.9025028860353,66
550,32.5241384011984,-24.8935197331941,52
551,32.5241384011984,-24.884536580353,259
552,32.5241384011984,-24.8755534275118,129
553,32.5241384011984,-24.8665702746706,34
554,32.5241384011984,-24.8575871218294,24
555,32.5241384011984,-24.8486039689882,8
556,32.5241384011984,-24.839620816147,18
557,32.5241384011984,-24.8306376633058,115
558,32.5241384011984,-24.8216545104646,21
559,32.5241384011984,-24.8036882047822,9
560,32.5241384011984,-24.7857218990998,11
561,32.5241384011984,-24.749789287735,10
562,32.5241384011984,-24.7408061348938,10
563,32.5241384011984,-24.7318229820526,1
564,32.5241384011984,-24.7228398292114,7
565,32.5241384011984,-24.704873523529,44
567,32.5341581884118,-25.1809806241124,64
568,32.5341581884118,-25.1719974712712,51
569,32.5341581884118,-25.16301431843,2
570,32.5341581884118,-25.1540311655888,65
571,32.5341581884118,-25.1450480127476,184
572,32.5341581884118,-25.1360648599064,124
573,32.5341581884118,-25.1270817070652,72
574,32.5341581884118,-25.1091154013828,44
575,32.5341581884118,-25.1001322485416,3
576,32.5341581884118,-25.0911490957004,23
577,32.5341581884118,-25.0821659428592,93
578,32.5341581884118,-25.073182790018,65
579,32.5341581884118,-25.0462333314945,30
580,32.5341581884118,-25.0372501786533,13
581,32.5341581884118,-25.0282670258121,9
582,32.5341581884118,-25.0103007201297,1
584,32.5341581884118,-24.9743681087649,14
585,32.5341581884118,-24.9653849559237,3
586,32.5341581884118,-24.9564018030825,23
587,32.5341581884118,-24.9474186502413,59
588,32.5341581884118,-24.9384354974001,28
589,32.5341581884118,-24.9294523445589,5
590,32.5341581884118,-24.9204691917177,41
591,32.5341581884118,-24.9114860388765,34
592,32.5341581884118,-24.9025028860353,29
593,32.5341581884118,-24.8935197331941,64
594,32.5341581884118,-24.884536580353,177
595,32.5341581884118,-24.8665702746706,7
596,32.5341581884118,-24.839620816147,5
597,32.5341581884118,-24.8306376633058,12
598,32.5341581884118,-24.8216545104646,31
599,32.5341581884118,-24.8126713576234,43
600,32.5341581884118,-24.8036882047822,59
601,32.5341581884118,-24.794705051941,40
602,32.5341581884118,-24.7857218990998,3
603,32.5441779756253,-25.1719974712712,25
604,32.5441779756253,-25.16301431843,115
605,32.5441779756253,-25.1540311655888,43
606,32.5441779756253,-25.1270817070652,36
607,32.5441779756253,-25.1001322485416,75
608,32.5441779756253,-25.0911490957004,309
609,32.5441779756253,-25.0821659428592,883
610,32.5441779756253,-25.073182790018,270
611,32.5441779756253,-25.0641996371769,8
612,32.5441779756253,-25.0552164843357,68
613,32.5441779756253,-25.0462333314945,36
614,32.5441779756253,-24.9743681087649,92
615,32.5441779756253,-24.9653849559237,32
616,32.5441779756253,-24.9564018030825,5
617,32.5441779756253,-24.9474186502413,17
618,32.5441779756253,-24.9384354974001,47
619,32.5441779756253,-24.9294523445589,137
620,32.5441779756253,-24.9204691917177,19
621,32.5441779756253,-24.9114860388765,57
622,32.5441779756253,-24.9025028860353,60
623,32.5441779756253,-24.8935197331941,48
624,32.5441779756253,-24.884536580353,10
625,32.5441779756253,-24.8755534275118,6
626,32.5441779756253,-24.8306376633058,3
627,32.5441779756253,-24.8036882047822,35
628,32.5541977628387,-25.1540311655888,27
629,32.5541977628387,-25.1450480127476,109
630,32.5541977628387,-25.1001322485416,5
631,32.5541977628387,-25.0911490957004,47
632,32.5541977628387,-25.0821659428592,2
633,32.5541977628387,-25.073182790018,4
634,32.5541977628387,-25.0552164843357,18
635,32.5541977628387,-25.0462333314945,66
636,32.5541977628387,-25.0282670258121,8
637,32.5541977628387,-24.9923344144473,5
638,32.5541977628387,-24.9833512616061,19
639,32.5541977628387,-24.9743681087649,37
640,32.5541977628387,-24.9653849559237,36
641,32.5541977628387,-24.9564018030825,40
642,32.5541977628387,-24.9474186502413,26
643,32.5541977628387,-24.9384354974001,96
644,32.5541977628387,-24.9294523445589,55
645,32.5541977628387,-24.9204691917177,25
646,32.5541977628387,-24.9114860388765,8
647,32.5541977628387,-24.884536580353,3
648,32.5541977628387,-24.8755534275118,9
649,32.5541977628387,-24.8575871218294,1
650,32.5541977628387,-24.8216545104646,4
651,32.5541977628387,-24.8036882047822,4
652,32.5642175500522,-25.1450480127476,94
653,32.5642175500522,-25.1360648599064,258
654,32.5642175500522,-25.1270817070652,138
655,32.5642175500522,-25.118098554224,164
656,32.5642175500522,-25.0911490957004,1
657,32.5642175500522,-25.0821659428592,197
658,32.5642175500522,-25.073182790018,17
659,32.5642175500522,-25.0462333314945,20
660,32.5642175500522,-25.0372501786533,8
661,32.5642175500522,-25.0282670258121,23
662,32.5642175500522,-25.0192838729709,30
663,32.5642175500522,-25.0103007201297,58
664,32.5642175500522,-25.0013175672885,117
665,32.5642175500522,-24.9923344144473,108
666,32.5642175500522,-24.9833512616061,69
667,32.5642175500522,-24.9743681087649,19
668,32.5642175500522,-24.9653849559237,59
669,32.5642175500522,-24.9564018030825,77
670,32.5642175500522,-24.9474186502413,33
671,32.5642175500522,-24.9384354974001,14
672,32.5642175500522,-24.9294523445589,39
673,32.5642175500522,-24.9204691917177,36
674,32.5642175500522,-24.8575871218294,24
675,32.5642175500522,-24.8036882047822,3
676,32.5642175500522,-24.794705051941,21
677,32.5642175500522,-24.7318229820526,3
679,32.5742373372656,-25.1360648599064,14
680,32.5742373372656,-25.1270817070652,63
681,32.5742373372656,-25.0821659428592,41
682,32.5742373372656,-25.073182790018,126
683,32.5742373372656,-25.0641996371769,6
684,32.5742373372656,-25.0462333314945,32
685,32.5742373372656,-25.0372501786533,58
686,32.5742373372656,-25.0282670258121,23
687,32.5742373372656,-25.0192838729709,15
688,32.5742373372656,-25.0103007201297,89
689,32.5742373372656,-25.0013175672885,343
690,32.5742373372656,-24.9923344144473,222
691,32.5742373372656,-24.9743681087649,60
692,32.5742373372656,-24.9653849559237,126
693,32.5742373372656,-24.9564018030825,83
694,32.5742373372656,-24.9474186502413,58
695,32.5742373372656,-24.9384354974001,37
696,32.5742373372656,-24.8575871218294,10
697,32.5742373372656,-24.7857218990998,5
699,32.5842571244791,-25.1270817070652,99
700,32.5842571244791,-25.118098554224,120
701,32.5842571244791,-25.073182790018,141
702,32.5842571244791,-25.0641996371769,23
703,32.5842571244791,-25.0372501786533,94
704,32.5842571244791,-25.0282670258121,6
705,32.5842571244791,-25.0103007201297,6
706,32.5842571244791,-25.0013175672885,12
707,32.5842571244791,-24.9923344144473,39
708,32.5842571244791,-24.9833512616061,150
709,32.5842571244791,-24.9743681087649,175
710,32.5842571244791,-24.9653849559237,66
711,32.5842571244791,-24.9474186502413,38
712,32.5842571244791,-24.9384354974001,11
713,32.5942769116926,-25.1270817070652,43
714,32.5942769116926,-25.118098554224,87
715,32.5942769116926,-25.1091154013828,25
716,32.5942769116926,-25.1001322485416,58
717,32.5942769116926,-25.0911490957004,17
718,32.5942769116926,-25.0821659428592,154
719,32.5942769116926,-25.073182790018,46
720,32.5942769116926,-25.0641996371769,221
721,32.5942769116926,-25.0462333314945,83
722,32.5942769116926,-25.0372501786533,83
723,32.5942769116926,-25.0013175672885,35
724,32.5942769116926,-24.9923344144473,112
725,32.5942769116926,-24.9833512616061,93
726,32.604296698906,-25.118098554224,59
727,32.604296698906,-25.1091154013828,195
728,32.604296698906,-25.1001322485416,178
729,32.604296698906,-25.0911490957004,31
730,32.604296698906,-25.0821659428592,33
731,32.604296698906,-25.073182790018,167
732,32.604296698906,-25.0641996371769,27
733,32.604296698906,-25.0552164843357,83
734,32.604296698906,-25.0462333314945,13
735,32.604296698906,-25.0372501786533,18
736,32.604296698906,-25.0282670258121,82
737,32.604296698906,-25.0192838729709,99
738,32.604296698906,-25.0103007201297,99
739,32.604296698906,-25.0013175672885,133
740,32.604296698906,-24.9923344144473,73
741,32.604296698906,-24.9833512616061,13
743,32.604296698906,-24.9204691917177,6
744,32.604296698906,-24.839620816147,17
745,32.604296698906,-24.8306376633058,34
746,32.6143164861195,-25.118098554224,3
747,32.6143164861195,-25.1091154013828,191
748,32.6143164861195,-25.1001322485416,332
749,32.6143164861195,-25.0911490957004,71
750,32.6143164861195,-25.0641996371769,7
751,32.6143164861195,-25.0462333314945,102
752,32.6143164861195,-25.0372501786533,232
753,32.6143164861195,-25.0282670258121,141
754,32.6143164861195,-25.0192838729709,215
755,32.6143164861195,-25.0103007201297,105
756,32.6143164861195,-25.0013175672885,157
757,32.6143164861195,-24.9923344144473,62
758,32.6143164861195,-24.9833512616061,10
759,32.6143164861195,-24.9564018030825,16
760,32.6143164861195,-24.8306376633058,7
761,32.6143164861195,-24.8216545104646,32
762,32.6243362733329,-25.1091154013828,8
763,32.6243362733329,-25.1001322485416,103
764,32.6243362733329,-25.0911490957004,118
765,32.6243362733329,-25.0821659428592,30
766,32.6243362733329,-25.073182790018,73
767,32.6243362733329,-25.0552164843357,589
768,32.6243362733329,-25.0462333314945,33
769,32.6243362733329,-25.0372501786533,286
770,32.6243362733329,-25.0282670258121,981
771,32.6243362733329,-25.0192838729709,1366
772,32.6243362733329,-25.0103007201297,219
773,32.6243362733329,-24.9653849559237,2
774,32.6243362733329,-24.9564018030825,12
775,32.6243362733329,-24.9204691917177,5
776,32.6243362733329,-24.8935197331941,20
777,32.6243362733329,-24.839620816147,66
778,32.6243362733329,-24.8306376633058,8
779,32.6243362733329,-24.8216545104646,14
780,32.6243362733329,-24.8126713576234,3
781,32.6243362733329,-24.7857218990998,17
782,32.6243362733329,-24.7587724405762,12
783,32.6343560605464,-25.1001322485416,11
784,32.6343560605464,-25.0911490957004,160
785,32.6343560605464,-25.0821659428592,57
786,32.6343560605464,-25.073182790018,147
787,32.6343560605464,-25.0552164843357,91
788,32.6343560605464,-25.0462333314945,186
789,32.6343560605464,-25.0372501786533,367
790,32.6343560605464,-25.0282670258121,4178
791,32.6343560605464,-25.0192838729709,2107
792,32.6343560605464,-25.0103007201297,869
793,32.6343560605464,-25.0013175672885,142
794,32.6343560605464,-24.9923344144473,13
795,32.6343560605464,-24.9833512616061,13
796,32.6343560605464,-24.9743681087649,3
797,32.6343560605464,-24.9653849559237,1
798,32.6343560605464,-24.9564018030825,3
799,32.6343560605464,-24.9474186502413,28
800,32.6343560605464,-24.8755534275118,7
801,32.6343560605464,-24.8575871218294,32
802,32.6343560605464,-24.839620816147,13
803,32.6343560605464,-24.8306376633058,7
804,32.6343560605464,-24.8216545104646,28
805,32.6343560605464,-24.7587724405762,53
806,32.6343560605464,-24.749789287735,1
807,32.6343560605464,-24.7408061348938,8
808,32.6343560605464,-24.7318229820526,44
809,32.6443758477598,-25.1989469297948,28
810,32.6443758477598,-25.0911490957004,13
811,32.6443758477598,-25.073182790018,13
812,32.6443758477598,-25.0641996371769,4
813,32.6443758477598,-25.0552164843357,38
814,32.6443758477598,-25.0462333314945,424
815,32.6443758477598,-25.0372501786533,224
816,32.6443758477598,-25.0282670258121,3535
817,32.6443758477598,-25.0192838729709,3168
818,32.6443758477598,-25.0103007201297,1097
819,32.6443758477598,-25.0013175672885,219
820,32.6443758477598,-24.9923344144473,101
821,32.6443758477598,-24.9833512616061,12
822,32.6443758477598,-24.9743681087649,4
823,32.6443758477598,-24.9653849559237,20
824,32.6443758477598,-24.9564018030825,39
825,32.6443758477598,-24.9474186502413,4
826,32.6443758477598,-24.9204691917177,19
827,32.6443758477598,-24.9114860388765,5
828,32.6443758477598,-24.884536580353,4
829,32.6443758477598,-24.8575871218294,3
831,32.6443758477598,-24.7677555934174,6
832,32.6443758477598,-24.7587724405762,33
833,32.6443758477598,-24.7408061348938,169
834,32.6443758477598,-24.7318229820526,27
836,32.6543956349733,-25.1989469297948,8
837,32.6543956349733,-25.1899637769536,9
838,32.6543956349733,-25.1809806241124,10
839,32.6543956349733,-25.1719974712712,14
840,32.6543956349733,-25.16301431843,87
841,32.6543956349733,-25.1540311655888,42
843,32.6543956349733,-25.1091154013828,36
844,32.6543956349733,-25.1001322485416,49
845,32.6543956349733,-25.0911490957004,47
846,32.6543956349733,-25.0821659428592,7
847,32.6543956349733,-25.073182790018,124
848,32.6543956349733,-25.0641996371769,65
849,32.6543956349733,-25.0552164843357,123
850,32.6543956349733,-25.0462333314945,960
851,32.6543956349733,-25.0372501786533,359
852,32.6543956349733,-25.0282670258121,2410
853,32.6543956349733,-25.0192838729709,3357
854,32.6543956349733,-25.0103007201297,1445
855,32.6543956349733,-25.0013175672885,663
856,32.6543956349733,-24.9923344144473,164
857,32.6543956349733,-24.9833512616061,35
858,32.6543956349733,-24.9743681087649,71
859,32.6543956349733,-24.9653849559237,59
860,32.6543956349733,-24.9564018030825,10
861,32.6543956349733,-24.9474186502413,9
862,32.6543956349733,-24.9294523445589,1
863,32.6543956349733,-24.9204691917177,19
864,32.6543956349733,-24.884536580353,5
865,32.6543956349733,-24.8755534275118,6
866,32.6543956349733,-24.8665702746706,29
867,32.6543956349733,-24.8486039689882,4
868,32.6543956349733,-24.839620816147,24
869,32.6543956349733,-24.8306376633058,13
870,32.6543956349733,-24.8216545104646,25
871,32.6543956349733,-24.8126713576234,4
872,32.6543956349733,-24.8036882047822,4
873,32.6543956349733,-24.7767387462586,1
874,32.6543956349733,-24.749789287735,17
875,32.6543956349733,-24.7408061348938,3
876,32.6543956349733,-24.5880925365935,21
877,32.6543956349733,-24.5791093837523,77
878,32.6543956349733,-24.5701262309111,39
879,32.6543956349733,-24.5611430780699,60
880,32.6644154221868,-25.1989469297948,15
881,32.6644154221868,-25.1809806241124,6
882,32.6644154221868,-25.1719974712712,9
883,32.6644154221868,-25.16301431843,4
884,32.6644154221868,-25.1270817070652,26
885,32.6644154221868,-25.118098554224,45
886,32.6644154221868,-25.1091154013828,174
887,32.6644154221868,-25.1001322485416,260
888,32.6644154221868,-25.0911490957004,149
889,32.6644154221868,-25.0821659428592,148
890,32.6644154221868,-25.073182790018,295
891,32.6644154221868,-25.0641996371769,105
892,32.6644154221868,-25.0462333314945,1188
893,32.6644154221868,-25.0372501786533,902
894,32.6644154221868,-25.0282670258121,25
895,32.6644154221868,-25.0192838729709,10
896,32.6644154221868,-25.0103007201297,45
897,32.6644154221868,-25.0013175672885,25
898,32.6644154221868,-24.9923344144473,116
899,32.6644154221868,-24.9833512616061,36
900,32.6644154221868,-24.9743681087649,79
901,32.6644154221868,-24.9653849559237,37
902,32.6644154221868,-24.9564018030825,24
903,32.6644154221868,-24.9474186502413,14
904,32.6644154221868,-24.9294523445589,12
905,32.6644154221868,-24.9204691917177,42
906,32.6644154221868,-24.9114860388765,40
907,32.6644154221868,-24.9025028860353,22
908,32.6644154221868,-24.8935197331941,6
909,32.6644154221868,-24.884536580353,19
910,32.6644154221868,-24.8755534275118,57
911,32.6644154221868,-24.8486039689882,57
912,32.6644154221868,-24.839620816147,7
913,32.6644154221868,-24.8306376633058,1
914,32.6644154221868,-24.8216545104646,8
915,32.6644154221868,-24.7677555934174,6
916,32.6644154221868,-24.7587724405762,4
917,32.6644154221868,-24.749789287735,79
919,32.6644154221868,-24.5791093837523,19
920,32.6644154221868,-24.5701262309111,142
921,32.6644154221868,-24.5611430780699,110
922,32.6644154221868,-24.4892778553404,6
923,32.6744352094002,-25.1989469297948,8
924,32.6744352094002,-25.1899637769536,14
925,32.6744352094002,-25.1540311655888,8
926,32.6744352094002,-25.1450480127476,9
927,32.6744352094002,-25.1091154013828,25
928,32.6744352094002,-25.1001322485416,8
929,32.6744352094002,-25.0911490957004,89
930,32.6744352094002,-25.0821659428592,121
931,32.6744352094002,-25.073182790018,56
932,32.6744352094002,-25.0372501786533,968
933,32.6744352094002,-25.0282670258121,157
934,32.6744352094002,-25.0103007201297,5
935,32.6744352094002,-25.0013175672885,50
936,32.6744352094002,-24.9923344144473,102
937,32.6744352094002,-24.9833512616061,157
938,32.6744352094002,-24.9743681087649,78
939,32.6744352094002,-24.9653849559237,60
940,32.6744352094002,-24.9474186502413,28
941,32.6744352094002,-24.9294523445589,6
942,32.6744352094002,-24.9204691917177,35
943,32.6744352094002,-24.9114860388765,28
944,32.6744352094002,-24.9025028860353,37
945,32.6744352094002,-24.8935197331941,9
946,32.6744352094002,-24.884536580353,4
947,32.6744352094002,-24.8755534275118,22
948,32.6744352094002,-24.8665702746706,8
949,32.6744352094002,-24.8575871218294,41
950,32.6744352094002,-24.8486039689882,6
951,32.6744352094002,-24.839620816147,64
952,32.6744352094002,-24.8306376633058,46
953,32.6744352094002,-24.7677555934174,5
954,32.6744352094002,-24.7587724405762,5
955,32.6744352094002,-24.749789287735,3
956,32.6844549966137,-25.1899637769536,7
957,32.6844549966137,-25.1719974712712,6
958,32.6844549966137,-25.16301431843,6
959,32.6844549966137,-25.0911490957004,65
960,32.6844549966137,-25.0821659428592,71
961,32.6844549966137,-25.073182790018,11
962,32.6844549966137,-25.0462333314945,86
963,32.6844549966137,-25.0372501786533,206
964,32.6844549966137,-25.0282670258121,138
965,32.6844549966137,-25.0192838729709,7
966,32.6844549966137,-25.0103007201297,466
967,32.6844549966137,-25.0013175672885,343
968,32.6844549966137,-24.9923344144473,89
969,32.6844549966137,-24.9833512616061,29
970,32.6844549966137,-24.9653849559237,5
971,32.6844549966137,-24.9564018030825,8
972,32.6844549966137,-24.9474186502413,8
973,32.6844549966137,-24.9294523445589,74
974,32.6844549966137,-24.9204691917177,31
975,32.6844549966137,-24.9114860388765,6
976,32.6844549966137,-24.9025028860353,27
977,32.6844549966137,-24.8935197331941,38
978,32.6844549966137,-24.884536580353,44
979,32.6844549966137,-24.8755534275118,62
980,32.6844549966137,-24.8665702746706,39
981,32.6944747838271,-25.0911490957004,20
982,32.6944747838271,-25.0821659428592,160
983,32.6944747838271,-25.073182790018,58
984,32.6944747838271,-25.0641996371769,12
985,32.6944747838271,-25.0462333314945,2
986,32.6944747838271,-25.0372501786533,170
987,32.6944747838271,-25.0282670258121,470
988,32.6944747838271,-25.0192838729709,58
989,32.6944747838271,-25.0103007201297,285
990,32.6944747838271,-25.0013175672885,181
992,32.6944747838271,-24.9294523445589,20
993,32.6944747838271,-24.9204691917177,48
994,32.6944747838271,-24.9114860388765,62
995,32.6944747838271,-24.9025028860353,12
996,32.6944747838271,-24.5791093837523,5
997,32.6944747838271,-24.5701262309111,43
998,32.6944747838271,-24.5252104667051,76
999,32.6944747838271,-24.5162273138639,503
1000,32.6944747838271,-24.5072441610228,33
1001,32.7044945710406,-25.1719974712712,2
1002,32.7044945710406,-25.0821659428592,22
1003,32.7044945710406,-25.073182790018,58
1004,32.7044945710406,-25.0641996371769,37
1005,32.7044945710406,-25.0552164843357,108
1006,32.7044945710406,-25.0462333314945,201
1008,32.7044945710406,-25.0282670258121,182
1009,32.7044945710406,-25.0192838729709,12
1010,32.7044945710406,-25.0103007201297,24
1011,32.7044945710406,-25.0013175672885,202
1012,32.7044945710406,-24.9474186502413,25
1013,32.7044945710406,-24.9294523445589,9
1014,32.7044945710406,-24.9025028860353,2
1015,32.7044945710406,-24.8935197331941,19
1016,32.7044945710406,-24.5791093837523,29
1017,32.7044945710406,-24.5701262309111,15
1018,32.7044945710406,-24.5252104667051,61
1019,32.7044945710406,-24.5162273138639,242
1020,32.714514358254,-25.073182790018,170
1021,32.714514358254,-25.0641996371769,21
1022,32.714514358254,-25.0552164843357,55
1023,32.714514358254,-25.0462333314945,166
1026,32.714514358254,-25.0103007201297,377
1027,32.714514358254,-25.0013175672885,522
1028,32.714514358254,-24.9384354974001,22
1029,32.714514358254,-24.9294523445589,43
1030,32.714514358254,-24.884536580353,8
1031,32.714514358254,-24.5791093837523,21
1032,32.714514358254,-24.5701262309111,16
1033,32.714514358254,-24.5611430780699,3
1035,32.7245341454675,-25.1540311655888,8
1036,32.7245341454675,-25.0821659428592,60
1037,32.7245341454675,-25.073182790018,489
1038,32.7245341454675,-25.0641996371769,57
1039,32.7245341454675,-25.0552164843357,134
1040,32.7245341454675,-25.0462333314945,9
1041,32.7245341454675,-25.0372501786533,9
1043,32.7245341454675,-25.0103007201297,117
1044,32.7245341454675,-25.0013175672885,28
1045,32.7245341454675,-24.9474186502413,3
1046,32.7245341454675,-24.9384354974001,25
1047,32.7245341454675,-24.9294523445589,13
1048,32.7245341454675,-24.9204691917177,5
1049,32.7245341454675,-24.8036882047822,4
1050,32.7245341454675,-24.5701262309111,8
1051,32.7245341454675,-24.5611430780699,82
1053,32.734553932681,-25.1450480127476,11
1054,32.734553932681,-25.0821659428592,233
1055,32.734553932681,-25.073182790018,315
1059,32.734553932681,-25.0103007201297,30
1060,32.734553932681,-25.0013175672885,96
1061,32.734553932681,-24.5791093837523,11
1062,32.734553932681,-24.5611430780699,32
1063,32.734553932681,-24.5521599252287,9
1064,32.7445737198944,-25.0821659428592,54
1067,32.7445737198944,-25.0013175672885,30
1068,32.7445737198944,-24.9653849559237,2
1069,32.7445737198944,-24.9564018030825,1
1070,32.7445737198944,-24.5880925365935,19
1071,32.7445737198944,-24.5791093837523,68
1072,32.7445737198944,-24.5701262309111,44
1079,32.7545935071079,-24.9653849559237,25
1080,32.7545935071079,-24.9564018030825,4
1081,32.7545935071079,-24.9474186502413,14
1082,32.7545935071079,-24.6060588422759,7
1083,32.7545935071079,-24.5970756894347,40
1084,32.7545935071079,-24.5880925365935,92
1085,32.7545935071079,-24.5791093837523,25
1089,32.7646132943213,-24.9653849559237,97
1090,32.7646132943213,-24.9564018030825,126
1091,32.7646132943213,-24.9474186502413,143
1092,32.7646132943213,-24.9294523445589,2
1093,32.7646132943213,-24.6330083007995,4
1094,32.7646132943213,-24.6240251479583,24
1095,32.7646132943213,-24.6150419951171,74
1096,32.7646132943213,-24.6060588422759,154
1105,32.7746330815348,-24.9474186502413,15
1106,32.7746330815348,-24.9384354974001,193
1107,32.7746330815348,-24.9294523445589,15
1108,32.7746330815348,-24.6419914536407,9
1109,32.7746330815348,-24.6240251479583,39
1110,32.7746330815348,-24.6150419951171,37
1118,32.7846528687482,-24.9653849559237,1
1119,32.7846528687482,-24.9474186502413,37
1120,32.7846528687482,-24.9384354974001,59
1121,32.7846528687482,-24.6419914536407,84
1122,32.7846528687482,-24.6330083007995,69
1123,32.7846528687482,-24.6240251479583,13
1128,32.7946726559617,-24.9653849559237,3
1129,32.7946726559617,-24.6599577593231,10
1130,32.7946726559617,-24.6419914536407,17
1133,32.8046924431752,-24.6869072178467,15
1134,32.8046924431752,-24.6779240650055,17
1135,32.8046924431752,-24.6599577593231,6
1136,32.8046924431752,-24.6509746064819,47
1142,32.8147122303886,-24.9743681087649,20
1143,32.8147122303886,-24.7767387462586,21
1144,32.8147122303886,-24.7677555934174,15
1145,32.8147122303886,-24.749789287735,61
1146,32.8147122303886,-24.6869072178467,6
1147,32.8147122303886,-24.6779240650055,1
1148,32.8147122303886,-24.6689409121643,31
1149,32.8147122303886,-24.6599577593231,13
1154,32.8247320176021,-24.9743681087649,87
1155,32.8247320176021,-24.9653849559237,8
1156,32.8247320176021,-24.7677555934174,7
1157,32.8247320176021,-24.749789287735,35
1158,32.8247320176021,-24.7408061348938,8
1159,32.8247320176021,-24.7228398292114,16
1160,32.8247320176021,-24.7138566763702,28
1161,32.8247320176021,-24.6869072178467,11
1162,32.8247320176021,-24.6779240650055,25
1168,32.8347518048155,-24.9743681087649,50
1169,32.8347518048155,-24.9653849559237,14
1170,32.8347518048155,-24.8126713576234,23
1171,32.8347518048155,-24.8036882047822,13
1172,32.8347518048155,-24.794705051941,10
1173,32.8347518048155,-24.7857218990998,14
1174,32.8347518048155,-24.7767387462586,12
1175,32.8347518048155,-24.7677555934174,25
1176,32.8347518048155,-24.7587724405762,7
1177,32.8347518048155,-24.749789287735,20
1178,32.8347518048155,-24.7408061348938,16
1179,32.8347518048155,-24.7318229820526,142
1180,32.8347518048155,-24.7228398292114,24
1187,32.844771592029,-24.9743681087649,50
1188,32.844771592029,-24.9653849559237,54
1189,32.844771592029,-24.839620816147,32
1190,32.844771592029,-24.8036882047822,395
1191,32.844771592029,-24.794705051941,197
1192,32.844771592029,-24.7857218990998,118
1193,32.844771592029,-24.7767387462586,60
1194,32.844771592029,-24.7677555934174,30
1195,32.844771592029,-24.7587724405762,30
1196,32.844771592029,-24.749789287735,60
1197,32.844771592029,-24.7408061348938,93
1198,32.844771592029,-24.7318229820526,10
1205,32.8547913792424,-24.9743681087649,19
1206,32.8547913792424,-24.9653849559237,186
1207,32.8547913792424,-24.8486039689882,42
1208,32.8547913792424,-24.839620816147,66
1209,32.8547913792424,-24.8126713576234,439
1210,32.8547913792424,-24.8036882047822,758
1211,32.8547913792424,-24.794705051941,766
1212,32.8547913792424,-24.7857218990998,283
1213,32.8547913792424,-24.7767387462586,38
1214,32.8547913792424,-24.7677555934174,14
1215,32.8547913792424,-24.7587724405762,3
1216,32.8547913792424,-24.749789287735,4
1222,32.8648111664559,-24.8575871218294,64
1223,32.8648111664559,-24.8486039689882,64
1224,32.8648111664559,-24.839620816147,73
1225,32.8648111664559,-24.8216545104646,5
1226,32.8648111664559,-24.8126713576234,531
1227,32.8648111664559,-24.8036882047822,329
1230,32.8748309536694,-24.8575871218294,27
1231,32.8848507408828,-24.9653849559237,6
1232,32.8848507408828,-24.9384354974001,23
1233,32.8848507408828,-24.9294523445589,1
1234,32.8848507408828,-24.8755534275118,12
1235,32.8848507408828,-24.8665702746706,5
1237,32.8848507408828,-24.839620816147,57
1238,32.8848507408828,-24.8306376633058,42
1239,32.8848507408828,-24.8126713576234,83
1240,32.8948705280963,-24.9653849559237,9
1241,32.8948705280963,-24.9564018030825,8
1242,32.8948705280963,-24.9474186502413,28
1243,32.8948705280963,-24.9384354974001,80
1244,32.8948705280963,-24.9294523445589,118
1245,32.8948705280963,-24.9204691917177,14
1246,32.8948705280963,-24.9114860388765,7
1247,32.8948705280963,-24.9025028860353,12
1248,32.8948705280963,-24.8935197331941,26
1249,32.8948705280963,-24.884536580353,72
1250,32.8948705280963,-24.8486039689882,30
1251,32.8948705280963,-24.839620816147,71
1252,32.8948705280963,-24.8306376633058,70
1253,32.8948705280963,-24.8216545104646,450
1254,32.8948705280963,-24.8126713576234,160
1255,32.9048903153097,-24.9294523445589,50
1256,32.9048903153097,-24.9204691917177,17
1257,32.9048903153097,-24.9114860388765,105
1258,32.9048903153097,-24.9025028860353,70
1259,32.9048903153097,-24.8935197331941,62
1260,32.9048903153097,-24.884536580353,8
1261,32.9048903153097,-24.8486039689882,105
1262,32.9048903153097,-24.839620816147,78
1263,32.9048903153097,-24.8306376633058,41
1264,32.9048903153097,-24.8216545104646,42
1265,32.9048903153097,-24.8126713576234,11
1266,32.9149101025232,-24.9204691917177,48
1267,32.9149101025232,-24.9114860388765,28
1268,32.9149101025232,-24.9025028860353,35
1269,32.9149101025232,-24.8575871218294,121
1270,32.9149101025232,-24.8486039689882,211
1271,32.9149101025232,-24.839620816147,133
1272,32.9149101025232,-24.8306376633058,18
1273,32.9149101025232,-24.8126713576234,12
1274,32.9249298897366,-24.9114860388765,22
1275,32.9249298897366,-24.9025028860353,8
1276,32.9249298897366,-24.8575871218294,86
1277,32.9249298897366,-24.8486039689882,154
1278,32.9249298897366,-24.839620816147,72
1279,32.9249298897366,-24.8306376633058,29
1280,32.9349496769501,-24.8575871218294,25
1281,32.9349496769501,-24.839620816147,31
1282,32.9349496769501,-24.8306376633058,26
1283,32.9349496769501,-24.8126713576234,1
1284,32.9349496769501,-24.8036882047822,7
1285,32.9349496769501,-24.794705051941,12
1286,32.9349496769501,-24.7857218990998,2
1287,32.9449694641636,-24.839620816147,5
1288,32.9449694641636,-24.8216545104646,54
1289,32.9449694641636,-24.8126713576234,11
1290,32.9449694641636,-24.8036882047822,55
1291,32.9449694641636,-24.794705051941,2
1292,32.9449694641636,-24.7767387462586,2
1293,32.954989251377,-24.8306376633058,15
1294,32.954989251377,-24.8216545104646,32
1295,32.954989251377,-24.8126713576234,68
1296,32.954989251377,-24.8036882047822,19
1297,32.9650090385905,-24.8306376633058,48
1298,32.9650090385905,-24.8216545104646,56
1299,32.9650090385905,-24.8126713576234,15
1301,32.9850486130174,-24.8216545104646,24
