grid_cell,mid_x,mid_y,catchment
1,32.03316883,-24.72283983,Caputine
2,32.07324798,-24.48927786,Mapulanguene
3,32.07324798,-24.4802947,Mapulanguene
4,32.08326776,-24.50724416,Mapulanguene
5,32.08326776,-24.49826101,Mapulanguene
6,32.08326776,-24.48927786,Mapulanguene
7,32.08326776,-24.4802947,Mapulanguene
8,32.08326776,-24.47131155,Mapulanguene
9,32.08326776,-24.4623284,Mapulanguene
10,32.09328755,-24.60605884,Mapulanguene
11,32.09328755,-24.55215993,Mapulanguene
12,32.09328755,-24.52521047,Mapulanguene
13,32.09328755,-24.48927786,Mapulanguene
14,32.09328755,-24.4802947,Mapulanguene
15,32.09328755,-24.47131155,Mapulanguene
16,32.09328755,-24.4623284,Mapulanguene
17,32.09328755,-24.45334524,Mapulanguene
18,32.09328755,-24.44436209,Mapulanguene
19,32.10330734,-24.62402515,Mapulanguene
20,32.10330734,-24.615042,Mapulanguene
21,32.10330734,-24.60605884,Mapulanguene
22,32.10330734,-24.59707569,Mapulanguene
23,32.10330734,-24.48927786,Mapulanguene
24,32.10330734,-24.44436209,Mapulanguene
25,32.11332713,-24.74978929,Caputine
26,32.11332713,-24.70487352,Caputine
27,32.11332713,-24.68690722,Caputine
28,32.11332713,-24.58809254,Mapulanguene
29,32.11332713,-24.48927786,Mapulanguene
30,32.11332713,-24.4802947,Mapulanguene
31,32.12334691,-24.7857219,Caputine
32,32.12334691,-24.76775559,Caputine
33,32.12334691,-24.75877244,Caputine
34,32.12334691,-24.72283983,Caputine
35,32.12334691,-24.66894091,Caputine
36,32.12334691,-24.58809254,Mapulanguene
37,32.12334691,-24.51622731,Mapulanguene
38,32.12334691,-24.4802947,Mapulanguene
39,32.1333667,-24.7857219,Caputine
40,32.1333667,-24.77673875,Caputine
41,32.1333667,-24.76775559,Caputine
42,32.1333667,-24.75877244,Caputine
43,32.1333667,-24.74978929,Caputine
44,32.1333667,-24.74080613,Caputine
45,32.1333667,-24.72283983,Caputine
46,32.1333667,-24.70487352,Caputine
47,32.1333667,-24.57910938,Mapulanguene
48,32.1333667,-24.48927786,Mapulanguene
49,32.14338649,-24.8036882,Caputine
50,32.14338649,-24.79470505,Caputine
51,32.14338649,-24.7857219,Caputine
52,32.14338649,-24.75877244,Caputine
53,32.14338649,-24.57910938,Mapulanguene
54,32.15340627,-24.83063766,Caputine
55,32.15340627,-24.81267136,Caputine
56,32.15340627,-24.8036882,Caputine
57,32.16342606,-24.83063766,Caputine
58,32.16342606,-24.74080613,Caputine
59,32.16342606,-24.73182298,Caputine
60,32.16342606,-24.70487352,Caputine
61,32.16342606,-24.69589037,Caputine
62,32.17344585,-24.73182298,Caputine
63,32.18346564,-24.83063766,Caputine
64,32.18346564,-24.67792407,Caputine
65,32.18346564,-24.66894091,Caputine
66,32.18346564,-24.48927786,Mapulanguene
67,32.18346564,-24.4802947,Mapulanguene
68,32.19348542,-24.83063766,Caputine
69,32.19348542,-24.8036882,Caputine
70,32.19348542,-24.79470505,Caputine
71,32.19348542,-24.76775559,Caputine
72,32.19348542,-24.74978929,Caputine
73,32.19348542,-24.48927786,Mapulanguene
74,32.19348542,-24.4802947,Mapulanguene
75,32.19348542,-24.47131155,Mapulanguene
76,32.19348542,-24.45334524,Mapulanguene
77,32.20350521,-24.83962082,Caputine
78,32.20350521,-24.76775559,Caputine
79,32.20350521,-24.74080613,Caputine
80,32.20350521,-24.49826101,Mapulanguene
81,32.20350521,-24.48927786,Mapulanguene
82,32.20350521,-24.47131155,Mapulanguene
83,32.20350521,-24.4623284,Mapulanguene
84,32.20350521,-24.45334524,Mapulanguene
85,32.20350521,-24.44436209,Mapulanguene
86,32.213525,-24.8036882,Caputine
87,32.213525,-24.79470505,Caputine
88,32.213525,-24.7857219,Caputine
89,32.213525,-24.74978929,Caputine
90,32.213525,-24.74080613,Caputine
91,32.213525,-24.53419362,Mapulanguene
92,32.213525,-24.49826101,Mapulanguene
93,32.213525,-24.48927786,Mapulanguene
94,32.22354478,-24.8036882,Caputine
95,32.22354478,-24.76775559,Caputine
96,32.22354478,-24.53419362,Mapulanguene
97,32.22354478,-24.49826101,Mapulanguene
98,32.22354478,-24.48927786,Mapulanguene
99,32.23356457,-24.85758712,Panjane
100,32.23356457,-24.79470505,Caputine
101,32.23356457,-24.55215993,Mapulanguene
102,32.23356457,-24.53419362,Mapulanguene
103,32.23356457,-24.50724416,Mapulanguene
104,32.23356457,-24.49826101,Mapulanguene
105,32.24358436,-24.86657027,Panjane
106,32.24358436,-24.85758712,Panjane
107,32.25360415,-24.87555343,Panjane
108,32.25360415,-24.86657027,Panjane
109,32.25360415,-24.85758712,Panjane
110,32.25360415,-24.55215993,Mapulanguene
111,32.26362393,-24.87555343,Panjane
112,32.26362393,-24.8036882,Panjane
113,32.26362393,-24.55215993,Mapulanguene
114,32.26362393,-24.54317677,Mapulanguene
115,32.27364372,-24.90250289,Panjane
116,32.27364372,-24.82165451,Panjane
117,32.27364372,-24.54317677,Mapulanguene
118,32.27364372,-24.53419362,Mapulanguene
119,32.27364372,-24.52521047,Mapulanguene
120,32.27364372,-24.51622731,Mapulanguene
121,32.28366351,-25.08216594,Panjane
122,32.28366351,-24.90250289,Panjane
123,32.28366351,-24.89351973,Panjane
124,32.28366351,-24.88453658,Panjane
125,32.28366351,-24.55215993,Mapulanguene
126,32.28366351,-24.53419362,Mapulanguene
127,32.28366351,-24.52521047,Mapulanguene
128,32.28366351,-24.51622731,Mapulanguene
129,32.2936833,-25.11809855,Panjane
130,32.2936833,-25.10013225,Panjane
131,32.2936833,-25.0911491,Panjane
132,32.2936833,-25.08216594,Panjane
133,32.2936833,-24.87555343,Panjane
134,32.2936833,-24.84860397,Panjane
135,32.2936833,-24.83063766,Panjane
136,32.2936833,-24.82165451,Panjane
137,32.2936833,-24.81267136,Panjane
138,32.2936833,-24.55215993,Mapulanguene
139,32.2936833,-24.53419362,Mapulanguene
140,32.2936833,-24.52521047,Mapulanguene
141,32.30370308,-25.1091154,Panjane
142,32.30370308,-25.07318279,Panjane
143,32.30370308,-25.06419964,Panjane
144,32.30370308,-24.87555343,Panjane
145,32.30370308,-24.86657027,Panjane
146,32.30370308,-24.85758712,Panjane
147,32.30370308,-24.84860397,Panjane
148,32.30370308,-24.83962082,Panjane
149,32.30370308,-24.82165451,Panjane
150,32.30370308,-24.56114308,Mahel
151,32.30370308,-24.54317677,Mahel
152,32.30370308,-24.53419362,Mapulanguene
153,32.30370308,-24.52521047,Mapulanguene
154,32.30370308,-24.29164849,Mapulanguene
155,32.31372287,-25.13606486,Chichuco
156,32.31372287,-25.12708171,Panjane
157,32.31372287,-25.11809855,Panjane
158,32.31372287,-25.1091154,Panjane
159,32.31372287,-25.10013225,Panjane
160,32.31372287,-25.08216594,Panjane
161,32.31372287,-25.07318279,Panjane
162,32.31372287,-24.90250289,Panjane
163,32.31372287,-24.89351973,Panjane
164,32.31372287,-24.88453658,Panjane
165,32.31372287,-24.87555343,Panjane
166,32.31372287,-24.86657027,Panjane
167,32.31372287,-24.85758712,Panjane
168,32.31372287,-24.84860397,Panjane
169,32.31372287,-24.82165451,Panjane
170,32.31372287,-24.33656426,Mapulanguene
171,32.31372287,-24.28266534,Mapulanguene
172,32.31372287,-24.27368219,Mapulanguene
173,32.31372287,-24.26469903,Mapulanguene
174,32.31372287,-24.25571588,Mapulanguene
175,32.32374266,-25.12708171,Chichuco
176,32.32374266,-25.11809855,Panjane
177,32.32374266,-25.1091154,Panjane
178,32.32374266,-24.90250289,Panjane
179,32.32374266,-24.88453658,Panjane
180,32.32374266,-24.87555343,Panjane
181,32.32374266,-24.86657027,Panjane
182,32.32374266,-24.54317677,Mahel
183,32.32374266,-24.28266534,Mapulanguene
184,32.32374266,-24.25571588,Mapulanguene
185,32.33376244,-25.1091154,Panjane
186,32.33376244,-25.01030072,Panjane
187,32.33376244,-24.89351973,Panjane
188,32.33376244,-24.54317677,Mahel
189,32.33376244,-24.26469903,Mapulanguene
190,32.34378223,-25.1091154,Chichuco
191,32.34378223,-25.0911491,Panjane
192,32.34378223,-25.08216594,Panjane
193,32.34378223,-25.00131757,Panjane
194,32.34378223,-24.92945234,Panjane
195,32.34378223,-24.90250289,Panjane
196,32.34378223,-24.89351973,Panjane
197,32.34378223,-24.88453658,Panjane
198,32.34378223,-24.54317677,Mahel
199,32.34378223,-24.30063165,Mapulanguene
200,32.35380202,-25.15403117,Chichuco
201,32.35380202,-25.10013225,Chichuco
202,32.35380202,-25.08216594,Panjane
203,32.35380202,-25.07318279,Panjane
204,32.35380202,-25.03725018,Panjane
205,32.35380202,-25.00131757,Panjane
206,32.35380202,-24.9384355,Panjane
207,32.35380202,-24.92046919,Panjane
208,32.35380202,-24.90250289,Panjane
209,32.35380202,-24.89351973,Panjane
210,32.35380202,-24.88453658,Panjane
211,32.35380202,-24.55215993,Mahel
212,32.36382181,-25.16301432,Chichuco
213,32.36382181,-25.13606486,Chichuco
214,32.36382181,-25.12708171,Chichuco
215,32.36382181,-25.11809855,Chichuco
216,32.36382181,-25.0911491,Chichuco
217,32.36382181,-25.08216594,Panjane
218,32.36382181,-25.06419964,Panjane
219,32.36382181,-25.03725018,Panjane
220,32.36382181,-25.02826703,Panjane
221,32.36382181,-24.99233441,Panjane
222,32.36382181,-24.9564018,Panjane
223,32.36382181,-24.92046919,Panjane
224,32.36382181,-24.91148604,Panjane
225,32.36382181,-24.90250289,Panjane
226,32.36382181,-24.65995776,Mahel
227,32.36382181,-24.58809254,Mahel
228,32.37384159,-25.15403117,Chichuco
229,32.37384159,-25.12708171,Chichuco
230,32.37384159,-25.11809855,Chichuco
231,32.37384159,-25.0911491,Chichuco
232,32.37384159,-25.01030072,Panjane
233,32.37384159,-25.00131757,Panjane
234,32.37384159,-24.99233441,Panjane
235,32.37384159,-24.94741865,Panjane
236,32.37384159,-24.92945234,Panjane
237,32.37384159,-24.92046919,Panjane
238,32.37384159,-24.91148604,Panjane
239,32.37384159,-24.65097461,Mahel
240,32.37384159,-24.615042,Mahel
241,32.37384159,-24.60605884,Mahel
242,32.37384159,-24.59707569,Mahel
243,32.37384159,-24.58809254,Mahel
244,32.37384159,-24.57910938,Mahel
245,32.37384159,-24.57012623,Mahel
246,32.37384159,-24.56114308,Mahel
247,32.38386138,-25.18098062,Chichuco
248,32.38386138,-25.11809855,Chichuco
249,32.38386138,-25.1091154,Chichuco
250,32.38386138,-25.10013225,Chichuco
251,32.38386138,-25.08216594,Chichuco
252,32.38386138,-25.04623333,Panjane
253,32.38386138,-25.03725018,Panjane
254,32.38386138,-25.01030072,Panjane
255,32.38386138,-24.94741865,Panjane
256,32.38386138,-24.83962082,Panjane
257,32.38386138,-24.58809254,Mahel
258,32.38386138,-24.57910938,Mahel
259,32.38386138,-24.57012623,Mahel
260,32.38386138,-24.53419362,Mahel
261,32.39388117,-25.20793008,Chichuco
262,32.39388117,-25.19894693,Chichuco
263,32.39388117,-25.18996378,Chichuco
264,32.39388117,-25.17199747,Chichuco
265,32.39388117,-25.15403117,Chichuco
266,32.39388117,-25.11809855,Chichuco
267,32.39388117,-25.1091154,Chichuco
268,32.39388117,-25.0911491,Chichuco
269,32.39388117,-25.03725018,Panjane
270,32.39388117,-25.01030072,Panjane
271,32.39388117,-24.99233441,Panjane
272,32.39388117,-24.9384355,Panjane
273,32.39388117,-24.64199145,Mahel
274,32.39388117,-24.50724416,Mahel
275,32.39388117,-24.4623284,Mahel
276,32.40390095,-25.21691324,Chichuco
277,32.40390095,-25.16301432,Chichuco
278,32.40390095,-25.12708171,Chichuco
279,32.40390095,-25.11809855,Chichuco
280,32.40390095,-25.1091154,Chichuco
281,32.40390095,-25.10013225,Chichuco
282,32.40390095,-25.0911491,Chichuco
283,32.40390095,-25.02826703,Panjane
284,32.40390095,-25.01928387,Panjane
285,32.40390095,-24.98335126,Panjane
286,32.40390095,-24.96538496,Panjane
287,32.40390095,-24.9564018,Panjane
288,32.40390095,-24.65097461,Mahel
289,32.40390095,-24.47131155,Mahel
290,32.41392074,-25.21691324,Chichuco
291,32.41392074,-25.20793008,Chichuco
292,32.41392074,-25.19894693,Chichuco
293,32.41392074,-25.16301432,Chichuco
294,32.41392074,-25.14504801,Chichuco
295,32.41392074,-25.1091154,Chichuco
296,32.41392074,-25.10013225,Chichuco
297,32.41392074,-25.0911491,Chichuco
298,32.41392074,-25.03725018,Panjane
299,32.41392074,-24.98335126,Panjane
300,32.41392074,-24.9384355,Panjane
301,32.41392074,-24.89351973,Panjane
302,32.41392074,-24.62402515,Mahel
303,32.41392074,-24.4802947,Mahel
304,32.41392074,-24.47131155,Mahel
305,32.41392074,-24.4623284,Mahel
306,32.41392074,-24.45334524,Mahel
307,32.42394053,-25.27081215,Chichuco
308,32.42394053,-25.25284585,Chichuco
309,32.42394053,-25.24386269,Chichuco
310,32.42394053,-25.23487954,Chichuco
311,32.42394053,-25.22589639,Chichuco
312,32.42394053,-25.21691324,Chichuco
313,32.42394053,-25.16301432,Chichuco
314,32.42394053,-25.14504801,Chichuco
315,32.42394053,-25.13606486,Chichuco
316,32.42394053,-25.11809855,Chichuco
317,32.42394053,-25.10013225,Chichuco
318,32.42394053,-25.06419964,Chichuco
319,32.42394053,-25.05521648,Chichuco
320,32.42394053,-25.04623333,Chichuco
321,32.42394053,-25.03725018,Panjane
322,32.42394053,-25.02826703,Panjane
323,32.42394053,-25.01928387,Panjane
324,32.42394053,-24.98335126,Panjane
325,32.42394053,-24.85758712,Panjane
326,32.42394053,-24.64199145,Mahel
327,32.42394053,-24.47131155,Mahel
328,32.42394053,-24.4623284,Mahel
329,32.42394053,-24.28266534,Chicutso
330,32.43396032,-25.27979531,Chichuco
331,32.43396032,-25.27081215,Chichuco
332,32.43396032,-25.25284585,Chichuco
333,32.43396032,-25.24386269,Chichuco
334,32.43396032,-25.14504801,Chichuco
335,32.43396032,-25.13606486,Chichuco
336,32.43396032,-25.12708171,Chichuco
337,32.43396032,-25.11809855,Chichuco
338,32.43396032,-25.1091154,Chichuco
339,32.43396032,-25.10013225,Chichuco
340,32.43396032,-25.06419964,Chichuco
341,32.43396032,-25.04623333,Chichuco
342,32.43396032,-25.03725018,Chichuco
343,32.43396032,-25.02826703,Panjane
344,32.43396032,-25.01928387,Panjane
345,32.43396032,-25.01030072,Panjane
346,32.43396032,-24.69589037,Mahel
347,32.43396032,-24.68690722,Mahel
348,32.43396032,-24.64199145,Mahel
349,32.43396032,-24.6330083,Mahel
350,32.43396032,-24.62402515,Mahel
351,32.43396032,-24.615042,Mahel
352,32.43396032,-24.47131155,Chicutso
353,32.43396032,-24.4623284,Chicutso
354,32.43396032,-24.45334524,Chicutso
355,32.43396032,-24.29164849,Chicutso
356,32.43396032,-24.28266534,Chicutso
357,32.4439801,-25.27979531,Chichuco
358,32.4439801,-25.27081215,Chichuco
359,32.4439801,-25.23487954,Chichuco
360,32.4439801,-25.12708171,Chichuco
361,32.4439801,-25.1091154,Chichuco
362,32.4439801,-25.10013225,Chichuco
363,32.4439801,-25.08216594,Chichuco
364,32.4439801,-25.06419964,Chichuco
365,32.4439801,-25.05521648,Chichuco
366,32.4439801,-25.04623333,Chichuco
367,32.4439801,-24.83962082,Moine
368,32.4439801,-24.74080613,Mahel
369,32.4439801,-24.73182298,Mahel
370,32.4439801,-24.69589037,Mahel
371,32.4439801,-24.64199145,Mahel
372,32.4439801,-24.6330083,Mahel
373,32.4439801,-24.62402515,Mahel
374,32.4439801,-24.47131155,Chicutso
375,32.4439801,-24.4623284,Chicutso
376,32.4439801,-24.29164849,Chicutso
377,32.45399989,-25.27979531,Chichuco
378,32.45399989,-25.261829,Chichuco
379,32.45399989,-25.25284585,Chichuco
380,32.45399989,-25.24386269,Chichuco
381,32.45399989,-25.13606486,Chichuco
382,32.45399989,-25.1091154,Chichuco
383,32.45399989,-25.0911491,Chichuco
384,32.45399989,-25.08216594,Chichuco
385,32.45399989,-25.07318279,Chichuco
386,32.45399989,-24.77673875,Mahel
387,32.45399989,-24.71385668,Mahel
388,32.45399989,-24.3096148,Chicutso
389,32.45399989,-24.30063165,Chicutso
390,32.46401968,-25.27979531,Chichuco
391,32.46401968,-25.261829,Chichuco
392,32.46401968,-25.24386269,Chichuco
393,32.46401968,-25.23487954,Chichuco
394,32.46401968,-25.22589639,Chichuco
395,32.46401968,-25.21691324,Chichuco
396,32.46401968,-25.19894693,Chichuco
397,32.46401968,-25.17199747,Chichuco
398,32.46401968,-25.15403117,Chichuco
399,32.46401968,-25.14504801,Chichuco
400,32.46401968,-25.12708171,Chichuco
401,32.46401968,-25.11809855,Chichuco
402,32.46401968,-25.0911491,Chichuco
403,32.46401968,-25.08216594,Chichuco
404,32.46401968,-25.07318279,Chichuco
405,32.46401968,-24.7857219,Mahel
406,32.46401968,-24.67792407,Mahel
407,32.46401968,-24.66894091,Mahel
408,32.46401968,-24.47131155,Chicutso
409,32.46401968,-24.4623284,Chicutso
410,32.46401968,-24.31859795,Chicutso
411,32.46401968,-24.3096148,Chicutso
412,32.47403947,-25.28877846,Chichuco
413,32.47403947,-25.24386269,Chichuco
414,32.47403947,-25.21691324,Chichuco
415,32.47403947,-25.18098062,Chichuco
416,32.47403947,-25.17199747,Chichuco
417,32.47403947,-25.15403117,Chichuco
418,32.47403947,-25.14504801,Chichuco
419,32.47403947,-25.11809855,Chichuco
420,32.47403947,-25.1091154,Chichuco
421,32.47403947,-25.0911491,Chichuco
422,32.47403947,-24.96538496,Moine
423,32.47403947,-24.89351973,Moine
424,32.47403947,-24.85758712,Moine
425,32.47403947,-24.84860397,Moine
426,32.47403947,-24.83962082,Moine
427,32.47403947,-24.83063766,Moine
428,32.47403947,-24.7857219,Mahel
429,32.47403947,-24.77673875,Mahel
430,32.47403947,-24.76775559,Mahel
431,32.47403947,-24.47131155,Chicutso
432,32.48405925,-25.28877846,Chichuco
433,32.48405925,-25.261829,Chichuco
434,32.48405925,-25.21691324,Chichuco
435,32.48405925,-25.20793008,Chichuco
436,32.48405925,-25.18098062,Chichuco
437,32.48405925,-25.17199747,Chichuco
438,32.48405925,-25.16301432,Chichuco
439,32.48405925,-25.15403117,Chichuco
440,32.48405925,-25.14504801,Chichuco
441,32.48405925,-25.12708171,Chichuco
442,32.48405925,-25.11809855,Chichuco
443,32.48405925,-25.1091154,Chichuco
444,32.48405925,-25.10013225,Chichuco
445,32.48405925,-25.0911491,Chichuco
446,32.48405925,-25.08216594,Chichuco
447,32.48405925,-25.07318279,Chichuco
448,32.48405925,-24.85758712,Moine
449,32.48405925,-24.8036882,Moine
450,32.48405925,-24.79470505,Moine
451,32.48405925,-24.77673875,Mahel
452,32.48405925,-24.72283983,Mahel
453,32.48405925,-24.71385668,Mahel
454,32.48405925,-24.4623284,Chicutso
455,32.49407904,-25.27081215,Chichuco
456,32.49407904,-25.261829,Chichuco
457,32.49407904,-25.21691324,Chichuco
458,32.49407904,-25.20793008,Chichuco
459,32.49407904,-25.19894693,Chichuco
460,32.49407904,-25.18996378,Chichuco
461,32.49407904,-25.15403117,Chichuco
462,32.49407904,-25.14504801,Chichuco
463,32.49407904,-25.13606486,Chichuco
464,32.49407904,-25.12708171,Chichuco
465,32.49407904,-25.11809855,Chichuco
466,32.49407904,-25.1091154,Chichuco
467,32.49407904,-25.10013225,Chichuco
468,32.49407904,-25.0911491,Chichuco
469,32.49407904,-25.08216594,Chichuco
470,32.49407904,-25.07318279,Chichuco
471,32.49407904,-24.90250289,Moine
472,32.49407904,-24.86657027,Moine
473,32.49407904,-24.83063766,Moine
474,32.49407904,-24.81267136,Moine
475,32.49407904,-24.8036882,Moine
476,32.49407904,-24.74978929,Mahel
477,32.49407904,-24.74080613,Mahel
478,32.49407904,-24.73182298,Mahel
479,32.49407904,-24.47131155,Chicutso
480,32.50409883,-25.25284585,Chichuco
481,32.50409883,-25.24386269,Chichuco
482,32.50409883,-25.23487954,Chichuco
483,32.50409883,-25.22589639,Chichuco
484,32.50409883,-25.21691324,Chichuco
485,32.50409883,-25.12708171,Chichuco
486,32.50409883,-25.11809855,Chichuco
487,32.50409883,-25.1091154,Chichuco
488,32.50409883,-25.10013225,Chichuco
489,32.50409883,-25.0911491,Chichuco
490,32.50409883,-25.07318279,Chichuco
491,32.50409883,-24.90250289,Moine
492,32.50409883,-24.88453658,Moine
493,32.50409883,-24.87555343,Moine
494,32.50409883,-24.83962082,Moine
495,32.50409883,-24.83063766,Moine
496,32.50409883,-24.82165451,Moine
497,32.50409883,-24.81267136,Moine
498,32.50409883,-24.7857219,Mahel
499,32.50409883,-24.76775559,Mahel
500,32.50409883,-24.75877244,Mahel
501,32.50409883,-24.74978929,Mahel
502,32.50409883,-24.74080613,Mahel
503,32.50409883,-24.73182298,Mahel
504,32.51411861,-25.27979531,Chichuco
505,32.51411861,-25.27081215,Chichuco
506,32.51411861,-25.261829,Chichuco
507,32.51411861,-25.24386269,Chichuco
508,32.51411861,-25.19894693,Chichuco
509,32.51411861,-25.18996378,Chichuco
510,32.51411861,-25.17199747,Chichuco
511,32.51411861,-25.11809855,Chichuco
512,32.51411861,-25.10013225,Chichuco
513,32.51411861,-25.0911491,Chichuco
514,32.51411861,-25.07318279,Chichuco
515,32.51411861,-24.92945234,Moine
516,32.51411861,-24.92046919,Moine
517,32.51411861,-24.91148604,Moine
518,32.51411861,-24.90250289,Moine
519,32.51411861,-24.83962082,Moine
520,32.51411861,-24.83063766,Moine
521,32.51411861,-24.82165451,Moine
522,32.51411861,-24.81267136,Moine
523,32.51411861,-24.8036882,Moine
524,32.51411861,-24.79470505,Moine
525,32.51411861,-24.7857219,Moine
526,32.51411861,-24.77673875,Mahel
527,32.51411861,-24.76775559,Mahel
528,32.51411861,-24.75877244,Mahel
529,32.51411861,-24.74978929,Mahel
530,32.51411861,-24.72283983,Mahel
531,32.51411861,-24.71385668,Mahel
532,32.51411861,-24.70487352,Mahel
533,32.5241384,-25.23487954,Chichuco
534,32.5241384,-25.19894693,Chichuco
535,32.5241384,-25.18996378,Chichuco
536,32.5241384,-25.17199747,Chichuco
537,32.5241384,-25.16301432,Chichuco
538,32.5241384,-25.15403117,Chichuco
539,32.5241384,-25.10013225,Chichuco
540,32.5241384,-25.0911491,Chichuco
541,32.5241384,-25.08216594,Chichuco
542,32.5241384,-25.07318279,Chichuco
543,32.5241384,-25.05521648,Chichuco
544,32.5241384,-25.04623333,Chichuco
545,32.5241384,-24.9384355,Moine
546,32.5241384,-24.92945234,Moine
547,32.5241384,-24.92046919,Moine
548,32.5241384,-24.91148604,Moine
549,32.5241384,-24.90250289,Moine
550,32.5241384,-24.89351973,Moine
551,32.5241384,-24.88453658,Moine
552,32.5241384,-24.87555343,Moine
553,32.5241384,-24.86657027,Moine
554,32.5241384,-24.85758712,Moine
555,32.5241384,-24.84860397,Moine
556,32.5241384,-24.83962082,Moine
557,32.5241384,-24.83063766,Moine
558,32.5241384,-24.82165451,Moine
559,32.5241384,-24.8036882,Moine
560,32.5241384,-24.7857219,Moine
561,32.5241384,-24.74978929,Mahel
562,32.5241384,-24.74080613,Mahel
563,32.5241384,-24.73182298,Mahel
564,32.5241384,-24.72283983,Mahel
565,32.5241384,-24.70487352,Mahel
566,32.5241384,-24.62402515,Mahel
567,32.53415819,-25.18098062,Chichuco
568,32.53415819,-25.17199747,Chichuco
569,32.53415819,-25.16301432,Chichuco
570,32.53415819,-25.15403117,Chichuco
571,32.53415819,-25.14504801,Chichuco
572,32.53415819,-25.13606486,Chichuco
573,32.53415819,-25.12708171,Chichuco
574,32.53415819,-25.1091154,Chichuco
575,32.53415819,-25.10013225,Chichuco
576,32.53415819,-25.0911491,Chichuco
577,32.53415819,-25.08216594,Chichuco
578,32.53415819,-25.07318279,Chichuco
579,32.53415819,-25.04623333,Chichuco
580,32.53415819,-25.03725018,Chichuco
581,32.53415819,-25.02826703,Chichuco
582,32.53415819,-25.01030072,Magude-Sede
583,32.53415819,-24.99233441,Moine
584,32.53415819,-24.97436811,Moine
585,32.53415819,-24.96538496,Moine
586,32.53415819,-24.9564018,Moine
587,32.53415819,-24.94741865,Moine
588,32.53415819,-24.9384355,Moine
589,32.53415819,-24.92945234,Moine
590,32.53415819,-24.92046919,Moine
591,32.53415819,-24.91148604,Moine
592,32.53415819,-24.90250289,Moine
593,32.53415819,-24.89351973,Moine
594,32.53415819,-24.88453658,Moine
595,32.53415819,-24.86657027,Moine
596,32.53415819,-24.83962082,Moine
597,32.53415819,-24.83063766,Moine
598,32.53415819,-24.82165451,Moine
599,32.53415819,-24.81267136,Moine
600,32.53415819,-24.8036882,Moine
601,32.53415819,-24.79470505,Moine
602,32.53415819,-24.7857219,Moine
603,32.54417798,-25.17199747,Chichuco
604,32.54417798,-25.16301432,Chichuco
605,32.54417798,-25.15403117,Chichuco
606,32.54417798,-25.12708171,Chichuco
607,32.54417798,-25.10013225,Chichuco
608,32.54417798,-25.0911491,Chichuco
609,32.54417798,-25.08216594,Chichuco
610,32.54417798,-25.07318279,Chichuco
611,32.54417798,-25.06419964,Chichuco
612,32.54417798,-25.05521648,Chichuco
613,32.54417798,-25.04623333,Chichuco
614,32.54417798,-24.97436811,Moine
615,32.54417798,-24.96538496,Moine
616,32.54417798,-24.9564018,Moine
617,32.54417798,-24.94741865,Moine
618,32.54417798,-24.9384355,Moine
619,32.54417798,-24.92945234,Moine
620,32.54417798,-24.92046919,Moine
621,32.54417798,-24.91148604,Moine
622,32.54417798,-24.90250289,Moine
623,32.54417798,-24.89351973,Moine
624,32.54417798,-24.88453658,Moine
625,32.54417798,-24.87555343,Moine
626,32.54417798,-24.83063766,Moine
627,32.54417798,-24.8036882,Moine
628,32.55419776,-25.15403117,Chichuco
629,32.55419776,-25.14504801,Chichuco
630,32.55419776,-25.10013225,Chichuco
631,32.55419776,-25.0911491,Chichuco
632,32.55419776,-25.08216594,Chichuco
633,32.55419776,-25.07318279,Chichuco
634,32.55419776,-25.05521648,Chichuco
635,32.55419776,-25.04623333,Chichuco
636,32.55419776,-25.02826703,Magude-Sede
637,32.55419776,-24.99233441,Magude-Sede
638,32.55419776,-24.98335126,Magude-Sede
639,32.55419776,-24.97436811,Moine
640,32.55419776,-24.96538496,Moine
641,32.55419776,-24.9564018,Moine
642,32.55419776,-24.94741865,Moine
643,32.55419776,-24.9384355,Moine
644,32.55419776,-24.92945234,Moine
645,32.55419776,-24.92046919,Moine
646,32.55419776,-24.91148604,Moine
647,32.55419776,-24.88453658,Moine
648,32.55419776,-24.87555343,Moine
649,32.55419776,-24.85758712,Moine
650,32.55419776,-24.82165451,Moine
651,32.55419776,-24.8036882,Moine
652,32.56421755,-25.14504801,Chichuco
653,32.56421755,-25.13606486,Chichuco
654,32.56421755,-25.12708171,Chichuco
655,32.56421755,-25.11809855,Chichuco
656,32.56421755,-25.0911491,Chichuco
657,32.56421755,-25.08216594,Chichuco
658,32.56421755,-25.07318279,Chichuco
659,32.56421755,-25.04623333,Chichuco
660,32.56421755,-25.03725018,Magude-Sede
661,32.56421755,-25.02826703,Magude-Sede
662,32.56421755,-25.01928387,Magude-Sede
663,32.56421755,-25.01030072,Magude-Sede
664,32.56421755,-25.00131757,Magude-Sede
665,32.56421755,-24.99233441,Magude-Sede
666,32.56421755,-24.98335126,Magude-Sede
667,32.56421755,-24.97436811,Moine
668,32.56421755,-24.96538496,Moine
669,32.56421755,-24.9564018,Moine
670,32.56421755,-24.94741865,Moine
671,32.56421755,-24.9384355,Moine
672,32.56421755,-24.92945234,Moine
673,32.56421755,-24.92046919,Moine
674,32.56421755,-24.85758712,Moine
675,32.56421755,-24.8036882,Moine
676,32.56421755,-24.79470505,Moine
677,32.56421755,-24.73182298,Mahel
678,32.56421755,-24.66894091,Mahel
679,32.57423734,-25.13606486,Chichuco
680,32.57423734,-25.12708171,Chichuco
681,32.57423734,-25.08216594,Chichuco
682,32.57423734,-25.07318279,Chichuco
683,32.57423734,-25.06419964,Chichuco
684,32.57423734,-25.04623333,Magude-Sede
685,32.57423734,-25.03725018,Magude-Sede
686,32.57423734,-25.02826703,Magude-Sede
687,32.57423734,-25.01928387,Magude-Sede
688,32.57423734,-25.01030072,Magude-Sede
689,32.57423734,-25.00131757,Magude-Sede
690,32.57423734,-24.99233441,Magude-Sede
691,32.57423734,-24.97436811,Facazissa
692,32.57423734,-24.96538496,Moine
693,32.57423734,-24.9564018,Moine
694,32.57423734,-24.94741865,Moine
695,32.57423734,-24.9384355,Moine
696,32.57423734,-24.85758712,Moine
697,32.57423734,-24.7857219,Moine
698,32.57423734,-24.73182298,Mahel
699,32.58425712,-25.12708171,Chichuco
700,32.58425712,-25.11809855,Chichuco
701,32.58425712,-25.07318279,Chichuco
702,32.58425712,-25.06419964,Chichuco
703,32.58425712,-25.03725018,Magude-Sede
704,32.58425712,-25.02826703,Magude-Sede
705,32.58425712,-25.01030072,Magude-Sede
706,32.58425712,-25.00131757,Magude-Sede
707,32.58425712,-24.99233441,Magude-Sede
708,32.58425712,-24.98335126,Facazissa
709,32.58425712,-24.97436811,Facazissa
710,32.58425712,-24.96538496,Facazissa
711,32.58425712,-24.94741865,Moine
712,32.58425712,-24.9384355,Moine
713,32.59427691,-25.12708171,Chichuco
714,32.59427691,-25.11809855,Chichuco
715,32.59427691,-25.1091154,Chichuco
716,32.59427691,-25.10013225,Chichuco
717,32.59427691,-25.0911491,Chichuco
718,32.59427691,-25.08216594,Chichuco
719,32.59427691,-25.07318279,Chichuco
720,32.59427691,-25.06419964,Chichuco
721,32.59427691,-25.04623333,Magude-Sede
722,32.59427691,-25.03725018,Magude-Sede
723,32.59427691,-25.00131757,Magude-Sede
724,32.59427691,-24.99233441,Facazissa
725,32.59427691,-24.98335126,Facazissa
726,32.6042967,-25.11809855,Chichuco
727,32.6042967,-25.1091154,Chichuco
728,32.6042967,-25.10013225,Chichuco
729,32.6042967,-25.0911491,Chichuco
730,32.6042967,-25.08216594,Chichuco
731,32.6042967,-25.07318279,Chichuco
732,32.6042967,-25.06419964,Magude-Sede
733,32.6042967,-25.05521648,Magude-Sede
734,32.6042967,-25.04623333,Magude-Sede
735,32.6042967,-25.03725018,Magude-Sede
736,32.6042967,-25.02826703,Magude-Sede
737,32.6042967,-25.01928387,Magude-Sede
738,32.6042967,-25.01030072,Magude-Sede
739,32.6042967,-25.00131757,Magude-Sede
740,32.6042967,-24.99233441,Facazissa
741,32.6042967,-24.98335126,Facazissa
742,32.6042967,-24.92945234,Moine
743,32.6042967,-24.92046919,Moine
744,32.6042967,-24.83962082,Moine
745,32.6042967,-24.83063766,Moine
746,32.61431649,-25.11809855,Chichuco
747,32.61431649,-25.1091154,Chichuco
748,32.61431649,-25.10013225,Chichuco
749,32.61431649,-25.0911491,Chichuco
750,32.61431649,-25.06419964,Magude-Sede
751,32.61431649,-25.04623333,Magude-Sede
752,32.61431649,-25.03725018,Magude-Sede
753,32.61431649,-25.02826703,Magude-Sede
754,32.61431649,-25.01928387,Magude-Sede
755,32.61431649,-25.01030072,Magude-Sede
756,32.61431649,-25.00131757,Facazissa
757,32.61431649,-24.99233441,Facazissa
758,32.61431649,-24.98335126,Facazissa
759,32.61431649,-24.9564018,Facazissa
760,32.61431649,-24.83063766,Moine
761,32.61431649,-24.82165451,Moine
762,32.62433627,-25.1091154,Chichuco
763,32.62433627,-25.10013225,Chichuco
764,32.62433627,-25.0911491,Chichuco
765,32.62433627,-25.08216594,Magude-Sede
766,32.62433627,-25.07318279,Magude-Sede
767,32.62433627,-25.05521648,Magude-Sede
768,32.62433627,-25.04623333,Magude-Sede
769,32.62433627,-25.03725018,Magude-Sede
770,32.62433627,-25.02826703,Magude-Sede
771,32.62433627,-25.01928387,Magude-Sede
772,32.62433627,-25.01030072,Facazissa
773,32.62433627,-24.96538496,Facazissa
774,32.62433627,-24.9564018,Facazissa
775,32.62433627,-24.92046919,Moine
776,32.62433627,-24.89351973,Moine
777,32.62433627,-24.83962082,Moine
778,32.62433627,-24.83063766,Moine
779,32.62433627,-24.82165451,Moine
780,32.62433627,-24.81267136,Moine
781,32.62433627,-24.7857219,Moine
782,32.62433627,-24.75877244,Moine
783,32.63435606,-25.10013225,Chichuco
784,32.63435606,-25.0911491,Magude-Sede
785,32.63435606,-25.08216594,Magude-Sede
786,32.63435606,-25.07318279,Magude-Sede
787,32.63435606,-25.05521648,Magude-Sede
788,32.63435606,-25.04623333,Magude-Sede
789,32.63435606,-25.03725018,Magude-Sede
790,32.63435606,-25.02826703,Magude-Sede
791,32.63435606,-25.01928387,Magude-Sede
792,32.63435606,-25.01030072,Facazissa
793,32.63435606,-25.00131757,Facazissa
794,32.63435606,-24.99233441,Facazissa
795,32.63435606,-24.98335126,Facazissa
796,32.63435606,-24.97436811,Facazissa
797,32.63435606,-24.96538496,Facazissa
798,32.63435606,-24.9564018,Facazissa
799,32.63435606,-24.94741865,Facazissa
800,32.63435606,-24.87555343,Moine
801,32.63435606,-24.85758712,Moine
802,32.63435606,-24.83962082,Moine
803,32.63435606,-24.83063766,Moine
804,32.63435606,-24.82165451,Moine
805,32.63435606,-24.75877244,Moine
806,32.63435606,-24.74978929,Moine
807,32.63435606,-24.74080613,Chicutso
808,32.63435606,-24.73182298,Chicutso
809,32.64437585,-25.19894693,Chichuco
810,32.64437585,-25.0911491,Magude-Sede
811,32.64437585,-25.07318279,Magude-Sede
812,32.64437585,-25.06419964,Magude-Sede
813,32.64437585,-25.05521648,Magude-Sede
814,32.64437585,-25.04623333,Magude-Sede
815,32.64437585,-25.03725018,Magude-Sede
816,32.64437585,-25.02826703,Magude-Sede
817,32.64437585,-25.01928387,Facazissa
818,32.64437585,-25.01030072,Facazissa
819,32.64437585,-25.00131757,Facazissa
820,32.64437585,-24.99233441,Facazissa
821,32.64437585,-24.98335126,Facazissa
822,32.64437585,-24.97436811,Facazissa
823,32.64437585,-24.96538496,Facazissa
824,32.64437585,-24.9564018,Facazissa
825,32.64437585,-24.94741865,Facazissa
826,32.64437585,-24.92046919,Facazissa
827,32.64437585,-24.91148604,Moine
828,32.64437585,-24.88453658,Moine
829,32.64437585,-24.85758712,Moine
830,32.64437585,-24.83063766,Moine
831,32.64437585,-24.76775559,Moine
832,32.64437585,-24.75877244,Moine
833,32.64437585,-24.74080613,Chicutso
834,32.64437585,-24.73182298,Chicutso
835,32.64437585,-24.69589037,Chicutso
836,32.65439563,-25.19894693,Chichuco
837,32.65439563,-25.18996378,Chichuco
838,32.65439563,-25.18098062,Chichuco
839,32.65439563,-25.17199747,Chichuco
840,32.65439563,-25.16301432,Chichuco
841,32.65439563,-25.15403117,Chichuco
842,32.65439563,-25.11809855,Chichuco
843,32.65439563,-25.1091154,Chichuco
844,32.65439563,-25.10013225,Magude-Sede
845,32.65439563,-25.0911491,Magude-Sede
846,32.65439563,-25.08216594,Magude-Sede
847,32.65439563,-25.07318279,Magude-Sede
848,32.65439563,-25.06419964,Magude-Sede
849,32.65439563,-25.05521648,Magude-Sede
850,32.65439563,-25.04623333,Magude-Sede
851,32.65439563,-25.03725018,Magude-Sede
852,32.65439563,-25.02826703,Magude-Sede
853,32.65439563,-25.01928387,Facazissa
854,32.65439563,-25.01030072,Facazissa
855,32.65439563,-25.00131757,Facazissa
856,32.65439563,-24.99233441,Facazissa
857,32.65439563,-24.98335126,Facazissa
858,32.65439563,-24.97436811,Facazissa
859,32.65439563,-24.96538496,Facazissa
860,32.65439563,-24.9564018,Facazissa
861,32.65439563,-24.94741865,Facazissa
862,32.65439563,-24.92945234,Facazissa
863,32.65439563,-24.92046919,Facazissa
864,32.65439563,-24.88453658,Moine
865,32.65439563,-24.87555343,Moine
866,32.65439563,-24.86657027,Moine
867,32.65439563,-24.84860397,Moine
868,32.65439563,-24.83962082,Moine
869,32.65439563,-24.83063766,Moine
870,32.65439563,-24.82165451,Moine
871,32.65439563,-24.81267136,Moine
872,32.65439563,-24.8036882,Moine
873,32.65439563,-24.77673875,Moine
874,32.65439563,-24.74978929,Moine
875,32.65439563,-24.74080613,Chicutso
876,32.65439563,-24.58809254,Chicutso
877,32.65439563,-24.57910938,Chicutso
878,32.65439563,-24.57012623,Chicutso
879,32.65439563,-24.56114308,Chicutso
880,32.66441542,-25.19894693,Chichuco
881,32.66441542,-25.18098062,Chichuco
882,32.66441542,-25.17199747,Chichuco
883,32.66441542,-25.16301432,Chichuco
884,32.66441542,-25.12708171,Chichuco
885,32.66441542,-25.11809855,Chichuco
886,32.66441542,-25.1091154,Magude-Sede
887,32.66441542,-25.10013225,Magude-Sede
888,32.66441542,-25.0911491,Magude-Sede
889,32.66441542,-25.08216594,Magude-Sede
890,32.66441542,-25.07318279,Magude-Sede
891,32.66441542,-25.06419964,Magude-Sede
892,32.66441542,-25.04623333,Magude-Sede
893,32.66441542,-25.03725018,Magude-Sede
894,32.66441542,-25.02826703,Facazissa
895,32.66441542,-25.01928387,Facazissa
896,32.66441542,-25.01030072,Facazissa
897,32.66441542,-25.00131757,Facazissa
898,32.66441542,-24.99233441,Facazissa
899,32.66441542,-24.98335126,Facazissa
900,32.66441542,-24.97436811,Facazissa
901,32.66441542,-24.96538496,Facazissa
902,32.66441542,-24.9564018,Facazissa
903,32.66441542,-24.94741865,Facazissa
904,32.66441542,-24.92945234,Facazissa
905,32.66441542,-24.92046919,Facazissa
906,32.66441542,-24.91148604,Facazissa
907,32.66441542,-24.90250289,Facazissa
908,32.66441542,-24.89351973,Moine
909,32.66441542,-24.88453658,Moine
910,32.66441542,-24.87555343,Moine
911,32.66441542,-24.84860397,Moine
912,32.66441542,-24.83962082,Moine
913,32.66441542,-24.83063766,Moine
914,32.66441542,-24.82165451,Moine
915,32.66441542,-24.76775559,Moine
916,32.66441542,-24.75877244,Moine
917,32.66441542,-24.74978929,Chicutso
918,32.66441542,-24.62402515,Chicutso
919,32.66441542,-24.57910938,Chicutso
920,32.66441542,-24.57012623,Chicutso
921,32.66441542,-24.56114308,Chicutso
922,32.66441542,-24.48927786,Chicutso
923,32.67443521,-25.19894693,Chichuco
924,32.67443521,-25.18996378,Chichuco
925,32.67443521,-25.15403117,Chichuco
926,32.67443521,-25.14504801,Chichuco
927,32.67443521,-25.1091154,Magude-Sede
928,32.67443521,-25.10013225,Magude-Sede
929,32.67443521,-25.0911491,Magude-Sede
930,32.67443521,-25.08216594,Magude-Sede
931,32.67443521,-25.07318279,Magude-Sede
932,32.67443521,-25.03725018,Facazissa
933,32.67443521,-25.02826703,Facazissa
934,32.67443521,-25.01030072,Facazissa
935,32.67443521,-25.00131757,Facazissa
936,32.67443521,-24.99233441,Facazissa
937,32.67443521,-24.98335126,Facazissa
938,32.67443521,-24.97436811,Facazissa
939,32.67443521,-24.96538496,Facazissa
940,32.67443521,-24.94741865,Facazissa
941,32.67443521,-24.92945234,Facazissa
942,32.67443521,-24.92046919,Facazissa
943,32.67443521,-24.91148604,Facazissa
944,32.67443521,-24.90250289,Facazissa
945,32.67443521,-24.89351973,Facazissa
946,32.67443521,-24.88453658,Moine
947,32.67443521,-24.87555343,Moine
948,32.67443521,-24.86657027,Moine
949,32.67443521,-24.85758712,Moine
950,32.67443521,-24.84860397,Moine
951,32.67443521,-24.83962082,Moine
952,32.67443521,-24.83063766,Moine
953,32.67443521,-24.76775559,Motaze
954,32.67443521,-24.75877244,Motaze
955,32.67443521,-24.74978929,Motaze
956,32.684455,-25.18996378,Chichuco
957,32.684455,-25.17199747,Chichuco
958,32.684455,-25.16301432,Chichuco
959,32.684455,-25.0911491,Magude-Sede
960,32.684455,-25.08216594,Magude-Sede
961,32.684455,-25.07318279,Magude-Sede
962,32.684455,-25.04623333,Magude-Sede
963,32.684455,-25.03725018,Facazissa
964,32.684455,-25.02826703,Facazissa
965,32.684455,-25.01928387,Facazissa
966,32.684455,-25.01030072,Facazissa
967,32.684455,-25.00131757,Facazissa
968,32.684455,-24.99233441,Facazissa
969,32.684455,-24.98335126,Facazissa
970,32.684455,-24.96538496,Facazissa
971,32.684455,-24.9564018,Facazissa
972,32.684455,-24.94741865,Facazissa
973,32.684455,-24.92945234,Facazissa
974,32.684455,-24.92046919,Facazissa
975,32.684455,-24.91148604,Facazissa
976,32.684455,-24.90250289,Facazissa
977,32.684455,-24.89351973,Facazissa
978,32.684455,-24.88453658,Facazissa
979,32.684455,-24.87555343,Moine
980,32.684455,-24.86657027,Moine
981,32.69447478,-25.0911491,Magude-Sede
982,32.69447478,-25.08216594,Magude-Sede
983,32.69447478,-25.07318279,Magude-Sede
984,32.69447478,-25.06419964,Magude-Sede
985,32.69447478,-25.04623333,Facazissa
986,32.69447478,-25.03725018,Facazissa
987,32.69447478,-25.02826703,Facazissa
988,32.69447478,-25.01928387,Facazissa
989,32.69447478,-25.01030072,Facazissa
990,32.69447478,-25.00131757,Facazissa
991,32.69447478,-24.9384355,Facazissa
992,32.69447478,-24.92945234,Facazissa
993,32.69447478,-24.92046919,Facazissa
994,32.69447478,-24.91148604,Facazissa
995,32.69447478,-24.90250289,Facazissa
996,32.69447478,-24.57910938,Chicutso
997,32.69447478,-24.57012623,Chicutso
998,32.69447478,-24.52521047,Chicutso
999,32.69447478,-24.51622731,Chicutso
1000,32.69447478,-24.50724416,Chicutso
1001,32.70449457,-25.17199747,Chichuco
1002,32.70449457,-25.08216594,Magude-Sede
1003,32.70449457,-25.07318279,Magude-Sede
1004,32.70449457,-25.06419964,Magude-Sede
1005,32.70449457,-25.05521648,Magude-Sede
1006,32.70449457,-25.04623333,Facazissa
1007,32.70449457,-25.03725018,Facazissa
1008,32.70449457,-25.02826703,Facazissa
1009,32.70449457,-25.01928387,Facazissa
1010,32.70449457,-25.01030072,Facazissa
1011,32.70449457,-25.00131757,Facazissa
1012,32.70449457,-24.94741865,Facazissa
1013,32.70449457,-24.92945234,Facazissa
1014,32.70449457,-24.90250289,Facazissa
1015,32.70449457,-24.89351973,Facazissa
1016,32.70449457,-24.57910938,Chicutso
1017,32.70449457,-24.57012623,Chicutso
1018,32.70449457,-24.52521047,Chicutso
1019,32.70449457,-24.51622731,Chicutso
1020,32.71451436,-25.07318279,Magude-Sede
1021,32.71451436,-25.06419964,Magude-Sede
1022,32.71451436,-25.05521648,Facazissa
1023,32.71451436,-25.04623333,Facazissa
1024,32.71451436,-25.03725018,Facazissa
1025,32.71451436,-25.02826703,Facazissa
1026,32.71451436,-25.01030072,Facazissa
1027,32.71451436,-25.00131757,Facazissa
1028,32.71451436,-24.9384355,Facazissa
1029,32.71451436,-24.92945234,Facazissa
1030,32.71451436,-24.88453658,Facazissa
1031,32.71451436,-24.57910938,Chicutso
1032,32.71451436,-24.57012623,Chicutso
1033,32.71451436,-24.56114308,Chicutso
1034,32.72453415,-25.16301432,Chichuco
1035,32.72453415,-25.15403117,Magude-Sede
1036,32.72453415,-25.08216594,Magude-Sede
1037,32.72453415,-25.07318279,Magude-Sede
1038,32.72453415,-25.06419964,Facazissa
1039,32.72453415,-25.05521648,Facazissa
1040,32.72453415,-25.04623333,Facazissa
1041,32.72453415,-25.03725018,Facazissa
1042,32.72453415,-25.02826703,Facazissa
1043,32.72453415,-25.01030072,Facazissa
1044,32.72453415,-25.00131757,Facazissa
1045,32.72453415,-24.94741865,Facazissa
1046,32.72453415,-24.9384355,Facazissa
1047,32.72453415,-24.92945234,Facazissa
1048,32.72453415,-24.92046919,Facazissa
1049,32.72453415,-24.8036882,Motaze
1050,32.72453415,-24.57012623,Chicutso
1051,32.72453415,-24.56114308,Chicutso
1052,32.73455393,-25.16301432,Magude-Sede
1053,32.73455393,-25.14504801,Magude-Sede
1054,32.73455393,-25.08216594,Magude-Sede
1055,32.73455393,-25.07318279,Magude-Sede
1056,32.73455393,-25.05521648,Facazissa
1057,32.73455393,-25.04623333,Facazissa
1058,32.73455393,-25.01928387,Facazissa
1059,32.73455393,-25.01030072,Facazissa
1060,32.73455393,-25.00131757,Facazissa
1061,32.73455393,-24.57910938,Chicutso
1062,32.73455393,-24.56114308,Chicutso
1063,32.73455393,-24.55215993,Chicutso
1064,32.74457372,-25.08216594,Magude-Sede
1065,32.74457372,-25.07318279,Facazissa
1066,32.74457372,-25.01928387,Facazissa
1067,32.74457372,-25.00131757,Facazissa
1068,32.74457372,-24.96538496,Facazissa
1069,32.74457372,-24.9564018,Facazissa
1070,32.74457372,-24.58809254,Chicutso
1071,32.74457372,-24.57910938,Chicutso
1072,32.74457372,-24.57012623,Chicutso
1073,32.75459351,-25.07318279,Facazissa
1074,32.75459351,-25.06419964,Facazissa
1075,32.75459351,-25.05521648,Facazissa
1076,32.75459351,-25.04623333,Facazissa
1077,32.75459351,-25.03725018,Facazissa
1078,32.75459351,-25.02826703,Facazissa
1079,32.75459351,-24.96538496,Facazissa
1080,32.75459351,-24.9564018,Facazissa
1081,32.75459351,-24.94741865,Facazissa
1082,32.75459351,-24.60605884,Chicutso
1083,32.75459351,-24.59707569,Chicutso
1084,32.75459351,-24.58809254,Chicutso
1085,32.75459351,-24.57910938,Chicutso
1086,32.76461329,-25.06419964,Facazissa
1087,32.76461329,-25.05521648,Facazissa
1088,32.76461329,-25.04623333,Facazissa
1089,32.76461329,-24.96538496,Facazissa
1090,32.76461329,-24.9564018,Facazissa
1091,32.76461329,-24.94741865,Facazissa
1092,32.76461329,-24.92945234,Facazissa
1093,32.76461329,-24.6330083,Chicutso
1094,32.76461329,-24.62402515,Chicutso
1095,32.76461329,-24.615042,Chicutso
1096,32.76461329,-24.60605884,Chicutso
1097,32.77463308,-25.0911491,Facazissa
1098,32.77463308,-25.06419964,Facazissa
1099,32.77463308,-25.05521648,Facazissa
1100,32.77463308,-25.04623333,Facazissa
1101,32.77463308,-25.03725018,Facazissa
1102,32.77463308,-25.02826703,Facazissa
1103,32.77463308,-25.01928387,Facazissa
1104,32.77463308,-25.01030072,Facazissa
1105,32.77463308,-24.94741865,Facazissa
1106,32.77463308,-24.9384355,Facazissa
1107,32.77463308,-24.92945234,Facazissa
1108,32.77463308,-24.64199145,Chicutso
1109,32.77463308,-24.62402515,Chicutso
1110,32.77463308,-24.615042,Chicutso
1111,32.78465287,-25.06419964,Facazissa
1112,32.78465287,-25.05521648,Facazissa
1113,32.78465287,-25.04623333,Facazissa
1114,32.78465287,-25.03725018,Facazissa
1115,32.78465287,-25.02826703,Facazissa
1116,32.78465287,-25.01928387,Facazissa
1117,32.78465287,-25.01030072,Facazissa
1118,32.78465287,-24.96538496,Facazissa
1119,32.78465287,-24.94741865,Facazissa
1120,32.78465287,-24.9384355,Facazissa
1121,32.78465287,-24.64199145,Chicutso
1122,32.78465287,-24.6330083,Chicutso
1123,32.78465287,-24.62402515,Chicutso
1124,32.79467266,-25.06419964,Facazissa
1125,32.79467266,-25.05521648,Facazissa
1126,32.79467266,-25.04623333,Facazissa
1127,32.79467266,-25.03725018,Facazissa
1128,32.79467266,-24.96538496,Facazissa
1129,32.79467266,-24.65995776,Chicutso
1130,32.79467266,-24.64199145,Chicutso
1131,32.80469244,-25.06419964,Facazissa
1132,32.80469244,-25.04623333,Facazissa
1133,32.80469244,-24.68690722,Motaze
1134,32.80469244,-24.67792407,Motaze
1135,32.80469244,-24.65995776,Motaze
1136,32.80469244,-24.65097461,Chicutso
1137,32.80469244,-24.64199145,Chicutso
1138,32.81471223,-25.07318279,Facazissa
1139,32.81471223,-25.06419964,Facazissa
1140,32.81471223,-25.04623333,Facazissa
1141,32.81471223,-25.02826703,Facazissa
1142,32.81471223,-24.97436811,Facazissa
1143,32.81471223,-24.77673875,Motaze
1144,32.81471223,-24.76775559,Motaze
1145,32.81471223,-24.74978929,Motaze
1146,32.81471223,-24.68690722,Motaze
1147,32.81471223,-24.67792407,Motaze
1148,32.81471223,-24.66894091,Motaze
1149,32.81471223,-24.65995776,Motaze
1150,32.82473202,-25.07318279,Facazissa
1151,32.82473202,-25.03725018,Facazissa
1152,32.82473202,-25.02826703,Facazissa
1153,32.82473202,-25.01928387,Facazissa
1154,32.82473202,-24.97436811,Facazissa
1155,32.82473202,-24.96538496,Facazissa
1156,32.82473202,-24.76775559,Motaze
1157,32.82473202,-24.74978929,Motaze
1158,32.82473202,-24.74080613,Motaze
1159,32.82473202,-24.72283983,Motaze
1160,32.82473202,-24.71385668,Motaze
1161,32.82473202,-24.68690722,Motaze
1162,32.82473202,-24.67792407,Motaze
1163,32.8347518,-25.08216594,Facazissa
1164,32.8347518,-25.07318279,Facazissa
1165,32.8347518,-25.06419964,Facazissa
1166,32.8347518,-25.01928387,Facazissa
1167,32.8347518,-25.01030072,Facazissa
1168,32.8347518,-24.97436811,Facazissa
1169,32.8347518,-24.96538496,Motaze
1170,32.8347518,-24.81267136,Motaze
1171,32.8347518,-24.8036882,Motaze
1172,32.8347518,-24.79470505,Motaze
1173,32.8347518,-24.7857219,Motaze
1174,32.8347518,-24.77673875,Motaze
1175,32.8347518,-24.76775559,Motaze
1176,32.8347518,-24.75877244,Motaze
1177,32.8347518,-24.74978929,Motaze
1178,32.8347518,-24.74080613,Motaze
1179,32.8347518,-24.73182298,Motaze
1180,32.8347518,-24.72283983,Motaze
1181,32.84477159,-25.08216594,Facazissa
1182,32.84477159,-25.07318279,Facazissa
1183,32.84477159,-25.06419964,Facazissa
1184,32.84477159,-25.05521648,Facazissa
1185,32.84477159,-25.01928387,Facazissa
1186,32.84477159,-25.01030072,Facazissa
1187,32.84477159,-24.97436811,Motaze
1188,32.84477159,-24.96538496,Motaze
1189,32.84477159,-24.83962082,Motaze
1190,32.84477159,-24.8036882,Motaze
1191,32.84477159,-24.79470505,Motaze
1192,32.84477159,-24.7857219,Motaze
1193,32.84477159,-24.77673875,Motaze
1194,32.84477159,-24.76775559,Motaze
1195,32.84477159,-24.75877244,Motaze
1196,32.84477159,-24.74978929,Motaze
1197,32.84477159,-24.74080613,Motaze
1198,32.84477159,-24.73182298,Motaze
1199,32.85479138,-25.0911491,Facazissa
1200,32.85479138,-25.08216594,Facazissa
1201,32.85479138,-25.06419964,Facazissa
1202,32.85479138,-25.02826703,Facazissa
1203,32.85479138,-25.01928387,Facazissa
1204,32.85479138,-25.01030072,Facazissa
1205,32.85479138,-24.97436811,Motaze
1206,32.85479138,-24.96538496,Motaze
1207,32.85479138,-24.84860397,Motaze
1208,32.85479138,-24.83962082,Motaze
1209,32.85479138,-24.81267136,Motaze
1210,32.85479138,-24.8036882,Motaze
1211,32.85479138,-24.79470505,Motaze
1212,32.85479138,-24.7857219,Motaze
1213,32.85479138,-24.77673875,Motaze
1214,32.85479138,-24.76775559,Motaze
1215,32.85479138,-24.75877244,Motaze
1216,32.85479138,-24.74978929,Motaze
1217,32.86481117,-25.10013225,Facazissa
1218,32.86481117,-25.06419964,Facazissa
1219,32.86481117,-25.05521648,Facazissa
1220,32.86481117,-25.02826703,Facazissa
1221,32.86481117,-25.01928387,Facazissa
1222,32.86481117,-24.85758712,Motaze
1223,32.86481117,-24.84860397,Motaze
1224,32.86481117,-24.83962082,Motaze
1225,32.86481117,-24.82165451,Motaze
1226,32.86481117,-24.81267136,Motaze
1227,32.86481117,-24.8036882,Motaze
1228,32.87483095,-25.02826703,Facazissa
1229,32.87483095,-25.01928387,Facazissa
1230,32.87483095,-24.85758712,Motaze
1231,32.88485074,-24.96538496,Motaze
1232,32.88485074,-24.9384355,Motaze
1233,32.88485074,-24.92945234,Motaze
1234,32.88485074,-24.87555343,Motaze
1235,32.88485074,-24.86657027,Motaze
1236,32.88485074,-24.85758712,NONE
1237,32.88485074,-24.83962082,Motaze
1238,32.88485074,-24.83063766,Motaze
1239,32.88485074,-24.81267136,Motaze
1240,32.89487053,-24.96538496,Motaze
1241,32.89487053,-24.9564018,Motaze
1242,32.89487053,-24.94741865,Motaze
1243,32.89487053,-24.9384355,Motaze
1244,32.89487053,-24.92945234,Motaze
1245,32.89487053,-24.92046919,Motaze
1246,32.89487053,-24.91148604,Motaze
1247,32.89487053,-24.90250289,Motaze
1248,32.89487053,-24.89351973,Motaze
1249,32.89487053,-24.88453658,Motaze
1250,32.89487053,-24.84860397,Motaze
1251,32.89487053,-24.83962082,Motaze
1252,32.89487053,-24.83063766,Motaze
1253,32.89487053,-24.82165451,Motaze
1254,32.89487053,-24.81267136,Motaze
1255,32.90489032,-24.92945234,Motaze
1256,32.90489032,-24.92046919,Motaze
1257,32.90489032,-24.91148604,Motaze
1258,32.90489032,-24.90250289,Motaze
1259,32.90489032,-24.89351973,Motaze
1260,32.90489032,-24.88453658,Motaze
1261,32.90489032,-24.84860397,Motaze
1262,32.90489032,-24.83962082,Motaze
1263,32.90489032,-24.83063766,Motaze
1264,32.90489032,-24.82165451,Motaze
1265,32.90489032,-24.81267136,Motaze
1266,32.9149101,-24.92046919,Motaze
1267,32.9149101,-24.91148604,Motaze
1268,32.9149101,-24.90250289,Motaze
1269,32.9149101,-24.85758712,Motaze
1270,32.9149101,-24.84860397,Motaze
1271,32.9149101,-24.83962082,Motaze
1272,32.9149101,-24.83063766,Motaze
1273,32.9149101,-24.81267136,Motaze
1274,32.92492989,-24.91148604,Motaze
1275,32.92492989,-24.90250289,Motaze
1276,32.92492989,-24.85758712,Motaze
1277,32.92492989,-24.84860397,Motaze
1278,32.92492989,-24.83962082,Motaze
1279,32.92492989,-24.83063766,Motaze
1280,32.93494968,-24.85758712,Motaze
1281,32.93494968,-24.83962082,Motaze
1282,32.93494968,-24.83063766,Motaze
1283,32.93494968,-24.81267136,Motaze
1284,32.93494968,-24.8036882,Motaze
1285,32.93494968,-24.79470505,Motaze
1286,32.93494968,-24.7857219,Motaze
1287,32.94496946,-24.83962082,Motaze
1288,32.94496946,-24.82165451,Motaze
1289,32.94496946,-24.81267136,Motaze
1290,32.94496946,-24.8036882,Motaze
1291,32.94496946,-24.79470505,Motaze
1292,32.94496946,-24.77673875,Motaze
1293,32.95498925,-24.83063766,Motaze
1294,32.95498925,-24.82165451,Motaze
1295,32.95498925,-24.81267136,Motaze
1296,32.95498925,-24.8036882,Motaze
1297,32.96500904,-24.83063766,Motaze
1298,32.96500904,-24.82165451,Motaze
1299,32.96500904,-24.81267136,Motaze
1300,32.97502883,-24.83063766,NONE
1301,32.98504861,-24.82165451,Motaze
